geo,name,1800,1801,1802,1803,1804,1805,1806,1807,1808,1809,1810,1811,1812,1813,1814,1815,1816,1817,1818,1819,1820,1821,1822,1823,1824,1825,1826,1827,1828,1829,1830,1831,1832,1833,1834,1835,1836,1837,1838,1839,1840,1841,1842,1843,1844,1845,1846,1847,1848,1849,1850,1851,1852,1853,1854,1855,1856,1857,1858,1859,1860,1861,1862,1863,1864,1865,1866,1867,1868,1869,1870,1871,1872,1873,1874,1875,1876,1877,1878,1879,1880,1881,1882,1883,1884,1885,1886,1887,1888,1889,1890,1891,1892,1893,1894,1895,1896,1897,1898,1899,1900,1901,1902,1903,1904,1905,1906,1907,1908,1909,1910,1911,1912,1913,1914,1915,1916,1917,1918,1919,1920,1921,1922,1923,1924,1925,1926,1927,1928,1929,1930,1931,1932,1933,1934,1935,1936,1937,1938,1939,1940,1941,1942,1943,1944,1945,1946,1947,1948,1949,1950,1951,1952,1953,1954,1955,1956,1957,1958,1959,1960,1961,1962,1963,1964,1965,1966,1967,1968,1969,1970,1971,1972,1973,1974,1975,1976,1977,1978,1979,1980,1981,1982,1983,1984,1985,1986,1987,1988,1989,1990,1991,1992,1993,1994,1995,1996,1997,1998,1999,2000,2001,2002,2003,2004,2005,2006,2007,2008,2009,2010,2011,2012,2013,2014,2015,2016,2017,2018,2019,2020,2021,2022,2023,2024,2025,2026,2027,2028,2029,2030,2031,2032,2033,2034,2035,2036,2037,2038,2039,2040,2041,2042,2043,2044,2045,2046,2047,2048,2049,2050,2051,2052,2053,2054,2055,2056,2057,2058,2059,2060,2061,2062,2063,2064,2065,2066,2067,2068,2069,2070,2071,2072,2073,2074,2075,2076,2077,2078,2079,2080,2081,2082,2083,2084,2085,2086,2087,2088,2089,2090,2091,2092,2093,2094,2095,2096,2097,2098,2099,2100
afg,Afghanistan,3082964,3082964,3082964,3082964,3082964,3082964,3082964,3082964,3082964,3082964,3082964,3082964,3082964,3082964,3082964,3082964,3082964,3082964,3082964,3085720,3091256,3099565,3110672,3124591,3138567,3152611,3166723,3180884,3195109,3209402,3223764,3238193,3252675,3267226,3270956,3285591,3300296,3315052,3329889,3344782,3359745,3374776,3389872,3405001,3419317,3433703,3424619,3439415,3444780,3458524,3476822,3563278,3583050,3599057,3621822,3509894,3560059,3460132,3388083,3435898,3382388,3555111,3598403,3620169,3691018,3717240,3757063,3779784,3805431,3834839,3828072,3800339,3788696,3828035,3904436,3911326,3939954,3904398,3909851,3932350,3945993,3928273,3792899,3868831,3914440,3895735,3926981,4020987,4119133,4141098,4168729,4170990,4197210,4200063,4230122,4226036,4249217,4189165,4152989,4141949,4155034,4246353,4248152,4294927,4288566,4327937,4334700,4335111,4470397,4718237,5017127,5258906,5610583,5966154,6377652,6695725,7126288,7431890,8121257,8524032,8780824,8852055,8678561,8305214,7898208,7606743,7132133,6712051,6397479,6170105,5983259,5876088,5843039,5829906,5844636,5813332,5833221,5824319,5851535,5849285,5981546,6096889,6183136,6265180,6379185,6456789,6537278,6615089,6701136,6832046,6927296,6952381,7026364,7096055,7173283,7306873,7318977,7532703,7558468,7657980,7842189,8041535,8160008,8328662,8427818,8656390,8931001,9136330,9382748,9636022,9808046,10131283,10912978,11203122,11382126,11626099,11766394,12289374,12425915,12582644,12171461,10739814,10079865,9968352,10480250,10654136,10218540,10142640,9808134,9982676,10031411,10114798,10774242,11303179,12138081,12478424,12750798,13169934,13722456,13664256,14581635,15060674,14630736,15108768,15567897,15399393,15858565,15031509,14975494,13981225,13226894,13702404,13234885,13209091,13688988,14194455,14314689,14526617,14985233,15003301,16648682,20437740,19302719,19354521,20459554,20826260,20358218,20942023,20607724,20269395,21694982,21319241,20906194,21472446,20999581,20490711,21002669,20466695,19914256,20400325,19845378,19280346,19807668,19201158,19680508,19111882,18505708,18920394,18297579,17692944,18025321,17378377,16750261,17097704,16481533,15879833,16205934,15630294,15017420,15300217,14696601,14105793,14416134,13836793,13166248,12546411,12739467,12157884,11650710,11851832,11303418,10766098,10156363,10374373,9834254,9328669,8771706,8912951,8470959,8001752,7567186,7143211,7194659,6838311,6486450,6299120,5915070,5949260,5675558,5343125,4952991,4621289,4595974,4294540,3996658,3851146,3576282,3464141,3106689,3249321,3033001
ago,Angola,1475262,1475262,1475262,1475262,1475262,1469724,1469724,1469724,1469724,1469724,1469724,1469724,1463924,1463924,1463924,1463924,1463924,1463924,1457851,1462143,1470791,1483852,1501399,1523495,1542013,1564711,1587739,1611099,1634815,1658869,1683291,1700316,1725340,1750740,1776497,1802643,1829173,1847237,1874422,1902009,1929994,1962494,1991380,2010657,2040247,2070273,2100736,2131664,2163029,2179934,2205081,2230303,2252375,2271208,2290194,2309341,2315808,2335151,2354656,2374360,2394251,2414360,2424313,2444737,2465331,2486084,2507012,2528102,2549374,2554122,2573570,2592175,2609933,2626823,2643822,2643940,2661058,2678301,2695640,2713075,2730608,2729978,2747632,2765366,2783224,2801169,2819242,2821759,2839955,2852503,2859391,2866224,2861660,2851345,2820850,2810712,2800609,2790537,2780497,2768824,2735159,2720406,2704072,2686180,2668388,2650709,2612958,2595690,2578523,2563502,2550603,2539818,2531117,2504449,2477140,2449152,2417037,2387641,2354483,2329527,2312611,2303519,2302054,2307986,2281133,2281143,2282237,2282139,2278493,2275585,2271187,2264951,2214401,2203830,2192491,2180161,2166892,2152716,2137669,2123551,2060232,2047193,1987206,1941095,1928470,1858614,1785648,1768838,1699082,1626848,1611770,1531233,1494221,1467733,1543271,1420331,1448084,1333051,1270636,1298931,1284351,1107180,1159260,1137184,1005506,915066,863955,816049,857716,839933,795679,788134,815403,787103,848863,1217455,1400516,1453230,1560968,1621650,1630530,1842754,1963617,2019883,2073511,2134829,2247557,2319388,2310951,2492960,2739480,2903740,3218365,4085486,4317793,4085754,3942795,3991564,4084538,4301756,4402030,4767728,4787765,5168689,5229341,5130739,5072987,4711554,4697833,5382921,6080628,6358862,6757679,7214304,7458090,8278288,9468697,10610585,12125543,12898297,14399502,14781256,15174436,16273395,16283646,16792023,16851854,17327272,17313620,17285803,18274989,18229399,18164350,18646392,18554489,18420313,18271107,18104739,17935348,17736574,18145144,17904223,17647183,17365379,17071064,16738418,16416290,16084908,16392646,16025037,15647779,15266817,14885073,14548762,14123994,13717092,13970401,13539503,13089257,12663208,12214747,11783429,11406309,11549838,11208387,10736110,10321017,9990592,9601419,9202815,9377334,8978751,8613461,8229372,7863947,7513463,7568305,7202038,6858699,6446255,6114772,6165041,5825226,5502439,5156264,4854280,4880620,4614284,4442028,4176424,4266457,4073504,3823552,3613111,3675551,3441398,3201529,3205469,2992944,2794051,2797100
alb,Albania,372384,374038,375693,377370,379035,379125,380806,382495,384192,385892,387613,389336,391056,392792,392602,394343,396081,397843,399607,401390,403183,404978,406797,408631,408566,410404,412261,414112,415971,417847,419729,421619,423514,425418,425252,427167,429091,431016,432963,434906,436865,438833,440736,440455,442438,444434,446436,448441,450457,452932,455868,459320,463234,465147,469566,474036,478549,483094,487693,492329,497012,501743,506511,508461,513294,518174,523283,528224,534656,541054,549070,569784,577869,578570,587640,606623,612326,618669,624275,620579,625709,632981,639608,647414,655443,661853,672512,677442,684110,690902,697825,704876,709997,717302,724668,732117,739645,747257,754925,762551,770125,775261,782691,790069,797507,805013,812594,820244,827964,835355,842390,846306,852621,858573,861480,864111,866425,868412,869946,870878,871212,870916,869971,868390,866355,863847,852599,848509,843754,839099,834442,829677,824698,819450,813065,805578,797012,787449,777016,766159,755053,743836,713419,701759,689289,675693,660693,644174,601142,583514,567245,578712,591684,578690,538667,496503,507485,463575,425782,387599,348996,357654,338829,295783,279027,263359,225129,211197,196704,166382,153658,140975,128638,103626,105376,94611,95921,85707,86936,77104,78060,73602,74063,76858,88587,93163,81789,94507,108488,83761,129529,297899,359584,286337,221471,148789,114772,218465,216214,135697,140020,143404,145756,128592,107034,91270,68340,48474,31397,39284,47947,53567,61819,101306,121507,42010,37710,48386,30323,9343,13143,10062,7077,5523,4191,3288,1858,1412,1056,713,998,1526,2248,4079,3900,3745,3609,3486,3639,3508,3605,3593,4082,4048,3880,3865,4235,4047,3866,4401,4201,4005,4123,3918,3709,3989,3894,3913,4046,4037,3821,3875,3660,3701,3487,3277,3308,3104,3132,2926,2947,2746,2710,2728,2537,2557,2363,2374,2260,2265,2086,2038,2041,1874,1990,1826,1824,1670,1668,1519,1518,1516,1456,1436,1303,1285,1282,1203,1202,1202,1092
and,Andorra,,,,,,,,,,,,,,,,,,,,,,,,,,,,,,,,,,,,,,,,,,,,,,,,,,,,,,,,,,,,,,,,,,,,,,,,,,,,,,,,,,,,,,,,,,,,,,,,,,,,,,,,,,,,,,,,,,,,,,,,,,,,,,,,,,,,,,,,,,,,,,,,,,,,,,,,,,,,,,,,,,,,,,,,,,,,,,,,,,,,,,1,2,3,4,5,6,5,5,5,5,6,9,13,13,10,7,5,4,2,1,,,,,,,,,1,,,,,,,,,,,4,,,,,,,,,,,,,,,,,,,,,,,,,,,,,,,,,,,,,,,,,,,,,,,,,,,,,,,,,,,,,,,,,,,,,,,,,,,,,,,,
are,UAE,18572,17918,17938,17938,17997,17997,17997,17964,17893,17335,17567,17567,17567,17691,18029,18035,17297,17297,17485,17557,17557,17268,17345,16699,16699,16515,16479,16509,16509,16678,16574,16044,16235,16301,16301,16301,16474,16743,15915,15871,15871,15637,15848,15848,15848,15853,15437,15349,15322,15423,15423,15277,15347,14819,14961,14964,14903,14911,14970,14840,14705,14231,14235,14239,14160,14312,14588,14638,14247,14265,14300,14472,13920,13789,13161,13357,12577,12552,11703,11209,11250,10463,10334,9676,9698,9384,9419,8966,8787,8249,8342,8063,8326,8049,7833,7441,7673,7358,7495,7022,6677,6791,6411,6170,5846,5671,5166,5106,4910,4928,4761,4939,4669,4656,4981,5855,7343,8353,9491,8640,7531,6348,5641,5723,6166,6343,6755,7036,7817,9626,11351,12565,14779,17585,20617,20858,21913,21994,22765,22915,24050,24200,23452,23660,23812,23385,22641,21794,21084,20342,19882,20189,20459,20891,21234,21343,21654,21979,18183,14535,12299,9596,6875,2291,18,6,,,,,,,,,,,,,,,,,,,,,,,,,,,,,,,,,,,,,,,,,,,,,,,,,,,,,,,,,,,,,16,9,9,11,12,13,15,6,6,6,6,8,9,9,9,9,12,12,13,13,15,16,16,18,18,20,20,22,23,24,24,25,9,10,10,10,11,8,9,9,10,12,12,12,12,13,13,14,15,16,16,17,17,17,18,19,19,19,20,21,23,23,24,24,24,24,27,28,28,29,29,29,29,31,31
arg,Argentina,288576,272050,264694,257341,250378,245057,238429,231983,223709,210046,209697,211486,215067,221298,227448,234278,241313,241378,248091,254429,260399,265782,264805,269720,275151,280314,274252,278095,284770,289059,284304,290473,297323,294541,300180,305996,319500,313128,322712,331425,336046,333275,339833,353041,367225,372961,333713,347191,343991,354652,366429,353328,347297,368411,377892,368688,453021,455098,234488,330574,475912,541865,422279,373579,402326,516797,549799,592013,634150,571684,570329,558761,560634,541005,525765,504020,516739,437510,629613,659699,734445,746422,574950,500611,475014,380558,332374,322694,298137,304425,371526,414263,360213,333497,300400,257042,241336,372796,415824,338527,500541,534285,628734,517076,479736,415549,431822,437363,382403,383807,366171,383860,338920,400121,600211,664492,703682,931120,707527,714059,629856,649980,572476,500987,430657,494989,480561,466418,408042,419942,502941,686873,789753,762835,628648,593872,650206,565092,600845,626591,608706,500514,447019,446336,338565,380616,321418,286180,297079,302061,327260,302920,385077,335220,302164,212568,217522,189135,146498,228767,139599,101495,121873,187709,121173,71424,65498,65822,42437,29679,25567,20887,18147,15208,10826,12382,14669,10184,16071,10215,10306,16362,142978,43079,57190,99670,82836,537675,527239,627713,730020,653444,1034652,1239869,736792,1506945,1554581,1649853,2010937,1921010,2567267,3760136,6299457,3206789,2375165,1860112,1555821,1296822,1195612,1104492,751375,564748,596232,547934,533046,545218,611051,588955,817789,907056,1102221,770441,645040,606428,543488,476407,446337,420319,394074,370196,404518,364764,342138,324546,322848,300716,283220,280528,264247,248961,231480,231534,218278,203123,202578,191517,180983,180626,170835,170172,158017,149866,149234,141642,141023,134147,124888,124083,118285,117443,112093,111245,106309,105550,98626,97733,93713,92829,89099,88229,84764,83898,80701,79848,76864,76019,73014,72177,71333,68719,67482,68604,67811,67006,64386,63594,61115,60331,59644,57289,56517,55757,53546,52797,52052,49988,49261,48655,47943,46017,45335
arm,Armenia,391710,391710,391710,391710,391710,390595,390595,390595,390595,390595,390595,390595,390595,389424,389424,389424,389424,389424,389424,390141,390339,392497,395385,399016,401348,405021,408747,412498,414827,418635,422478,424787,428686,432618,436593,438891,442920,446982,449241,453368,457525,459734,463957,468215,472514,472546,477185,479939,482916,498385,504819,507233,512285,495011,501645,473859,477471,477957,498099,511292,530340,534132,529048,544863,546066,539858,556017,557039,558921,564176,565787,571025,574848,574557,584001,588572,582019,596161,601680,600107,588506,614327,613005,602214,603012,529104,578943,553890,590345,621001,634395,662588,642200,609250,569110,605533,569600,582640,576326,547920,568590,559696,524913,556011,522639,573831,597256,613102,609660,596504,578420,616025,585709,566162,568732,565568,576617,663912,738343,818142,835416,861355,841733,819004,794875,766232,734292,701251,649167,611253,602182,590461,608486,582625,548181,469893,440068,394748,394570,372917,401663,419754,440990,456036,479330,481512,505738,441542,366657,325824,289319,310330,289997,284011,277362,255843,220297,227051,207165,227166,193689,184828,189128,228128,174611,164674,152810,141108,115103,117338,93212,94638,109883,85090,86591,102204,120300,124682,146730,169166,171027,182843,170594,163913,149032,130731,136855,180021,224035,134537,203105,344653,1015941,1079038,926774,789361,692301,636119,783278,729821,751222,755645,601323,450394,328737,194140,155986,118292,69256,109009,110644,109442,94513,107428,107351,93895,85943,73057,96499,83543,50239,66375,72080,70601,60681,50696,40504,37523,30368,24675,23446,20592,16527,12609,10636,8907,8866,7431,6235,6214,5222,4408,4349,3750,3205,2770,2710,2337,2346,2028,1751,1756,1561,1378,1387,1226,1234,1045,864,867,786,767,598,603,532,548,495,497,643,438,1260,1688,1762,1784,2014,2089,1921,1609,1364,1383,1102,802,785,716,722,569,573,592,561,543,438,223,241,274,228,230,251,197,197,198,194
atg,Antigua and Barbuda,35301,35301,35301,35301,35301,35301,35301,35301,35301,35301,35301,35301,35301,35301,35301,35301,35301,35301,35301,35301,35301,35301,35301,35301,35215,35215,35215,35215,35126,35126,35126,35126,35031,35031,35031,35031,34932,34932,34932,34932,34828,34828,34828,34828,34719,34719,34719,34719,34604,34604,34604,34601,34587,34458,34447,34442,34438,34301,34296,34258,34173,33920,33763,33569,33376,33047,32855,32668,32485,32187,32078,32011,31931,31749,31709,31673,31640,31444,31414,31411,31445,31346,31449,31585,31728,31867,31818,31958,32100,32164,31957,31883,31736,31522,31094,30888,30666,30464,30026,29801,29553,29291,28781,28488,28189,27893,27374,27088,26808,26544,26052,25818,25598,25393,24956,24460,23998,23527,23053,22613,22522,22155,21834,21537,21226,20899,20561,20172,20222,19964,19805,19708,19724,19829,19911,20012,20581,20577,20603,20462,20186,19853,19916,19348,18751,18138,18178,17613,17020,17051,16473,16056,15698,15989,15782,15430,15045,15353,15009,14706,15025,14050,13670,13256,12901,12549,12193,11855,11552,11252,10908,10000,8688,7876,7505,8278,9585,8761,8414,6979,6372,5946,5699,5630,5346,4896,4550,4120,3896,3751,3574,3577,3684,3696,3635,3968,3868,3825,3813,3792,3677,3860,2537,3793,3672,2032,1702,1506,1545,3501,3792,3905,2375,2449,2412,2393,2261,2187,1966,1879,2693,2378,2052,1978,1862,1784,1591,1589,1503,1421,1499,1495,1413,1324,1252,1248,1169,1102,1099,1033,970,962,902,847,835,782,736,731,680,635,628,586,582,544,538,498,464,460,431,425,393,390,363,361,334,327,307,303,281,274,257,253,235,229,214,212,208,192,187,175,171,167,155,152,141,138,136,125,120,119,110,107,106,96,94,92,84,83,81,79,74
aus,Australia,175766,179136,183795,188565,193462,197105,202234,207488,212877,218410,222597,228391,234317,240406,246648,251141,257665,264357,271226,276722,276281,278886,278062,275233,269681,263801,263484,257279,256970,252236,231705,227085,231232,236877,232977,201432,206349,205404,210426,234963,186310,229733,258450,232150,206700,210813,199375,161853,140318,159805,187256,166864,154863,154759,184874,216830,189207,197466,166241,77266,68980,184620,231701,280966,277799,318535,309284,263928,250440,267535,245562,251592,222998,200469,206004,172420,186050,136198,96350,93718,162292,196310,269476,272170,267040,208667,108458,92314,105945,107467,126758,118445,167012,186312,200534,223433,208873,232838,200214,204339,194775,198963,206593,182128,164364,165753,147181,145579,137154,122886,112426,122993,125372,127985,135098,141968,164221,157687,176199,149939,99395,95503,89706,82477,76663,72090,75634,121548,122871,143478,155217,195637,175123,156882,168639,161582,181772,154190,116303,117547,134756,115956,93534,95268,107525,118925,120167,116603,131027,120761,96524,110645,122319,121894,117142,107008,110818,114547,115808,121045,122145,131837,131535,139773,134044,130923,126265,127727,125995,126070,127654,130190,133959,134523,134891,137308,137126,139377,139221,139027,141532,143128,150775,153176,112349,144511,151969,148010,142912,126905,146048,151214,111332,105916,112297,162203,177717,174759,167422,163446,161704,154938,109038,189503,115535,113525,106630,96310,77351,91650,74752,99946,105048,107953,105931,115027,95506,118080,114732,107879,204243,204859,202908,137796,203084,205448,195218,195964,193963,194615,195201,195751,196262,193923,194345,192104,192486,192817,190557,190844,191100,188864,189138,189497,187260,187475,187679,185478,185638,185774,185870,183616,183656,183745,181460,181469,181453,181388,179064,179026,178939,178851,178754,176367,176306,176151,176021,173616,173486,173327,173150,172944,172701,170203,169974,169725,169462,169297,166782,166500,166194,165888,165583,165263,164927,162348,161976,161535,161217,160884,160549,160202,159842,157303,156872,156426,155994,155743,155296,154792,154264
aut,Austria,1994391,1998061,2009688,2021373,2033132,2044960,2018898,2030648,2042461,2054338,2066361,2083625,2049610,2072907,2084962,2054781,2048422,2049503,1994687,1986648,1902195,1873188,1882721,1838624,1856933,1815310,1865357,1800137,1827959,1761849,1522676,1448524,1604313,2009405,2016676,2103154,2016417,1638932,1221679,856638,1084335,1234687,1701926,1740649,1603625,1464598,1479885,1414260,1435035,1406647,1396866,1381013,1411836,1418964,1363311,1372867,1382485,1392178,1335949,1345189,1354371,1363489,1377546,1319971,1332372,1335476,1352301,1369657,1378627,1322324,1332277,1220050,1224069,1287429,1233260,1237833,1229133,1162997,1091161,1094933,1081925,1014547,1017921,964535,898112,951423,848816,766174,766595,829806,726867,683465,684179,687280,634490,620980,623663,602934,560283,516219,528039,567176,514767,514181,518458,464648,426053,409773,385716,408853,407692,379771,374568,375757,544773,607129,646532,640851,676921,913500,771612,587328,517164,504859,415607,364728,339178,312466,304411,282980,325051,384227,482647,516577,515188,479439,456393,395833,316859,230586,244349,213268,232492,217882,202827,1465363,1116624,839221,477361,303740,266846,301831,283814,228635,136580,130946,124428,107597,107876,99387,80654,71716,67659,69089,62567,58781,51479,46892,41304,35698,28932,24668,20794,19051,15832,15836,14083,12202,11940,10362,10414,10792,10424,9133,9546,9143,8754,8280,7863,7314,6782,6538,6217,6328,6176,1273,354,4195,9510,5646,2022,12865,22018,27242,6782,13435,10675,34069,39995,28871,44324,40033,51811,26784,20172,17578,24847,31351,17580,54619,59517,38300,36900,48467,48386,48627,46697,45586,45237,44036,44481,44183,43182,42885,42591,41595,41301,40995,40020,39731,39432,38485,38187,37904,37608,36663,36378,36070,35761,34839,34521,34204,33892,32984,32656,32333,32012,31129,30800,30478,30156,29843,29003,28697,28403,28106,27815,27523,26752,26478,26201,25936,25670,25409,24692,24439,24189,23944,23688,23439,23195,22534,22300,22064,21819,21594,21361,21138,20916,20314,20096,19885,19687,19487,19282,19085,18888,18691,18495,17960,17774
aze,Azerbaijan,816137,816137,816137,816137,816137,816137,816137,816137,816137,816137,816137,816137,816137,816137,816137,816137,816137,816137,816137,817631,820638,825175,831253,836196,843877,851614,859425,867316,872352,880369,888446,896600,904828,909974,918325,926758,935259,943843,952503,957794,966587,975456,984405,993437,998832,1007983,1017241,1026582,1036004,1041456,1051014,1061798,1072691,1083697,1090398,1101584,1112882,1124284,1135812,1142653,1154361,1166200,1178146,1190210,1197185,1209451,1221828,1234340,1246983,1254062,1266899,1279872,1293562,1307403,1315194,1329255,1343445,1357607,1372760,1380194,1394953,1410345,1427169,1444332,1452332,1475718,1513470,1467139,1494563,1542817,1559081,1607218,1598691,1572776,1515374,1583390,1540131,1580041,1578274,1555381,1586472,1577041,1521885,1616253,1547650,1677018,1714542,1770355,1707870,1702259,1672654,1759091,1714392,1687720,1751736,1739502,1856130,1977644,2206702,2257230,2278219,2313761,2309492,2296201,2227651,2114631,2038439,2001913,1955442,1957262,1910751,1920731,1936030,1927832,1838820,1635730,1531466,1379415,1415608,1340206,1500401,1572507,1602970,1664390,1730001,1743496,1811638,1624628,1370935,1214168,1023313,1011227,970479,921917,824116,736956,613334,638758,600671,688560,613823,597023,572687,669734,528765,469996,424473,401568,354098,359949,297597,302997,306545,254395,259437,262544,268478,274049,278219,282669,286851,264803,255372,249208,234384,230452,231862,219590,213495,246677,305447,322771,511225,842130,1270835,1583703,1545540,1466863,1404807,1314037,1143989,981941,28410,38866,6369,1103,,,,,,,,,,,,,,,,,,,,,131,387,878,1030,1184,1148,1099,1171,1110,1050,990,929,957,891,828,763,700,729,665,600,543,562,506,451,398,415,367,323,280,288,249,214,221,188,158,163,138,113,116,95,76,79,62,62,19,15,15,11,11,9,9,7,5,6,4,169,2,2,1,1,,,,18,35,17,241,215,344,106,,93,,,86
bdi,Burundi,873272,873272,873272,873272,873272,873272,873272,873272,873272,871748,871748,871748,871748,871748,871748,871748,871748,871748,871748,874385,879697,887719,898506,912084,925866,939858,954059,968475,983115,997967,1013058,1028361,1043901,1059683,1075703,1091955,1108454,1125207,1142206,1159477,1174827,1192588,1210607,1228898,1247478,1266330,1285468,1304889,1324618,1342142,1357441,1368763,1377726,1384288,1390881,1397505,1404147,1410824,1417535,1424262,1431037,1437835,1444666,1451517,1458405,1465331,1472281,1479255,1486266,1490709,1498380,1506372,1514868,1523707,1532600,1541537,1550526,1559573,1568658,1577799,1586985,1596225,1605524,1614859,1624261,1633709,1643201,1652755,1662361,1667978,1669619,1667273,1660972,1650700,1640491,1630341,1620252,1610221,1600248,1589391,1574463,1561898,1548496,1534242,1520137,1506157,1492293,1478558,1464950,1452611,1441532,1431695,1423067,1415646,1408249,1400900,1393582,1386303,1380902,1380734,1385850,1396303,1412167,1430450,1452058,1473995,1496267,1518879,1541823,1564797,1587803,1610828,1630149,1653144,1676476,1700122,1724116,1748435,1773105,1799579,1827914,1853650,1885783,1919927,1954697,1990092,2020880,2057473,2094728,2132730,2171478,2207861,2256035,2296204,2335567,2374663,2422931,2461909,2510261,2537279,2600578,2725744,2778605,2828127,2899219,2968851,3041381,3076982,3166976,3251551,3193709,3248800,3294713,3244205,3350740,3458535,3460806,3491188,3559982,3649600,3875838,3983701,4116818,4210815,4345668,4348980,4401718,4482368,4527632,4628604,4723304,4760036,4914983,4780669,4840600,5202765,5257641,5316784,5347849,5455068,5552814,5627166,5709476,5875792,6043250,6237502,6368011,6551593,6794722,7046831,7346142,7516470,7946355,7920801,8114584,8284162,8438467,8538635,8729264,8905237,9286660,9481942,9751731,10002807,10295079,10365398,10298408,10318293,10570750,10585369,11078526,11083030,11075084,11326819,11297398,11545007,11500537,11445647,11697662,11619047,11521593,11756803,11634777,11497299,11723679,11557408,11361743,11558563,11340424,11525115,11281968,11006751,11156500,10849912,10491234,10640739,10316547,9980325,10146420,9826537,9488500,9649617,9270435,9413464,9049418,8675995,8755060,8359128,7957228,8017441,7633159,7249502,7306995,6959317,6557513,6645494,6232868,6270448,5934892,5578712,5568198,5253737,4909852,4970277,4629118,4309286,4334165,4035753,3729480,3712262,3427947,3152738,3132562,2878108,2644890,2633438,2437283,2235362,2243352,2110728,1948908
bel,Belgium,1936127,1941468,1946819,1952182,1957567,1910370,1915638,1920913,1926217,1931529,1936868,1942210,1947564,1952936,1958316,1963723,1969131,1974565,1980009,1987888,1998239,2011081,2026449,2044369,2005024,2022755,2040640,2058681,2076887,2034563,2052242,2069932,2087613,2105297,2059514,2076957,2094549,2112291,2130178,2148326,2099433,2117501,2135813,2144238,2162884,2110641,2128992,2053381,2082866,1990522,1860913,1808119,1807993,1758681,1683617,1694226,1565075,1584321,1594308,1604646,1424330,1434091,1352447,1342490,1265180,1274308,1219107,1227903,1172572,1107228,1115730,1124540,973942,974944,913280,913986,914647,915250,820617,821235,789068,789762,738197,738986,739718,740408,741037,683640,684045,580806,565288,581142,565643,565776,524190,516812,506280,459144,455584,420950,412406,412511,404781,374006,366675,338750,338841,338906,338921,331360,304792,290136,264813,262112,324531,347656,288063,477719,872852,524950,298372,273387,222151,204926,188842,187688,170566,154910,127627,139705,141891,153591,175228,172897,171436,147427,143150,132588,142604,116406,162087,184251,222106,240614,200292,174071,147611,127599,114726,97877,88951,80453,79801,74849,70815,63434,60352,60089,59857,56505,51790,49702,44965,42507,37576,37896,36130,33993,33117,31161,28399,27689,26080,24563,23903,24051,22619,22769,22156,21572,21001,21498,21202,21516,20998,20359,37694,43580,50138,57333,56890,59075,69659,27776,65070,45349,46173,34304,38418,34730,28352,35771,36573,33684,7357,25223,19617,17511,13107,12539,17298,21171,19619,18202,10092,9723,7367,20748,9403,11604,9789,6563,2765,8521,8423,8485,7825,7794,7541,7530,7488,7245,7198,7185,6947,6919,6872,6624,6592,6581,6339,6305,6266,6236,6002,5963,5931,5699,5668,5631,5595,5367,5322,5288,5242,5200,4985,4948,4896,4854,4644,4609,4568,4533,4496,4300,4262,4228,4195,4164,4127,3945,3915,3883,3850,3821,3791,3619,3581,3552,3523,3485,3456,3424,3269,3241,3212,3186,3154,3126,3103,3071,3039,2893,2870,2845,2814,2788,2759,2731,2704
ben,Benin,609388,609388,609388,609388,609388,609388,609388,609388,609388,609388,609388,609388,609388,609388,609388,609388,609388,609388,609388,610278,612060,614738,618318,621221,625737,630293,634880,639493,644150,647073,651772,656511,661295,666105,670952,673872,678775,683712,688678,693696,696585,701655,706756,711900,717077,722298,725164,730435,735745,740580,744939,750201,752333,756605,760898,765217,769554,773909,775389,780424,786138,792540,799652,804262,812128,820070,828083,836182,844355,849062,857516,866151,875036,884104,893255,898432,907722,917120,926609,935725,944455,948189,956087,963552,971071,978663,981259,988925,996647,1004232,1011675,1018980,1020587,1027575,1034597,1041676,1048787,1055958,1057060,1064932,1073523,1082827,1092868,1103667,1107795,1118731,1129775,1140924,1152177,1155905,1166959,1177924,1188816,1199633,1210537,1213298,1224329,1235455,1235766,1246877,1260029,1275277,1282945,1302372,1322089,1331455,1351619,1372091,1381199,1401839,1422500,1430396,1450922,1471455,1478296,1499232,1520455,1526717,1548330,1571534,1579672,1605912,1615846,1645204,1655699,1685793,1695570,1726397,1735408,1765728,1771418,1809105,1847655,1887370,1906186,1949334,1972230,2019416,2047107,2054470,2062644,2097365,2183437,2199784,2216599,2233760,2250859,2298007,2316251,2366980,2419979,2475258,2424971,2482680,2461235,2645541,2752057,2782670,2897668,2889234,2875302,2983734,3077892,3259364,3299201,3321327,3432606,3624957,3737196,3914277,3974412,4078794,4213614,4362382,4600962,4596874,4675141,4780206,4882248,5000690,5083572,5178271,5281008,5440752,5512473,5792482,5998739,5981116,6205240,6382093,6584878,6830421,6955096,7113237,7115910,7332252,7432011,6547039,5377678,4480043,4365831,3956107,3667113,3569653,3371142,3367210,2915481,2779134,2840977,2701853,2762825,2827725,2676219,2531189,2387690,2248274,2110342,2154959,2015129,1879211,1747249,1621602,1500832,1521088,1406268,1303482,1203582,1115595,1040355,965527,982857,912768,847949,784870,730420,675560,623787,624260,582771,531972,489785,454711,416796,382840,347452,352247,321853,293424,262163,236369,214223,193598,175040,173390,147744,121150,107705,85837,75356,55549,55774,47899,41034,35075,29914,25201,25401,21535,18225,15409,13005,10884,10982,9227,7734,6460,5367,5425,4495,3707,3053
bfa,Burkina Faso,1611858,1611858,1611858,1611858,1611858,1611858,1611858,1611858,1611858,1611858,1608733,1608733,1608733,1608733,1608733,1608733,1608733,1608733,1608733,1609867,1612156,1612277,1616846,1622571,1628318,1634086,1639870,1645674,1651495,1657344,1663216,1669100,1671398,1677312,1683246,1689216,1695194,1701191,1707212,1713258,1719326,1725410,1731523,1733678,1739822,1745978,1752161,1758361,1764592,1770283,1775459,1781669,1787352,1792495,1793317,1798482,1803657,1808849,1814043,1819266,1824498,1829747,1835006,1840264,1845561,1846112,1851417,1856730,1862058,1868146,1875002,1882636,1890779,1899692,1908656,1917657,1921418,1930471,1939561,1948704,1957878,1967091,1976354,1985658,1995000,2004389,2013816,2023279,2026813,2036750,2047136,2057989,2069312,2081103,2092945,2104872,2116855,2128902,2141026,2149014,2166448,2186632,2209612,2235450,2261584,2288015,2314765,2341813,2369185,2395417,2412332,2436125,2458704,2480049,2501565,2523275,2545164,2567247,2587367,2610276,2636022,2655098,2686572,2721050,2755983,2791344,2827172,2863460,2900209,2936838,2973334,3009689,3034262,3070169,3106497,3143257,3180458,3218081,3256155,3297356,3341747,3389414,3440445,3494912,3550246,3606448,3663550,3721554,3780465,3838515,3895651,3938670,3968049,3997143,4026447,4076097,4108401,4141385,4173601,4230005,4266705,4351962,4391618,4481760,4550873,4598674,4699892,4725659,4778549,4861562,4976472,5062743,5021253,5211672,5310883,5482137,5630965,5699417,5735220,5923350,6084070,6271815,6384222,6595519,6845160,7006426,7175188,7354288,7574971,7773020,7974853,8106711,8376779,8569406,8863825,8994306,9142061,9358181,9602159,9363173,9647973,9420885,9412073,8870757,9125158,9350162,9612444,9893462,10053168,10414042,10330338,10339749,10444350,10373771,10709106,10811649,10511256,10020270,9626549,9725794,9866144,9322935,9378192,9539914,9423689,9547933,9112872,8874969,8624830,7901872,8519805,8226197,7920077,8067146,7744691,7425175,7100356,7237176,6886397,6530574,6181342,6295073,5949777,5586838,5262890,5352236,5012244,4679899,4363600,4411032,4080526,3771477,3458913,3181217,3193642,2920076,2673860,2432408,2219070,2256949,2055796,1870955,1700568,1536091,1393481,1406979,1267489,1140099,1021945,921013,823771,739211,747126,681530,611904,552239,491370,442565,398413,401619,349123,314095,282770,254275,220492,185124,146404,147402,112698,100028,88145,59499,51220,44082,37929,38070,32730,27695,23736,20334,17394
bgd,Bangladesh,16779309,16812392,16845550,16878771,16912050,16945399,16978807,17012291,17045836,17079452,17114345,17149982,17187586,17227177,17268762,17312349,17357959,17405588,17455272,17507003,17560807,17598151,17635601,17710505,17785732,17861279,17937135,18013328,18089837,18166673,18243832,18321328,18399144,18477293,18555770,18634585,18713734,18639158,18718329,18797826,18877675,18957852,19038375,19119247,19200447,19282000,19363900,19446146,19528742,19611690,19694984,19748368,19801853,19855430,19909111,19962880,20016751,20070724,20124791,20178960,20233216,20287572,20342036,20396581,20451235,20505977,20560815,20615755,20670783,20734472,20806872,20888013,20976176,21073174,21170558,21268354,21366527,21465108,21564096,21465257,21562801,21660733,21759058,21857760,21956864,21832324,22156238,22027245,21880003,22223674,22071272,22887751,22521152,22360848,22179383,22555694,23415428,21835664,21923074,22949725,22749770,22525378,21914894,21616045,21695739,22168511,22253548,23086372,23180966,21205852,21256185,21756573,21792224,22268256,21369699,21869132,21411477,21432246,23745366,22046007,23494924,22172529,21720084,22800108,21836033,21894182,21393412,22010817,21498060,21022126,21204166,22076403,22414131,22826666,23895626,24340650,24110024,25932633,26420799,26854684,26505715,26044161,26280929,24804699,24961499,25982052,27835296,27191388,27377025,25808775,27913465,27487133,28004400,27529822,28066606,30753668,28148159,29919400,31752124,31302196,29548591,30307444,31156253,27745605,28509798,29295203,30098236,34182565,30124359,30922153,29909594,33949888,45508066,44953271,40356193,45388269,42354298,45487204,42144595,40831394,41732919,43918673,44981570,45092545,44232555,42840510,43427020,47831442,52715409,55547004,56512742,58610432,56903221,56648644,54739957,53281968,53396224,54197748,54162996,54064639,55075465,55427710,52685414,51704241,49797730,46010124,45141339,43499523,41576892,40559215,38752258,37856010,36454721,35088541,34035381,32880181,32030835,26560537,21129163,18083003,15680107,12966764,10986903,10162882,9072747,8610820,6946698,6222294,4888347,3804858,3890086,3459108,3536546,3188771,2846769,2547876,2282123,2030768,1822618,1643216,1663247,1481017,1314234,1195244,1050483,944563,883357,906363,824723,761130,687525,637241,591885,607302,532222,496062,463187,431622,379583,348794,325025,245783,227201,161092,164654,150523,83147,73984,66067,67394,60419,54385,47792,48660,43708,39184,35032,35593,31726,27892,28297,25054,22113,22406,19692,17228,17450,15188,13156,13254,11425,9794,9888,8421,7125,7185,6043,6090,5081,5117,4239
bgr,Bulgaria,1743475,1740999,1738527,1736064,1733598,1731135,1728686,1726235,1723781,1721336,1718898,1716461,1714021,1711590,1709157,1706734,1704319,1701892,1699480,1699065,1700654,1679095,1684633,1692162,1699723,1707318,1714945,1695854,1703432,1711045,1718694,1726369,1734086,1713371,1721024,1728719,1736445,1744204,1721895,1729588,1737322,1745085,1752884,1760723,1736664,1744426,1752217,1760051,1767915,1741204,1747038,1751915,1755846,1758812,1761782,1729702,1732631,1735558,1738485,1741419,1744361,1710957,1713847,1716742,1682221,1685063,1687911,1652320,1655112,1622705,1633778,1649120,1624485,1644870,1621376,1641292,1614849,1634249,1604869,1623689,1591418,1609611,1574523,1592047,1554222,1564347,1523548,1540004,1489831,1497876,1437410,1445421,1368844,1476202,1579681,1678780,1696836,1793277,1886140,1906865,1926732,1868950,1878871,1816047,1831206,1759080,1765341,1682997,1688818,1694777,1593169,1604341,1737841,1756342,1872444,1892583,2006627,2020651,2134543,2159459,2285242,2311164,2339996,2260692,2290492,1626494,1556876,1746301,1671542,1596555,1527102,1546186,1730924,1449184,1839067,1648140,1279147,977432,981352,681870,678715,1061032,1163092,1160499,1570665,2668969,2208016,1791528,1459117,1142174,860336,448132,559868,383267,429234,324889,364116,228602,129876,86080,50087,42357,30512,26853,20677,15852,12053,10884,10174,8056,6692,5699,4233,3231,2643,1197,681,509,341,99,43,,,,,,,,,,,,,,,164354,79426,48308,125874,257916,479672,384873,279241,184271,160193,136276,562602,88917,155877,149163,218988,235725,191955,252238,203314,332522,226470,134157,108286,120324,50620,88125,78763,71532,68067,65579,59366,56608,53949,53226,52499,51772,49282,46894,46226,43953,43323,41143,39047,38470,36475,35975,34045,33541,31737,30003,29558,27904,27502,25931,25592,24100,23768,22305,21937,20619,20287,19042,18740,18445,17266,17008,15908,15656,14621,14379,14181,13238,13010,12153,11971,11760,10973,10811,10635,9917,9757,9598,8965,8825,8683,8109,7994,7866,7750,7240,7137,7022,6581,6486,6385,6290,5893,5805,5721,5634,5285,5209,5126,5051,4968
bhr,Bahrain,61803,61803,61803,61803,61803,61803,61654,61654,61654,61654,61654,61654,61654,61496,61496,61496,61496,61496,61496,61329,61329,61329,61329,61329,61329,61250,61152,61152,61152,61152,61152,61152,60964,60964,60964,60964,60964,60964,60765,60765,60765,60765,60765,60765,60765,60553,60553,60553,60553,60553,60553,60327,60327,60327,60086,60086,59830,59830,59830,59559,59559,59271,59271,59271,58967,58967,58644,58644,58644,58373,58509,58360,58526,58368,58596,58831,58611,58829,58562,58771,58988,58662,58867,58479,58676,58864,58408,58592,58081,58249,58413,57825,57989,55224,55378,54644,54789,54932,54198,54325,53469,53585,53700,53818,53934,54043,54160,54274,54391,54866,55713,56950,58573,60628,62744,64929,67097,69436,71851,73754,75121,75943,74367,74045,73608,73286,72971,70769,70432,70101,69771,69447,67167,66829,64517,60220,58071,55893,51661,49474,47175,43239,38227,34259,30654,27564,24532,22224,18867,16702,14927,13809,12368,11141,9819,8735,7795,7148,6346,5815,5195,4811,4662,4167,3934,3452,3030,2713,2307,1847,1503,1374,1115,920,830,1116,700,591,569,547,481,471,596,783,743,722,900,986,861,847,3415,2956,2842,2537,2609,2689,2436,2384,2287,2327,2110,387,453,491,523,556,608,613,635,734,691,583,538,513,535,576,592,614,593,524,732,621,495,523,471,461,569,592,568,551,610,630,615,631,604,622,643,606,632,652,625,643,666,629,651,666,633,652,684,644,658,676,691,648,677,696,647,664,680,709,660,675,691,709,722,667,684,699,715,730,710,723,740,753,766,708,722,736,749,765,780,715,725,743,757,771,783,794,728,740,755,765,778,791,804,818,746,756,771,781,792
bhs,Bahamas,22517,22517,22517,22517,22517,22517,22517,22517,22517,22517,22517,22517,22517,22517,22517,22517,22517,22517,22517,22520,22527,22296,22311,22329,22347,22114,22132,22152,22165,22186,21951,21960,21981,22003,21750,21765,21789,21799,21584,21597,21609,21631,21362,21378,21400,21372,21095,21105,21059,21170,21072,21413,21859,22403,22621,23190,23762,24355,24582,25134,25632,26099,26497,26415,26762,27116,27468,27365,27724,28254,28646,28548,28994,29492,30066,30022,30541,31028,31414,31317,31782,32230,32745,32571,32991,33404,33920,33717,34214,34670,35161,35000,35606,36175,36748,36616,37231,37818,38483,38986,38583,39065,39695,40000,39499,39974,40279,40712,40410,40610,40767,41130,40313,40088,39044,38173,36370,35571,35024,33181,32541,32159,31367,30615,29806,29613,28257,28041,27378,25987,25530,25165,23570,23239,22676,22268,21090,20768,20284,18886,18390,16962,16488,15208,14621,13414,12949,11959,10933,10579,9807,9493,8763,8581,8035,7509,7504,7101,7092,6703,6704,6375,6033,5410,5094,4789,4523,4275,4047,3824,4669,5096,5839,5400,8047,11357,11041,10170,8411,5636,5472,6704,7208,6673,6140,6074,5860,5804,5621,5560,5502,6036,6660,6833,6708,6446,6183,6204,5862,5346,5108,5018,4907,5163,5287,5108,5052,5103,5488,6067,6075,6134,5816,6169,6061,6255,6278,6019,5834,7688,8985,7291,5544,5297,5032,4863,4678,4690,4696,4704,4973,4989,4724,4726,4474,4227,4227,4009,4010,3782,3778,3563,3556,3348,3154,3150,2980,3005,2827,2818,2652,2643,2636,2479,2468,2313,2308,2167,2158,2022,2015,2009,1881,1869,1866,1750,1743,1631,1623,1617,1511,1506,1492,1393,1405,1396,1308,1300,1293,1211,1206,1203,1192,1111,1109,1103,1099,1023,1019,1015,1003,941,932,935,926,866,863,852,846,840,785
bih,Bosnia and Herzegovina,634445,634445,634445,634445,634445,634445,634445,634445,634445,634445,634445,634445,634445,634445,634445,634445,634445,634445,634445,635223,627417,629740,632850,636751,640672,644620,638658,642586,646545,650526,654539,648063,652063,656078,660120,664186,668278,661237,665316,669411,673540,681546,674129,678280,682467,687411,691647,698511,690714,694639,699875,704221,708590,712992,717420,721874,726356,730863,734916,739479,744073,748692,751133,755802,760494,765214,769964,774746,779556,785978,794060,788661,805032,804939,822817,824066,839907,840549,856693,855037,871240,863696,888424,887814,902957,907456,928487,924135,934066,922976,935227,949544,968704,957140,967878,981565,996058,1010131,1024390,1036586,1051243,1039380,1049484,1035748,1048821,1036710,1052673,1067550,1053579,1082543,1054022,1070283,1112549,1130536,1136056,1138276,1143174,1187603,1205520,1214665,1261525,1274163,1253048,1231588,1167662,1148318,1071543,1132431,1055448,970362,1073184,1120507,1311135,1315825,1280883,1346241,1173970,1184947,1108528,1057726,1066458,1137762,1195607,1254469,1326076,1384433,1443822,1512774,1261693,1157276,1407503,1374242,1675463,1708577,1853472,1492133,1887584,1696109,1670345,1345945,1233828,1258416,1433215,1216696,1023616,970544,917540,997147,1009341,879686,824498,764546,713192,721332,618381,626000,634834,541414,502820,429086,398958,421509,404124,430127,426606,427333,401321,431330,462218,455343,590686,736724,710237,579624,404345,290730,101264,45183,33917,28844,26910,26161,25120,22804,17579,14893,12187,8353,9159,11364,12090,12626,12075,9684,10031,9054,7960,7082,5402,5678,6024,4930,4428,3508,3823,3433,3052,2732,2669,2817,3619,4017,3860,3582,3415,3374,3456,3300,3146,2997,3051,2840,2685,2650,2695,2533,2381,2283,2309,2155,2002,2122,1969,1813,1832,1686,1748,1545,1418,1430,1360,1245,1250,1139,1148,1042,1048,946,876,871,783,787,710,710,632,636,565,568,503,505,444,432,373,364,368,321,302,283,286,248,248,248,208,209,195,168,168,143,139,145,119
blr,Belarus,2295390,2295390,2295390,2295390,2295390,2295390,2295390,2295390,2295390,2295390,2295390,2295390,2295390,2295390,2295390,2295390,2295390,2295390,2295390,2299604,2308070,2320822,2337908,2356113,2377739,2399552,2421575,2443802,2462476,2485077,2507880,2530891,2550017,2573426,2597040,2620863,2644924,2664684,2689125,2713808,2738714,2763843,2784221,2809768,2835558,2861581,2887839,2908852,2937543,2964502,2991701,3015775,3034645,3059055,3083654,3108455,3126985,3152123,3177451,3202990,3228719,3249214,3275309,3301613,3328122,3354836,3374108,3401746,3429037,3456549,3484277,3503896,3533485,3554997,3585087,3606159,3639117,3669950,3701038,3732391,3754271,3786135,3818249,3850643,3883299,3905942,3959197,3925470,3983989,4040362,4074658,4152747,4144128,4131710,4090571,4174653,4161823,4197896,4215945,4212374,4269914,4286211,4235799,4360817,4283297,4458928,4517747,4593634,4576213,4570737,4544530,4674262,4625074,4605735,4706997,4718997,4881633,5022348,5247762,5317708,5367747,5427623,5462115,5491080,5472766,5412568,5381210,5369445,5393146,5414851,5436457,5453588,5546267,5563921,5441201,5235818,5031848,4733827,4780371,4684930,5015859,5065092,5232113,5394208,5551417,5702653,5848424,5496476,4958650,4459399,4090768,4131774,3963797,3793353,3607650,3204636,2799574,2842405,2479124,2718964,2353584,2189821,2213531,2428855,1892818,1585630,1448867,1319387,1079894,1082511,781035,781543,781970,535603,534189,531986,458694,456624,387400,384910,321200,289732,232148,155165,123047,117190,94214,86391,99590,48522,84062,150089,244135,357535,432030,256461,210879,4304842,3828147,3385123,2694543,1517478,1137080,953013,461234,263919,124822,108103,56574,59718,20926,10994,5713,2110,851,2069,1149,2723,1278,18,1882,1363,1376,830,232,161,6343,7067,7770,7710,9159,8967,9008,9272,10148,10367,10563,10365,10490,11335,11415,11833,11634,12038,11644,11229,10834,11136,11397,10921,10793,11030,10521,10774,11665,11096,11165,11344,10752,10167,10303,9725,9154,9023,8479,7961,8559,8023,8095,7819,7883,7354,6844,6895,6402,6848,6340,6373,5892,5927,5462,5491,4998,5018,4637,4658,4487,4504,4137,4153,3807,3818,3830,3493,3501,3180,3188,3191,2949,2950,2665
blz,Belize,23944,23944,23944,23944,23944,23944,23944,23944,23944,23944,23944,23944,23944,23944,23944,23944,23944,23944,23944,23952,23959,23886,23892,23904,23913,23835,23848,23859,23874,23798,23806,23818,23832,23744,23758,23767,23776,23686,23697,23710,23725,23631,23638,23648,23660,23669,23571,23582,23598,23605,23500,23523,23546,23564,23468,23490,23513,23542,23437,23437,23418,23368,23179,23097,23027,22830,22604,22529,22450,22427,22304,22384,22509,22694,22718,22904,23088,23282,23309,23523,23783,24096,24412,24578,24936,25295,25670,25834,26209,26614,27081,27311,27796,28310,28838,29117,29656,30209,30769,30994,31449,31840,32212,32184,32463,32742,33012,32819,33106,33418,33759,33788,34195,34627,34685,35134,35178,35629,35654,36092,36096,36560,36570,37048,37044,37530,37289,37641,37609,37559,38093,38073,38520,38341,38958,38941,39435,39395,40018,39926,40430,40296,40020,39499,40023,39654,39215,38881,38501,39038,39142,39620,41033,41543,42920,43397,44795,45263,46725,47180,48640,49020,50410,50783,51220,51669,52121,52569,51605,51858,51756,49936,50842,51745,49674,50716,53444,53205,51385,52671,52540,54889,57988,64611,67094,67193,67158,64620,59804,56154,50121,44595,38990,37270,39281,41731,53378,55437,64404,55700,32462,33514,31295,29403,28121,29771,28842,28045,27928,25736,25377,23762,20481,18276,15345,12848,10707,14013,8127,4863,7712,5415,4316,4420,3887,3610,4160,4304,4448,4593,4704,4398,4557,4228,3938,3957,3890,3774,3711,3510,3629,3455,3299,3141,3001,2858,2726,2769,3224,3096,2885,2751,2642,2707,2459,2330,2175,2665,2696,2567,2424,2307,2190,2215,2031,2592,2461,2394,2435,2264,2165,2117,2217,2164,2049,2147,2027,2054,1934,2026,2039,1950,1972,1858,1749,1768,1665,1684,1688,1588,1603,1551,1461,1574,1487,1589,1492,1504,1493,1401,1408
bol,Bolivia,587885,594251,600677,607175,613743,620380,627099,633880,640740,647678,654758,661844,669005,676242,683562,676828,684152,683030,690429,697412,704006,695638,693914,683016,686916,675324,674993,664014,663764,650033,655589,623132,627602,612673,607605,577490,581783,557851,550962,534164,520076,500681,504403,486895,490520,473254,476775,480323,483899,465612,468471,471778,474810,477557,480325,483103,485894,488705,469148,471857,474579,477322,480071,482844,485615,488422,491229,470955,473666,473082,469263,462294,455607,445726,436026,406861,398154,389611,381237,376790,376367,380020,387827,399874,394459,406843,419580,432691,446189,460073,474379,489095,483679,498833,493509,509100,569323,563970,558700,574575,566265,556651,590997,601286,611704,598836,586367,596843,586911,576094,543298,555498,548112,517359,577425,589740,582537,547043,557721,575476,592322,656892,589427,602684,589559,561340,574398,549291,542764,536702,588518,688781,793909,779016,711063,702559,693988,665921,658961,648688,621426,577295,569436,566815,591459,570342,590386,615764,576549,571524,599891,565884,580749,664751,682927,665631,741065,778431,824143,848764,853405,878953,855890,855372,854346,831096,830477,807820,852503,852384,875666,875466,876688,851931,851304,850782,827139,827096,850147,898024,948287,1043164,1101455,1251867,1270670,1345104,1460765,1427096,1474766,1530146,1532302,1517506,1559817,1492566,1512452,1516311,1460157,1493697,1647582,1918245,2176750,1857409,1984243,1727315,1256959,1741569,1528348,1254687,1092003,1080524,928885,753035,872434,751962,643858,694117,812599,757318,568517,392532,528971,384121,424344,370017,375063,380830,368891,353210,357226,341450,364457,348560,332988,317729,302252,287613,273320,276168,262875,248549,234555,220923,207709,194845,183570,184810,173252,161485,151572,141907,132635,133505,123363,113688,104481,95742,87021,79283,80911,73557,67267,60859,54897,55230,50663,45482,40741,36381,36627,32497,28962,26268,26464,23503,20817,18385,18536,16331,14524,12758,12870,11271,9840,9930,8642,7491,7564,6372,5394,5346,4464,3955,4028,3450,2940,2883,2290,2316,1939,2004,1732
bra,Brazil,2390369,2461843,2535466,2611295,2689396,2769821,2852664,2937967,3025836,3116324,3212316,3308376,3407326,3509224,3614172,3722249,3833571,3948220,4066292,4175826,4276369,4367458,4448609,4519332,4559920,4627429,4695718,4757481,4800400,4874853,4959520,5036053,5116211,5187762,5264957,5361658,5340513,5369878,5496408,5598411,5708649,5778422,5829354,5932691,6049177,6195236,6318498,6511976,6645886,6779657,6883806,6943265,7074813,7229614,7361847,7473107,7566020,7580369,7625117,7712784,7768698,7849765,7953070,8050667,8122542,8127954,8116829,8062357,8185138,8317363,8630588,8780168,8902071,9200180,9331606,9543548,9941985,10236388,10445102,10588301,10884690,11082361,11230871,11489558,11496101,11829814,12008150,12358967,12706491,12904232,13001722,13156346,13765815,14390208,14726461,14749912,15261040,15657260,15992723,16468387,16920968,17110609,17545649,17926604,18303877,18687035,18868435,19214251,19465839,19567293,19922279,20158173,20737400,20899732,22038152,22464994,22948453,23462763,24171759,24037418,24264124,24979290,25349406,25564486,26064276,26720154,27442398,27703096,27708649,28256431,29375436,30308707,30740022,31003031,31241261,31872236,31806547,32442537,32821078,33724738,34460433,34764103,36241859,36427091,37086203,38066789,38044958,39055213,38939117,39173319,40276976,41050031,41353722,42641357,42915323,43187366,44756455,44977443,45206381,45331395,45199837,43879221,44349560,46515762,46981533,48278856,48730763,49125310,48517394,47825805,46048473,44064079,42091242,38936059,37853141,37896743,35678868,35529623,35364232,35177300,32735123,37661527,37604104,48236157,48435945,43822079,22120306,35225654,39253269,36830708,44297864,43013864,43844957,42828128,40029230,31865516,32652219,34319591,31743775,32395332,31695418,30931510,29095935,31165420,28604214,26483038,22517571,20893842,17821875,16921021,16015041,14405602,12987496,11234452,10080910,10685322,13484433,14488673,14580572,14871418,6197487,16468481,10625206,8638059,7874870,7577637,7146262,6733470,6342645,5969395,5992187,5738376,5379162,5381025,5054253,4744398,4451013,4173572,4163608,3900893,3653188,3419832,3407156,3195626,2988583,2793970,2779971,2597091,2425415,2264274,2249858,2108425,1966690,1978023,1844906,1720105,1707138,1590605,1481436,1469017,1367242,1272061,1260381,1171745,1114336,1103945,1029302,1019329,947133,879904,870814,808694,810281,753425,699295,695237,645024,642655,595997,589501,546526,540234,500689,494807,458432,452959,419500,414377,409298,378850,374127,350548,346186,320161,316111,316664,292564,288863,266733,263322,259945
brb,Barbados,71919,71919,71919,71919,71919,71919,71919,71919,71919,71919,71919,71919,71919,71919,71919,71919,71919,71919,71919,72166,72661,73417,74000,75266,76552,77872,78714,80060,81436,82830,84243,85152,86615,88105,89648,90633,92185,93766,95370,96351,97999,99677,101382,102415,104162,105967,107784,108856,110713,112487,114179,114914,116385,117763,119161,119643,121061,122483,123938,124262,125413,126425,127298,128020,127694,128409,129139,129642,129258,129999,130774,131538,131061,131758,132460,133169,132583,133396,134129,134616,133941,134645,135404,136137,135315,136023,136744,137476,136508,137227,137969,138737,137677,138471,139203,140005,138783,139562,140342,140553,140218,137173,135740,133785,131866,127789,125928,124092,122290,118438,116874,115421,114081,110607,109394,105982,104802,101401,100253,97252,96885,94580,94945,93279,93977,92206,92875,93546,91627,92283,90299,90812,88757,89383,90018,87859,88458,86220,86782,84447,84879,85273,82713,82978,83239,80562,80791,78071,78266,78479,75730,73506,71068,65464,62672,56712,50935,45475,42709,37865,35496,29592,26255,27882,24795,23388,20789,16324,13535,11174,8669,8029,7940,7857,8756,8640,7575,7066,6595,5558,5224,5552,6410,6333,6220,6038,4545,5621,5367,5063,5274,5650,6192,6187,6109,5891,5620,5276,5078,4998,3348,4969,4962,4845,3395,4652,4383,4334,4312,4718,4878,4879,3532,5051,5082,5218,5102,5146,5241,5057,6366,6524,5159,4869,4641,4705,4707,4739,4586,4619,5043,4858,4684,4527,4369,4383,4236,4086,3943,3806,3799,3670,3532,3406,3381,3255,3128,3011,2996,2876,2756,2645,2624,2513,2408,2393,2290,2191,2173,2075,2002,1988,1906,1891,1808,1729,1707,1637,1591,1574,1511,1518,1476,1460,1406,1392,1338,1286,1271,1219,1203,1155,1142,1099,1087,1081,1065,1058,1013,999,962,946,907,898,885,850,850,815,803,794,758
brn,Brunei,1564,1564,1564,1564,1564,1564,1564,1564,1564,1564,1564,1567,1572,1574,1578,1586,1597,1608,1623,1640,1656,1676,1697,1722,1728,1721,1747,1777,1818,1855,1886,1928,1969,1966,2012,2058,2100,2118,2160,2210,2253,2250,2298,2333,2380,2395,2450,2492,2549,2545,2592,2643,2710,2763,2822,2892,2950,2916,2977,3042,3009,3069,3118,3161,3205,3191,3272,3354,3449,3545,3639,3655,3772,3899,3919,4059,4205,4366,4527,4695,4868,5045,5078,5265,5461,5658,5867,6085,6314,6538,6584,6824,7073,7337,7605,7881,8181,8478,8520,8838,9164,9506,9863,10228,10605,10993,11041,11441,11817,12197,12568,12726,12891,13159,13016,13345,13568,13910,14451,14736,15241,15518,15314,15579,15845,16198,16472,16750,16512,16852,14668,12065,11466,8818,6564,5231,4003,2084,1355,959,608,374,257,155,85,44,28,13,4,,,,,,,,,,,,,,,,,,,,,,,,,,,,,,,,,,6,6,7,9,13,15,16,18,21,21,26,29,30,30,33,30,41,43,37,38,36,33,39,38,37,44,58,60,60,59,62,69,76,83,93,95,97,89,90,100,117,105,93,88,75,69,70,64,70,70,71,64,65,65,65,65,59,59,59,59,54,54,54,54,54,49,49,49,49,49,44,43,43,43,43,43,37,37,37,37,37,37,37,33,33,32,32,32,31,30,29,26,26,26,26,26,25,25,25,24,23,20,20,20,20,20,20,20,19,19,19,18,18,18,16,16,16,16,16
btn,Bhutan,335447,335447,335447,335447,335447,335447,335447,335447,335447,335447,335447,335447,335447,335447,335447,335447,335447,335447,335447,335110,334449,333445,332112,330458,328813,327162,325535,323900,322288,320678,319078,314787,313216,311648,310096,308548,307004,305473,303945,302427,300914,299417,297921,296431,294950,293476,289404,287966,286525,285090,283670,282229,280803,279375,277962,276542,275151,273751,272357,268443,267074,265721,264375,263037,261696,260370,259047,257734,256434,255132,253840,252550,251460,247926,246866,245793,244747,243685,242642,241592,240557,239519,238492,237466,236443,235418,234410,233405,230132,229138,228165,227188,226216,225249,224282,223322,222370,221419,220474,219526,218587,217647,214593,213691,212773,211871,210970,210078,209177,208483,208020,207758,207602,207754,207917,208072,206185,206346,206525,206699,206872,207049,207231,207400,207587,207756,205876,206060,206241,206424,206602,206787,206959,207149,207327,205423,205619,205805,205993,204472,201318,196592,188409,180798,173490,166485,159766,153303,147116,141497,139432,143359,145840,150021,154430,157121,161716,164523,169389,172297,177445,180472,186085,189574,193046,199424,203103,210020,214000,217965,225629,233573,245692,254348,263300,280829,282200,287547,287899,297976,302886,293510,300926,306295,309032,317350,316109,280812,289943,287375,277227,287405,255019,242075,217533,200883,192896,187420,178001,180744,173249,170102,159408,147171,134080,123723,109890,82848,74911,62189,43514,33003,29868,28525,27098,25799,21918,22472,6640,12062,11636,9068,428,319,251,119,1303,1415,1195,1217,1544,1558,1580,1600,1474,1464,1565,1363,1309,1118,1091,978,768,735,671,603,592,558,503,295,256,295,279,256,246,252,226,189,165,167,145,131,119,108,92,74,66,50,56,50,43,44,39,29,39,36,36,31,29,30,29,31,31,26,26,24,25,21,23,20,25,21,18,15,16,15,15,13,13,17,14
bwa,Botswana,119553,119096,118645,118194,117738,117295,116854,116407,115961,115440,114996,114562,114134,113699,113270,112829,112397,111969,111544,111023,110609,110196,109764,109349,108933,108554,108149,107733,107233,106831,106412,106014,105612,105204,104816,104406,104010,103524,103129,102735,102347,101960,101573,101148,100771,100380,99997,99523,99140,99039,99214,99656,100391,101407,102424,103455,104386,105436,106508,107585,108666,109762,110875,111985,113114,114123,115259,116431,117600,118787,119987,121196,122419,123655,124909,126008,127287,128573,129869,131175,132509,133842,135197,136561,137760,139154,140559,141977,143411,144869,146326,147811,149302,150613,152131,153666,155227,156793,158373,160193,162216,164485,166989,169503,172297,175134,178016,180950,183923,186918,189925,192945,195701,198740,201825,204956,208145,211372,214657,218244,222130,226020,230542,235395,240359,245425,250598,255875,261273,266732,271874,277467,283131,288863,294711,300678,306765,312975,319315,325709,331702,338215,344803,350928,357688,364576,371600,378190,385482,393381,401298,410229,420103,429369,438373,447133,456700,465515,474556,483954,494848,505114,514512,526774,536763,544786,544936,539159,535761,534099,529614,513847,503420,496505,509991,523101,536961,550671,559381,565973,557993,550629,552049,547110,552275,559391,565337,561103,524451,508618,516298,521807,558806,584201,597519,535394,505160,537586,545488,566006,596318,647023,603571,612522,586649,574570,515674,494795,451490,438395,438686,458853,431625,437604,457824,479211,485515,494166,487198,489585,479934,480992,488304,474724,485014,482076,448892,431573,415037,397398,451253,431760,413756,395903,377796,383487,366532,348919,330417,334433,316818,300302,284637,269737,271852,257487,242041,225965,226780,211140,198009,198498,186410,173849,176002,164989,152912,154274,145492,134217,133118,124533,115993,116424,108645,99624,99875,93062,93244,84576,78580,78263,70835,70747,65568,63642,56983,56862,52433,51973,47833,47558,43432,42920,39383,39230,35704,33767,30733,30563,27637,27455,27598,25106,24937,22651,22499,22421,20341,20196,18290
caf,Central African Republic,459522,459522,459522,459522,459522,459522,459522,459522,459522,459522,459522,459522,459522,459522,459522,459522,459522,459522,459522,461579,465742,470796,479273,489986,500957,512158,522158,533829,545770,557979,570457,583215,594511,607811,621404,635298,649498,664026,676791,691923,707404,723223,739395,755936,770327,787554,805162,823176,841588,853635,865073,874164,879623,881327,883032,881552,883257,884965,886672,889056,891987,891174,893891,896871,899855,903504,903056,906891,909904,913195,916766,920626,920957,925206,929491,934941,940156,944466,945671,950003,954361,958743,963147,967564,967974,972412,976881,981363,985864,988796,986984,986757,984961,981584,979834,972129,968774,965418,962879,959257,955371,946817,942412,937750,933103,928487,923896,914853,910319,905985,901850,897914,889629,886103,882588,874417,866112,862834,853355,846780,848437,847811,855872,861162,872166,877333,882184,893473,898316,909636,913961,925141,928940,932316,943386,946591,957848,960874,972323,975964,979898,994025,999643,1005815,1021965,1028061,1033911,1050610,1056347,1062550,1079476,1085001,1090239,1108268,1113706,1119774,1139194,1145637,1151681,1173001,1195289,1218454,1272649,1312838,1339654,1383226,1428485,1444482,1493648,1495269,1529052,1595791,1661056,1676444,1742982,1777344,1786784,1769564,1806820,1862255,1934408,1930892,1926547,1992625,1979508,1990008,2006909,2062494,2097012,2152954,2247125,2338706,2464346,2535495,2611871,2588072,2660593,2804546,2715727,2748256,2830470,2839251,2853618,2957862,2952874,2998835,2997705,2991673,2999075,2874381,2780277,2802259,2775536,3368590,3347059,3324500,3351051,3398503,3409118,3432546,3523402,3606574,3580757,3615678,3807507,3954599,3976739,4107373,4169749,4226610,4438434,4493339,4543176,4677240,4721633,4761977,4891044,4914723,5040499,5056214,5064178,5183469,5187137,5177747,5303111,5296967,5284971,5400120,5379620,5343363,5455686,5410782,5521143,5466920,5405680,5524397,5453082,5374733,5473704,5384549,5288189,5378670,5271234,5158442,5241267,5117402,5194645,5071272,4936444,4988018,4822220,4671467,4725753,4555786,4404162,4462619,4313241,4156609,4201569,4072550,3921252,3965072,3814565,3680820,3717280,3568941,3423161,3449158,3303211,3159318,3181901,3072764,2986118,2900607,2936902,2834646,2696131,2727719,2604640,2504840,2364955
can,Canada,337425,341176,349641,358305,367191,376295,378699,388087,397711,407569,410187,423647,434154,436628,447452,458551,460906,472335,484048,490492,505065,521272,535592,555202,575522,583581,604937,627077,636825,660325,684881,695718,706530,742389,754045,783947,805036,847333,871792,905066,929602,965422,980009,1018109,1032987,1073153,1088103,1130410,1145402,1203225,1214583,1255328,1295509,1300533,1340229,1381133,1385510,1427799,1471377,1469113,1502167,1530232,1509699,1482904,1499560,1471433,1487161,1457931,1482643,1453803,1406087,1347403,1434058,1255939,1268995,1398601,1624211,1492245,1659780,1463820,1399689,1225997,1186965,1194348,1115169,1207052,1214476,1173688,1093495,1099438,1008630,1013422,1017983,1069034,1026626,1030922,1135471,965521,955454,888117,859103,810926,708642,722169,772052,675065,600922,611883,713488,633277,599202,599685,568406,565512,627296,600731,525066,498189,592409,657571,712677,921992,737730,703093,707708,658161,583782,532257,467000,496767,537857,703797,834654,985101,790506,728694,662523,593385,587745,526743,423222,311032,215281,205390,197421,219794,234379,223731,225684,228048,220170,198311,193615,183194,210987,182854,168654,173417,184839,178371,182313,176519,173579,165387,163234,154692,149676,152943,151909,146832,150209,149981,145455,140884,140109,142739,141825,140817,139652,138523,140895,141683,162649,195182,197180,157278,113782,66252,91895,113434,81506,118882,127914,107144,87748,128841,81930,83678,115813,110140,72862,63764,51299,54744,54347,71354,58650,32050,51387,49561,47157,57373,54929,117552,77255,108496,94317,93795,86311,72958,6011,28818,27443,28681,29496,29800,28301,26944,27027,25671,25728,25813,24461,24499,25318,23941,24001,22688,22738,22854,21497,21523,20200,20220,20232,19078,19090,19103,17819,17817,17832,17837,16582,16625,16621,15404,15399,15393,15397,14223,14224,14222,13230,13231,13237,13236,13233,12129,12126,12125,12162,11097,11090,11083,11073,11061,10044,10032,10020,10006,9997,9981,9016,8998,8984,8968,8949,8933,8025,8008,7987,7969,7953,7935,7916,7066,7077,7066,7049,7033,7019
che,Switzerland,727359,731978,706022,710504,715010,719552,724118,728706,703266,707732,712249,715638,720174,694052,698452,702890,707347,711838,716351,688599,698326,702440,706479,710429,714412,686559,690403,699930,703851,707786,679475,683268,693778,697649,701537,705449,676836,680610,684400,695307,699566,671396,689889,694674,699493,706001,710902,682641,687386,691936,696303,700455,704413,742612,757596,750570,719587,575925,555769,557575,537570,540530,598996,571226,606871,602151,612527,641033,546517,549692,568737,563821,536767,489940,490849,469887,401232,445941,483149,483006,400290,364794,363830,317895,240385,225597,194810,184001,183205,182667,171104,192399,171281,171724,172154,147151,133580,119213,109365,110980,103340,111355,103950,110898,88651,83047,67606,70679,70969,60948,54992,55005,49365,49364,67529,69764,54201,61453,81058,92052,74702,119501,78696,60224,48028,43953,41548,36276,30498,28614,28452,28137,30450,28343,28445,33234,33559,28743,31700,29533,31174,35715,38463,38672,36408,37287,24398,23836,24245,24534,23301,22057,22343,21403,20612,19954,19573,19580,20009,19667,19383,19320,19325,19554,19396,19539,19538,19572,19681,19390,19012,18628,18543,18456,18644,19349,19322,19028,18810,18625,18170,18508,18584,36554,18127,37578,36857,36572,35930,35400,35075,34508,36472,34473,31332,28122,23859,19329,14543,9877,2137,1192,,951,1767,6794,6017,4972,7423,4895,5686,409,341,2408,1874,1629,3287,947,2448,1387,4548,3159,4877,4935,4937,4988,4715,4717,4423,4127,4414,4409,4114,4103,4101,4092,4079,4064,3775,3766,3753,3739,3727,3716,3702,3409,3395,3384,3370,3356,3343,3335,3321,3305,3016,3000,2982,2966,2951,2939,2917,2902,2887,2868,2594,2578,2561,2545,2530,2516,2501,2486,2472,2456,2446,2430,2418,2401,2152,2139,2124,2113,2099,2085,2072,2058,2047,2037,2024,2014,2001,1989,1985,1972,1960,1951,1940,1723,1713,1703,1693
chl,Chile,727220,727220,727220,727220,727220,727220,727220,727220,727220,727220,727220,732745,732745,732745,732745,730150,735183,735183,730150,738518,740153,752971,764005,784090,804522,813833,828914,844831,863981,879129,898209,917298,931857,950839,964950,979219,999160,1013235,1033861,1054393,1061086,1081099,1100958,1112955,1132864,1145941,1157486,1178195,1189520,1189060,1187176,1196099,1218021,1252713,1261451,1269838,1292438,1299888,1307498,1314540,1319999,1361688,1383748,1389719,1393215,1395703,1397141,1466273,1468888,1420609,1444674,1468971,1467404,1436076,1490335,1456850,1512979,1599155,1597044,1463929,1385328,1369598,1279336,1341158,1325944,1428690,1414269,1355893,1465158,1449391,1387464,1333886,1352976,1380637,1444566,1292400,1270597,1386535,1230369,1293252,1364314,1386630,1321111,1435446,1319737,1433869,1366309,1354687,1303221,1327816,1176336,1197974,1136665,1112857,1449056,1556110,1263564,1286917,1309110,1609958,1506850,1770919,1752329,1486942,1417724,1391648,1466204,1602262,1241374,1267603,1534847,2006301,2662085,2274130,1972747,1891966,1864426,1742633,1781713,1758803,1799704,1907772,1885898,1931353,1977852,1891505,1813125,2197573,1901671,2008907,1993149,2047543,1964672,1942854,2142054,2120561,2255641,2072099,2126885,2352965,2239949,2209202,2258606,2218418,2270178,2316482,2082417,2126215,2169899,2115335,2157696,2008788,2145344,2495279,2542973,3278564,3216743,2914610,2732509,2550435,2371843,2249265,2875102,3113772,3105795,3083420,2940074,2782378,2587887,2179535,2179838,1919399,1598472,1566322,1523015,1413682,1251995,1219064,1159911,1308171,1369090,1349346,1331725,1294635,1021468,799342,616511,510630,481741,485821,393337,317589,217358,159214,144578,133606,114956,101021,165907,178251,251000,160827,107313,117218,116595,114580,109483,105138,101003,97238,100899,96947,93371,89997,89838,86617,83597,83291,80425,80101,77390,74751,74366,71954,71551,69258,67079,66638,64562,64080,62111,61537,59648,57855,57267,56432,55887,54146,53576,51905,51355,50392,49852,49286,47745,47252,45675,45097,43624,43175,42605,41144,40696,39422,38876,38318,37465,36921,35561,35025,34483,33183,32661,32231,31001,30557,30040,28866,28354,27859,27440,26332,25861,25400,24423,23977,23541,23188,22210,21806,21400
chn,China,308804788,310244939,311691806,313145422,315673069,317145250,318624294,320110246,321603118,323102960,325615227,328137127,331011801,334244214,337508196,342184069,345525584,348899727,352306824,355556936,358647168,361574600,364336267,367017385,369629371,373671898,376331239,379009508,381706832,383928930,385672039,386932402,387706224,387989674,388273319,388557182,388841254,389125528,389410023,389637694,389808504,389922418,389979405,389979405,389979405,389979405,389979405,389979405,389979405,389290030,387917388,385787323,382987131,378089101,374579373,371191428,367834099,364507131,359753489,356759664,354051535,351625093,349476352,347601358,344567525,342718841,340880066,339051142,337232012,335950966,333681943,333473069,335445211,336426113,337409824,338396335,339385674,340377846,341372856,342401964,343465381,344563322,345695993,346863618,348035127,350425960,351611560,352801104,352760191,352484592,353948481,355555086,357305623,359201367,361107097,363022863,364948739,365099942,367036336,369017336,371043394,374940442,377068669,379243525,381430866,385369738,387591867,389826736,392074422,394542932,399350786,402963269,403735596,406257458,410799501,415392260,420036280,424732143,429570963,433808131,437433975,440438706,442812424,442130592,443860370,445596856,447340071,449090056,450846823,452826843,455032438,457465954,457467727,469956186,472914522,468873508,466081607,472035652,477782884,483355308,488668811,493763949,498516847,504904088,509273788,513515255,517636340,522557719,526349455,531640700,539084553,543809807,550800338,557032491,577242729,586951523,597625088,611224044,627166042,639583510,646234747,652746899,661594300,679056812,696132630,709854920,730453124,750567529,773181091,792910472,806285142,824124670,848517433,862032092,882316057,895106994,914675040,925181588,927702501,936424276,945312303,961977243,965402903,962596326,945543796,925160780,910947451,883883412,837994916,944268984,949614064,945867188,928269294,906593123,850552315,797516022,747667712,737953717,729847221,721946955,683512044,646496609,605510224,549895612,492042652,425666934,397280952,364950342,346845277,312784330,275793220,220566300,187760259,97294630,75411070,45397045,33127498,26064987,15116186,4805047,106167,68006,222214,24692,,,772286,773011,678928,588452,556347,575922,566644,540483,574330,522105,507398,533263,511914,498652,519845,492254,439010,454782,430918,376923,373115,349988,322361,330602,290003,303264,258174,245176,235348,223048,226617,220217,223262,203004,205578,186292,183889,166158,167693,151114,141718,126900,127826,114120,114855,102218,102653,91058,91478,91852,81144,81393,71623,71763,66176,57877,57911,52237,52218,47854,107893,106878,106704,95862,92259,93448,84362,84145,83910,128824,117776,117148,116689,103857,109692
civ,Cote d'Ivoire,998072,998072,998072,998072,998072,998072,998072,998072,998072,998072,998072,998072,998072,998072,998072,998072,998072,998072,998072,997723,997039,996012,994643,992939,991232,989528,987828,986135,984438,982749,981065,979377,977698,976021,974347,972666,970990,969330,967664,966002,964346,962687,961038,959383,957734,956090,954451,952810,951176,951200,952881,957376,963562,971467,979431,987460,989770,997515,1005691,1013726,1021611,1029355,1036954,1037983,1045444,1052797,1060352,1067956,1075627,1083560,1084678,1093109,1101816,1110832,1119924,1129091,1138330,1139823,1149157,1158106,1166659,1175872,1183600,1190901,1189759,1197110,1204512,1211963,1219442,1227464,1236040,1245159,1254852,1265116,1275457,1285875,1296382,1306972,1317645,1327605,1336833,1345325,1353066,1360047,1367054,1374104,1381178,1388302,1395453,1403202,1411560,1420532,1430118,1440342,1450632,1460999,1471431,1481949,1490888,1502587,1517120,1534542,1554913,1578286,1602009,1626085,1650529,1675338,1700521,1725730,1750967,1776221,1801480,1826762,1812875,1809002,1801837,1791034,1778208,1739694,1719984,1698073,1645329,1616211,1549562,1508793,1464660,1378497,1329465,1239244,1189476,1182803,1173562,1164932,1201923,1193492,1186328,1176408,1166359,1209168,1151367,1047288,1088755,943554,779231,887919,884335,918894,824792,815507,766323,758451,793941,786512,824756,863741,761386,790904,732092,761898,943587,955707,1065980,1266532,1438385,1496552,948669,1801901,2697405,3050500,3629605,4225819,4946902,5611425,5903536,6031633,6494173,6974898,7971731,7877863,7897372,8208917,8065766,8951597,9476170,9593624,9714957,10022327,9965809,10390717,10581751,11676371,11805620,11611954,11667993,11765939,9981904,8311270,7347106,6243683,6821842,6648306,6341444,6180968,5606126,5555393,5121290,4841893,4566773,4293194,4801556,4520228,4256209,4015096,4146841,3902272,3665487,3437935,3211187,2995985,2797453,2613557,2670299,2491908,2291518,2150027,1989895,1847969,1720755,1595570,1655051,1544357,1431278,1325187,1228658,1151378,1089534,1015664,1056672,972117,909438,834947,773313,723971,754272,691737,616636,562332,494778,440164,450609,408179,382694,347405,323281,319579,292751,258248,239965,213263,210922,195545,177490,164510,159309,148209,137262,129125,131922,121624,106545,97820,95565,87238,77692,78530,72085,62231,65434,55699,52535
cmr,Cameroon,1807770,1807770,1807770,1804126,1804126,1804126,1804126,1804126,1804126,1804126,1804126,1804126,1804126,1804126,1800259,1800259,1800259,1800259,1800259,1805055,1814720,1829319,1848900,1873560,1898546,1923856,1945063,1970995,1997281,2023910,2050893,2078238,2105954,2134031,2162489,2191320,2220535,2244678,2274612,2304939,2335668,2366814,2398379,2430356,2462759,2495598,2528874,2562592,2590227,2620180,2645928,2666103,2681902,2693248,2704642,2716074,2727563,2739100,2752272,2756560,2768606,2780883,2793406,2806178,2819009,2831898,2844843,2857848,2870912,2884627,2890565,2905547,2920495,2936109,2951810,2967584,2983448,2999385,3015417,3031538,3047765,3054376,3070725,3087171,3103702,3120327,3137029,3153836,3170716,3181285,3185554,3183508,3164180,3149557,3134974,3120466,3106022,3091651,3077335,3060251,3040427,3017926,2992763,2953911,2926481,2899304,2872381,2845709,2819275,2795435,2763017,2743888,2727643,2713819,2688513,2674876,2661303,2637102,2624978,2622072,2628460,2631505,2656544,2677414,2712194,2732384,2767876,2803830,2824240,2860677,2880197,2916443,2953364,2971911,3009135,3046997,3065197,3103758,3121291,3164181,3186119,3233943,3260335,3288252,3342785,3370141,3396423,3452761,3479071,3505517,3567204,3584838,3603580,3623770,3646024,3670402,3695090,3719198,3742678,3766702,3781118,3839649,3857805,3885506,3972151,4000134,4027479,4191518,4155608,4186993,4298202,4332312,4452118,4486574,4613422,4646134,4873971,4791769,4454801,4453958,4184874,3640430,3671957,3469866,3335438,3277016,3139894,3600969,4111689,4572177,5201248,5604775,6015603,6794326,7144496,7301033,7101594,6878479,6103186,5436594,5135593,4520862,4960352,5104313,5272763,5780600,6180739,6370998,6421434,6448009,6553896,7566302,7139957,6872682,6116722,6393538,6330824,6621446,6566642,6846432,7111599,7109070,7456820,7580247,7611329,7767864,7782266,7629024,7458436,7281257,7456247,7271271,7073226,6866304,7020613,6799252,6586563,6388353,6175971,6323190,6084139,5839312,5579979,5320070,5067950,4822971,4901417,4653137,4371858,4152001,3906008,3676594,3460787,3522471,3320525,3118578,2913880,2718073,2534431,2373733,2227689,2276707,2129056,1968904,1835478,1693069,1567667,1458433,1360544,1355008,1231807,1136199,1020602,921221,846800,773424,783317,711269,654531,583298,525076,474778,423439,420993,382487,343418,311050,274371,247727,252096,227504,204558,178665,160807,157519,140118,123211,109377,94074,96658,83495
cod,"Congo, Dem. Rep.",5128953,5128953,5128953,5128953,5128953,5128953,5128953,5128953,5128953,5128953,5128953,5128953,5128953,5128953,5128953,5128953,5128953,5128953,5128953,5144981,5177298,5226141,5291791,5374489,5458476,5540948,5627542,5715481,5804809,5895525,5987662,6081232,6172872,6269333,6367311,6466822,6567884,6670524,6774771,6876572,6984031,7093180,7204031,7316611,7430959,7542265,7660140,7779855,7901437,8000376,8076313,8129360,8153069,8158210,8163356,8168506,8173656,8178810,8183976,8192581,8216774,8250575,8294070,8347326,8400904,8447334,8501562,8556138,8611072,8668590,8728733,8791547,8849425,8917532,8986166,9055321,9125018,9195249,9266029,9322779,9382869,9437555,9486773,9530469,9574356,9618437,9652819,9697236,9741861,9767617,9774515,9762564,9720881,9671284,9621926,9572846,9523996,9475400,9427054,9358449,9292656,9218336,9135620,9044623,8954540,8865349,8765358,8678026,8591563,8512880,8441850,8378374,8310308,8261611,8214246,8153479,8092291,8044787,7983017,7950905,7948462,7992531,8049927,8137659,8244757,8333442,8421887,8532652,8621885,8709172,8822197,8906185,8987575,9066151,9176112,9254326,9331096,9444206,9519476,9601517,9733532,9833216,9936240,9991033,10094899,10196774,10295495,10392353,10486748,10597171,10718528,10552728,10548844,10519523,10471113,10548996,10466471,10532230,11100371,11183477,11282952,12275899,11685612,11794130,12323051,12665444,12808807,13415483,13578342,13213827,13862753,13692093,14345650,14139822,14210220,15537234,16562311,17292178,18736853,19405548,20021833,20770113,21707000,22541777,23151645,24209799,24815811,25644752,26762128,27986696,29842214,31917244,34016288,36425438,38674298,40511952,41379048,42561984,43925521,45810236,47688038,49522972,51064870,52474497,53781650,55313187,56181584,56714402,57008913,58801734,58779915,58495068,58165417,58690273,60723917,63015747,66694335,70509261,73465699,76820940,81203964,83354300,85162931,86798155,89037041,91496868,92724552,94476188,97403012,99089784,102065768,103665146,105160276,108158688,109531850,112545266,113773181,114867134,117851755,118797346,119611390,122589195,123245679,123758829,126717140,127049291,127206442,130129860,130076231,132899377,132613046,132123035,134908302,134173237,133236226,135845098,134619665,133184902,135675274,133955776,132141909,134579288,132375003,129968754,132103849,129357432,126486008,128379681,125254701,121958385,123930129,120695361,117406376,113777599,115554820,112396837,108695050,104904841,106580255,102900415,99056772,95356490,96291806,92968705,89160353,85752187,87306355,83668092,80468817,77236790,73648290,74703518,72201146,70447592,67620867,64919113,61757331,62252663,58660738,55163922,51954908
cog,"Congo, Rep.",311111,311111,311111,310841,310841,310841,310841,310841,310841,310841,310841,310841,310841,310576,310576,310576,310576,310576,310576,311571,313594,316643,320735,325595,330845,336165,341569,347076,352663,358334,364107,369965,375922,381596,387735,393981,400315,406764,413311,419957,426717,433587,440573,447189,454386,461688,469130,476674,484344,490538,495219,498590,499833,500073,500299,500530,500755,500993,501229,502051,503493,505544,507601,510885,514176,517499,520849,524216,527601,531220,535089,539194,542741,547243,551780,556351,560963,565626,570431,575046,579582,584037,587554,591838,596148,600484,604855,609269,613702,616672,618182,618218,615783,612870,609965,607083,604211,601351,598500,595073,591081,585461,580351,574696,569094,563552,558067,552618,547240,542338,537900,532875,529385,526335,522193,519182,514968,510757,506270,505218,504911,506647,510458,516437,522226,529899,535720,541472,547163,552664,560491,565755,571013,575845,580563,585094,593052,597559,601850,606527,611575,616962,622870,633817,639952,645945,651770,657417,662998,668804,674863,682333,697281,705089,721058,729420,746618,755566,774227,783768,803709,802769,835225,857657,881176,905823,919108,918913,931772,929935,926943,922774,951865,890998,938763,984865,1009310,1112854,1119375,1083004,1018859,1006591,906749,894152,879398,942952,1031906,1086744,1117115,1143446,1208200,1223987,1272778,1353222,1477093,1497805,1529457,1582736,1607861,1699891,1717058,1783341,1814591,1890458,1956185,1981786,1869210,2102900,2059827,2088583,1896233,2045097,1878901,1900060,1935286,2036647,2254492,2412704,2519606,2614990,2865543,2949915,3003425,3132220,3175318,3240339,3264529,3339983,3330935,3319924,3484600,3564178,3551699,3536455,3519115,3595180,3573280,3551082,3524766,3498443,3571915,3542839,3515038,3478135,3436810,3504893,3460583,3410665,3356990,3300615,3244259,3300756,3244691,3175537,3109054,3037895,2957180,2888922,2945352,2882837,2812994,2731158,2646047,2559925,2457750,2375154,2396793,2306822,2207179,2099469,2021656,1929103,1843329,1865580,1779850,1704459,1627216,1547008,1469095,1393287,1328565,1348589,1281883,1217964,1149825,1085408,1019696,957852,966933,906683,851782,787243,732033,672904,620154,622157,575616,536837,495967,460631,423597
col,Colombia,1092056,1092056,1092056,1092216,1098973,1098973,1098973,1098973,1098973,1099372,1105785,1105785,1105785,1105785,1105785,1111865,1111865,1111865,1111865,1119437,1140726,1164668,1196736,1237517,1279689,1323286,1368375,1415005,1463216,1506718,1545243,1586206,1614143,1636283,1658719,1681460,1704528,1727894,1751593,1773086,1792315,1817508,1832165,1844401,1856728,1869124,1881606,1894183,1906831,1927407,1956155,1993628,2030568,2085583,2131702,2189450,2236576,2297163,2346484,2377006,2402614,2396352,2386457,2343240,2315864,2273068,2232482,2206393,2163858,2150871,2133043,2145350,2170000,2188527,2226336,2264797,2303927,2343728,2384222,2403764,2445276,2487583,2530620,2574396,2596491,2641458,2687220,2733751,2781100,2853469,2902830,2953033,3004194,3056156,3135869,3190021,3245108,3301149,3358156,3418293,3509640,3576766,3647350,3721477,3797118,3874295,3953036,4001838,4016585,4065164,4115867,4167917,4221880,4279493,4336601,4391280,4443114,4493435,4541518,4521495,4492066,4529479,4486205,4517362,4546630,4662244,4506002,4419952,4330765,4435750,4640843,4734720,4712402,4563131,4867373,4497907,4456601,4533616,4366350,4325935,4418463,4522484,4764821,5025120,4884267,5012228,4869983,4857219,4995243,4997086,4997120,5146806,5150879,5161716,5163286,5328029,5500322,5681504,5862077,5875484,5878161,6083831,6066983,6266862,6250808,6451036,6417682,6612977,6566675,6249102,6169008,6077333,5742443,5646568,5304208,5431863,5560590,5447823,5100968,4991530,4882324,5124672,5284507,5632469,5483132,5692205,5469961,5269384,5058724,5076357,5078860,5242492,5209034,5691357,6171653,7092722,7973011,8139875,9292539,9728082,7176794,10580430,8324951,7998913,8046846,7136968,7184991,7047774,7194304,6710283,5919505,5254425,5014691,4628906,4214292,3885691,3883781,3605745,3760193,4436647,6319506,5683422,4747681,3994444,4001027,3933483,3565447,3403353,3246356,3256713,3101680,3108983,2954342,2806466,2663559,2525773,2525661,2392789,2264542,2143950,2028763,2024590,1914391,1809560,1708857,1702458,1608251,1517669,1432834,1425463,1346043,1270438,1263357,1192341,1126273,1063582,1056663,999087,944254,937163,885742,878444,830228,784791,777362,734719,694445,687800,649878,643314,607603,573802,567520,535715,529242,499321,493399,465282,463556,436797,431198,441557,442047,413928,410179,384003,378547,353847,344889,322771,319456,301100,297799,293835,271356,266480,249541,245778,242478,228746,225719
com,Comoros,38291,38291,38291,38291,38291,38291,38291,38291,38291,38291,38291,38291,38291,38291,38291,38291,38291,38291,37519,37530,37562,37611,37674,37755,37837,37910,37989,38073,38156,38231,38315,38388,38473,38554,38634,38717,38800,38882,38959,39041,39123,39207,39291,39369,39453,38689,38763,38850,38930,39047,39181,39398,39646,39927,40209,40355,40637,40948,41241,41533,41822,41950,42238,42538,42841,43139,43434,43746,44052,44357,44674,44985,44378,44798,45226,45652,46090,46526,46968,47411,47879,48333,48788,49247,49716,50182,50655,51146,51631,52119,52606,53105,53611,54110,54610,55128,55639,56164,56686,57393,58281,58221,59464,60909,62379,63896,65438,67025,68444,70107,71804,73547,75324,77148,79036,80946,82908,84751,86702,88467,90017,91351,92604,93489,94370,95470,96373,97279,99731,100651,101579,102524,103480,104432,105398,106357,107337,108333,110825,111834,112856,113882,113414,114477,115522,116582,116111,117063,118164,119688,119877,121321,122007,123335,122552,125221,125618,126151,126983,127534,123017,125839,120521,106679,99976,104534,97755,94362,97205,103370,103585,103789,103815,100222,103892,99978,107648,111508,115444,106112,105137,101678,98690,98548,99480,103502,108712,114335,119041,126292,130047,143357,137628,136736,151096,149702,153334,159823,166743,167480,154508,151832,156035,157178,160172,171699,183034,193764,202615,199736,213542,208232,220899,211069,233360,242913,229574,240675,229232,242971,227753,241620,245047,244782,225820,245130,234131,238614,242645,247073,261394,255522,248944,252464,245752,239515,233337,237503,230455,222900,215580,208851,211651,204816,197346,190013,183896,188652,182316,176300,169658,163127,157127,157290,151760,146852,142258,136602,131845,132074,128011,121847,116095,109940,102939,97792,92630,93580,88998,84400,79915,75325,71121,67546,68037,64208,62474,61705,59301,56016,52600,47985,47584,45233,42206,38599,35164,32376,29195,27249,26916,25092,22645,21650,19538,18429,17128,17296,16201,14699,13610
cpv,Cape Verde,52445,52445,52445,52445,52445,52445,52445,52445,52445,52445,52445,52445,52445,52445,52445,52445,52445,52445,52445,52560,52790,53119,53571,54139,54712,55297,55882,56481,57075,57692,58298,58915,59546,60177,60808,61459,62112,62769,63439,64108,64791,65486,66174,66872,67585,68304,69032,69767,70503,71248,72004,73013,74037,75079,76128,77181,78261,79353,80459,81579,82714,83863,84713,85889,87087,88295,89513,90757,92002,92914,94196,95493,96816,98163,99518,100487,101881,103286,104724,106162,107636,108662,110169,111194,112203,113756,114765,116355,117368,118356,119992,120977,122657,123631,125344,126320,128064,129019,130814,131761,133596,134531,136400,137318,139645,140578,142533,143437,145437,145663,146335,145175,144521,142019,140721,138246,136984,134552,132965,130876,130720,131264,132524,133245,135229,137358,138086,140148,142238,144611,145840,148761,151993,155517,159143,161265,165023,168866,172815,173526,174481,173953,171924,168405,164954,161581,158263,155022,151850,150250,148777,150741,152720,154602,156402,158244,160241,163876,167778,166150,165978,168423,175744,183596,189837,194312,196685,201027,202978,209992,211192,212849,212407,214513,213528,236833,239806,247863,242642,242546,242678,241618,243309,242723,243762,240627,242737,243944,242103,240304,247349,255640,254032,250974,234751,224582,214900,205759,196092,185690,173109,176024,172502,164109,157319,152280,143411,130737,117760,121086,114915,100428,97388,92836,87226,76933,76520,70555,67803,61150,85512,78959,63888,59050,52000,48237,40435,37631,34997,35099,38268,35594,32858,30534,28133,25901,25715,23642,21664,19908,18290,16685,15322,15402,14027,12732,11786,10765,9919,9809,10073,9315,8589,7835,7044,6332,6507,5955,5313,4720,4256,3884,3779,3357,3090,2663,2779,2531,2283,2155,1984,2010,1895,1670,1671,1524,1395,1298,1277,1144,1021,1120,993,915,820,822,722,724,651,578,573,495,444,537,470,429,377,347,487,426,438
cri,Costa Rica,51732,52179,52634,52827,53290,53751,54214,54690,55164,55646,56133,56617,57120,57607,58116,58618,59119,59634,60160,60833,61683,62708,63898,65175,66582,67890,69357,70885,72276,73817,75179,76666,78154,79442,80947,82272,83829,85410,86825,88260,89262,90305,91166,91565,92221,92690,93365,93737,94414,95286,96045,97428,98672,100489,102341,103822,105732,107241,109220,111126,112508,114298,115494,117149,118829,119952,121672,122787,124542,126721,128650,131701,134468,138502,142648,146040,150427,153958,158575,163348,167173,172240,176251,181630,187184,191483,197336,201805,207970,213354,217282,222721,225932,230801,235790,238695,243844,245887,251220,256658,259553,265191,268061,273890,279857,282774,288931,291813,298190,304350,306578,308343,313713,314693,318512,319320,319979,325283,325523,330840,331341,347346,337943,360143,345133,357311,344471,376560,377795,396852,399058,413467,446372,419734,466632,458288,462355,436616,438269,450684,480733,468721,527477,546076,603535,593528,588326,546847,551968,570488,632692,655473,637260,608912,633074,631125,685142,683945,666974,695260,709596,739506,751346,762474,772650,762896,772128,780681,766558,770211,753589,754664,735696,715290,714550,734447,733705,711827,710822,710041,730942,810445,860620,798149,686004,631894,534120,474327,488945,380667,385512,490267,424535,331679,296504,308338,352657,311953,262087,335997,356762,303227,270478,282158,274518,237357,239964,145369,162476,164786,120559,139230,134741,134984,130233,131080,125533,95123,128624,102165,182794,119058,98381,92403,77099,72621,65698,62097,58699,55491,55536,55664,52606,49706,49686,47041,44435,44404,41839,39475,39405,37131,34971,34882,32812,30825,30719,28813,28698,26813,25056,24936,23212,23095,21537,21395,19923,19781,18385,18257,16959,16833,15612,15475,14339,14207,13088,12965,11928,11806,10910,10793,9961,9851,9732,8982,8873,8187,8080,7964,7344,7245,7146,6590,6481,6396,5885,5799,5714,5263,5183,5102,4712,4635,4553,4209,4136,4073,4007,3696,3638
cub,Cuba,258863,278840,300371,322525,347423,374240,401758,432769,466166,502146,518177,534897,545061,546043,549109,552206,553070,556177,559309,567751,579293,599201,625347,655109,689422,725539,759860,801916,843921,878357,904828,922925,928242,928242,928242,928242,928242,928242,928242,931285,937419,946701,959189,974916,990895,1002643,1019083,1030943,1045844,1057706,1069469,1087506,1099816,1118406,1130802,1143049,1162371,1174643,1194510,1205995,1212647,1209314,1209071,1195289,1189987,1181638,1167591,1162405,1157241,1143804,1144400,1149645,1145398,1159464,1172102,1172671,1184572,1196924,1193458,1203809,1207624,1198721,1186849,1163650,1132918,1108676,1082418,1064617,1036005,996760,952653,896433,869957,870545,868220,869760,902087,899650,905166,915647,924810,962437,937640,934063,933282,893670,970929,847364,1061121,963318,973502,1113788,1114756,1040489,1033137,1059570,1059693,1052360,1096538,1085612,1110537,1174179,1198661,1264367,1247772,1129266,1252991,1249670,1412816,1307978,1346782,1952197,2091268,2231251,2112062,2033785,1957429,1823769,1851094,1886321,1926116,1849300,1883394,2036089,1883693,1902071,1759618,1657574,1747268,1770901,1667440,1680789,1540307,1722856,1734121,1752477,1707320,1540108,1551897,1503855,1513295,1529352,1613217,1636804,1473061,1557362,1513416,1339741,1553366,1641893,1825609,1627640,1573532,1454984,1395048,1273073,1273796,1212649,1099559,1042366,1088326,957268,914371,885219,866954,845862,823544,804230,782510,767950,748104,737321,720825,706484,685702,663842,645460,628012,601102,581101,566716,550401,533026,507228,500144,488148,482953,310625,307231,303292,296663,292465,290017,290953,293860,295955,300523,305799,308252,299299,289400,399885,283813,270058,265235,258879,273851,274791,261003,252277,269571,257230,259202,252960,243370,231514,221153,203048,193224,186477,187606,176870,167935,161397,153163,144306,138017,139241,131845,125446,118897,113022,106033,100324,99974,93700,88160,83362,78574,78026,72487,67283,62940,56880,55856,50534,47473,42995,39248,39044,34896,31215,27655,27458,25628,22565,22346,20816,19377,16914,16737,15489,14390,14282,12353,11465,11319,10519,9752,8769,8127,8009,7420,6876,6792,6289,6175,5723,5288,5208,4818
cyp,Cyprus,173339,173357,173370,173397,173417,173432,173453,173475,173492,173510,173532,173548,173563,173583,173607,173624,173640,173659,173676,173696,173718,173737,173757,173772,173789,173810,173831,173846,173863,173888,173903,173920,173937,173958,173986,174004,174018,173456,173478,172877,172895,172265,172285,172307,171643,171663,170878,170892,170911,170156,170177,169368,169375,168528,168537,168548,167650,167654,166705,166716,165712,165719,165697,164627,164638,163507,163511,162321,162330,162341,161087,161091,159817,159864,158508,158545,158489,157019,157063,155861,156637,155618,157118,158984,158944,160828,160651,162557,162221,164165,166172,165466,167056,166460,168576,167779,169906,172062,170407,172591,171417,173791,172499,174364,176915,175365,177916,176038,178598,175685,178101,179758,175421,176892,172778,174202,176464,172710,174139,176360,178476,173109,174987,169330,171350,172644,167493,168720,170766,165840,168853,164683,168644,173184,169590,173627,178330,174330,179052,183275,177695,180700,183162,185073,177463,179316,181189,183083,184996,177307,179576,192482,165384,138841,141271,133976,98979,83720,102869,95857,127034,99753,68252,56657,84900,43000,35725,23889,19424,14181,14275,8341,6797,6876,9551,18459,8602,5088,3864,3063,2695,2639,2136,1910,1788,1647,1686,1574,1330,1232,1176,1087,1124,1235,1198,1024,1025,1030,1000,976,956,916,938,955,943,227,107,195,29,928,486,170,46,1321,1176,273,451,199,309,2201,362,266,6,106,103,104,183,183,180,167,195,202,190,194,189,195,202,192,200,184,187,184,173,177,182,168,168,166,151,154,157,146,146,147,135,137,137,124,127,127,130,118,119,119,120,100,102,102,103,87,88,90,77,89,74,75,75,81,79,70,69,69,70,70,69,62,62,62,62,62,62,54,54,54,55,55,55,54,54,47,51
cze,Czech Republic,4464436,4464436,4464436,4464436,4464436,4464436,4464436,4464436,4464436,4464436,4464436,4464436,4464436,4464436,4464436,4464436,4464436,4464436,4464436,4467753,4514213,4524270,4537708,4499892,4516579,4536294,4536940,4595700,4655210,4715489,4712940,4742081,4771408,4733591,4762865,4792315,4750776,4792038,4745859,4601528,4593392,4760873,4894419,4895313,4906405,4929235,4944329,4839745,4827186,4840833,4765755,4604954,4610176,5015120,5219123,5248353,5189738,5232885,5276898,5321635,5355818,5386029,5412628,5347792,5388455,5422279,5433277,5477900,5508796,5539863,5571108,5513866,5536172,5453467,5452432,5377486,5373854,5255781,5261706,4963808,4264563,4427564,4767808,4722284,4850930,4717587,4430882,3809091,3386291,3396752,3236743,3711758,4030254,4024929,3862733,3865843,3684666,3650100,3448292,3431108,3192422,3188199,3021518,3019913,2878191,2746016,2758707,2615097,2634240,2472309,2475680,2329378,2327410,2184745,2158911,2272950,2219615,2315644,2236630,2337839,2323635,1914680,2172230,1741480,1359444,1003812,981080,822070,651628,594048,688035,727681,847741,954746,1035416,1120685,850955,602323,587208,584812,565644,510515,492052,477604,467113,436433,376936,336130,327680,258921,184248,175769,153372,191597,194021,170862,139197,126007,96592,84305,67763,58012,55595,57488,47014,41338,36145,31414,25068,23269,19835,15587,12267,10271,7997,6116,4820,3379,2397,1497,737,,,,,,,,,,,,,,1263,1918,1870,2363,1879,1017,493,107,,264,784,2305,5018,13730,6722,3635,6510,6931,8490,4221,916,1106,2162,3796,2558,111,605,5091,1178,815,782,584,393,555,1018,1105,1439,1469,1575,1505,1596,1505,1587,1662,1593,1668,1565,1632,1523,1582,1640,1526,1580,1462,1511,1556,1435,1476,1353,1385,1420,1294,1323,1350,1222,1244,1291,1315,1179,1200,1219,1086,1105,1119,1137,1005,1020,1035,914,921,934,965,979,857,866,865,878,761,771,781,790,799,688,698,706,715,723,732,624,632,661,669,678,687,579,588,592
deu,Germany,11006907,11470821,11370169,11556265,11745405,12537964,12440795,12644419,12533460,12410453,12278840,12479814,13033295,13941763,13463432,13317140,14275498,14877174,14366753,13802626,13598961,13371916,13961459,14128228,13437965,13598483,13696061,14371577,14992434,14712589,15339132,15508703,15205987,14888164,14485609,14637387,14790753,14945728,15684662,15841439,15916851,15016919,15671071,16933236,16540540,16596172,17348812,17489587,16454497,15768917,15970654,16180231,16205196,16408237,15659909,16541684,14207569,13825956,13779515,13780731,13705151,14147494,14005385,12567473,12752965,12864491,12976990,13012883,11643499,11749790,12601290,12984086,11122173,10495919,8807650,9453029,9417317,10121250,9612494,10236745,10943292,10341685,10390148,9104104,9107510,8421842,8453291,7989604,7444466,6756371,6746978,6811001,6481329,5975424,5591258,5141933,4821667,4851758,4513558,4225424,4035332,4600682,4306518,4128473,3909294,3900508,3581048,3294653,3312541,3312179,2981352,2700968,2478447,2254307,3845846,4274347,4301704,4249321,3884054,5691098,4754589,3548571,2620918,4684850,3193429,2130424,1982264,1647428,1558071,1535777,1629697,1932082,2499419,2064949,1689940,1436190,1081357,922722,813275,726423,713705,620654,621967,564135,488373,876589,8499895,5833542,3647778,2061143,1227986,939270,694119,591798,496301,398045,312870,262600,241444,200314,152438,133729,108964,105314,86182,69164,60103,57261,44760,35108,29589,24708,18980,15630,12690,10838,8372,5806,4041,2496,1149,,,,,,,,,,,,9302,,93333,65362,607,8764,13,973,120,1557,,20726,,292,,,604,,5266,,,,3667,2,2353,73692,7142,64744,82469,81399,78535,79255,79362,78094,71063,70620,67276,66861,66384,65977,65538,62324,61901,61483,58402,57983,57620,54678,54280,53892,51095,50716,50332,47647,47272,46898,46518,43963,43600,43233,42870,40515,40145,39782,39422,37136,36790,36450,36122,35800,33696,33400,33105,32817,32537,30595,30330,30076,29816,29567,27774,27539,27292,27051,26821,26577,26343,24720,24503,24288,24084,23877,23669,23471,22010,21837,21654,21471,21292,21117,20942,20775,20608,19311,19151,19035,18872,18711,18552
dji,Djibouti,20227,20227,20227,20227,20227,20227,20227,20227,20227,20078,20078,20078,20078,20078,20078,20078,20078,19922,19922,20005,20151,20391,20703,21099,21509,21922,22345,22593,23026,23468,23915,24375,24847,25323,25805,26077,26580,27088,27612,28143,28688,29236,29799,30370,30676,31262,31866,32475,33098,33602,33987,34240,34367,34034,34034,34029,34021,34018,34015,34015,34013,33661,33655,33654,33650,33649,33649,33646,33643,33649,33292,33316,33328,33345,33365,33388,33410,33427,33448,33092,33108,33126,33148,33163,33183,33213,33234,33249,32857,32900,32942,32999,33072,33162,33244,33335,32980,33072,33154,33245,33325,33414,33502,33589,33678,33290,33379,33465,33547,33634,33705,33772,33833,33885,33431,32429,31923,31401,30854,30345,29864,29411,28982,28569,28144,27696,27220,26726,26216,25673,25107,24473,23855,22250,21299,20623,19923,19380,18835,18206,17675,16976,15506,14868,13574,13055,12479,11368,10832,9863,9456,8649,8948,8687,8455,8204,7959,7687,7945,7661,6866,7161,7482,7301,7714,8179,8044,8501,8983,9560,6033,5979,6925,7452,10135,9489,9684,19482,32637,37931,43285,47067,49135,54697,56778,60574,70392,77575,83343,101580,118769,142853,143079,153637,163056,173108,193906,208392,224124,231964,246630,257119,255668,262752,262243,264326,260407,261300,256840,264547,266027,255239,253746,315056,302320,293715,286218,279456,257053,255580,267373,265868,253219,223837,225311,222680,208964,192797,177794,171704,181814,175337,169026,162679,164120,157530,150856,144320,138046,132007,126092,120803,121763,116142,110572,105165,99971,94133,89366,84007,84499,79815,75692,71634,67849,64604,61697,62189,59108,56127,53470,50717,48365,45895,46105,43751,41550,39738,37794,35832,35877,33963,32305,30533,28926,28987,27369,25815,24263,22843,23009,21633,20427,19205,19295,18144,17046,16054,16106,15125,14194,14193,13308,12484,11743,11736,10995,10300,10302,9641,9016
dma,Dominica,19584,19584,19584,19584,19584,19584,19584,19584,19584,19584,19584,19584,19584,19584,19584,19584,19584,19584,19584,19603,19645,19697,19782,19875,19973,20073,20166,20273,20373,20472,20571,20673,20778,20876,20963,21069,21166,21267,21358,21468,21587,21712,21820,21961,22100,22239,22361,22505,22648,22790,22940,23051,23187,23329,23468,23578,23721,23860,24009,24120,24282,24443,24621,24762,24945,25119,25314,25456,25643,25809,25957,26041,26106,26164,26215,26210,26254,26307,26356,26312,26279,26215,26107,25970,25757,25620,25473,25338,25114,25027,24998,25020,25007,25134,25268,25397,25433,25559,25687,25863,25964,26237,26556,26922,27161,27537,27916,28289,28527,28872,29180,29441,29483,29665,29839,29829,29996,29957,30142,30137,30161,30457,30807,31194,31585,31990,32095,32494,32896,33285,33642,33973,34288,34577,34492,34777,35067,35353,35642,35906,36140,35914,36079,36219,35896,36024,36161,35792,35918,36116,35839,34199,33129,33953,33642,32746,31863,30973,31568,32228,31946,33794,30039,29508,28127,33543,30489,30884,31312,29022,27505,24963,22458,20065,18539,17813,15724,15054,12595,16967,13642,11584,10269,9668,9285,8664,8404,7817,7274,6726,6554,6427,6286,6166,6139,6023,5804,5671,5472,5413,5259,5229,5406,5194,5086,5093,4950,4836,4558,4660,4724,4806,4871,5009,5048,5672,5087,6197,5123,4988,5700,5643,5006,4833,4665,4376,3923,3892,3663,3628,3794,3578,3375,3190,3013,2851,2837,2679,2534,2397,2267,2145,2137,2017,1904,1799,1693,1687,1591,1500,1416,1331,1326,1245,1172,1104,1099,1029,964,906,899,845,791,783,734,688,679,635,595,589,551,511,508,473,439,435,404,374,373,348,342,318,313,291,270,268,247,245,226,221,205,203,188,187,171,167,154,153,141,139,136
dnk,Denmark,672521,677380,682278,687213,692184,685971,690933,695925,700956,706030,711175,716315,709493,714636,707444,712568,717718,710846,715980,720728,713205,705728,712884,717341,727343,734726,740471,728963,732064,748359,742199,744195,730844,732045,709567,714632,738209,692983,675942,680765,671749,671138,697653,673487,654624,640671,645738,651533,659916,612135,500726,580536,563644,570668,577772,508605,567607,574674,607082,558738,590624,597394,578150,533736,564817,545337,577092,583328,589633,542772,522962,528294,480587,506701,483579,489992,491438,513229,494287,470740,471967,473175,440903,418844,419764,420651,391143,369885,370551,377072,334652,333658,312541,312441,316753,280657,260055,261582,262143,250221,234692,218979,218945,195501,195966,184293,188334,180393,167872,157533,160783,138277,149701,140142,117775,150764,139398,170010,184009,139810,129719,139640,110657,91812,91759,103901,91601,85803,83414,72469,66600,66767,76012,70714,66838,66462,62619,59089,59005,52862,74865,88665,88559,74799,63150,74794,57155,54422,52291,46228,41325,41647,41964,39047,38212,38546,38448,38933,37738,35812,32875,30296,29319,29528,26330,24287,24496,22766,22086,20629,20052,19468,18920,18385,18492,19232,17988,17456,16961,16492,16527,16806,16502,16002,15475,14645,13638,13956,7831,9317,10565,4662,12158,18497,9539,107,306,224,107,45,,5523,10713,14276,15398,12053,7297,6559,13275,24305,3314,,,13943,8761,10566,15865,7986,9422,14999,10659,7773,13272,18950,18199,18484,17475,17459,17106,17060,17034,16984,16934,16555,16500,16439,16044,15984,15918,15872,15472,15402,15328,15262,15189,14793,14712,14645,14570,14487,14090,14011,13927,13847,13769,13429,13343,13268,13180,13096,13024,12639,12565,12483,12440,12361,12281,11921,11849,11771,11689,11620,11548,11474,11400,11054,10980,10905,10838,10760,10686,10611,10559,10480,10405,10067,9985,9902,9817,9740,9662,9583,9506,9432,9349,9270,9193,8876,8800,8722,8643
dom,Dominican Republic,117269,114241,111299,108433,105637,102910,100257,97680,95157,92708,90378,88051,85772,83556,81409,79315,77268,75271,73336,72038,71368,71336,71915,73107,74321,75559,76819,78097,79394,80722,82064,83428,84819,86231,87666,89130,90608,92123,93657,95207,96799,98404,100047,101707,103400,105127,106876,108655,110457,112504,114791,117359,120175,123277,126448,129709,133058,136486,140009,143620,147318,151120,155012,159219,161332,165489,169762,174137,178622,180888,185545,190322,195284,200373,203231,208533,213967,219542,225265,228015,234863,240978,247250,253688,256718,263403,270267,277308,284526,291936,295285,302976,310867,318959,327265,330862,339477,348328,357404,367770,372267,382860,394027,405824,417961,423795,436476,449541,463000,476405,481908,494973,507937,522135,528046,541375,545792,559574,563725,571277,588289,595543,604455,614437,639978,650228,663478,681107,690831,714611,722233,728458,733296,740315,761449,764487,767064,769176,791363,793944,796947,800344,804121,808269,812003,839538,842391,846033,848554,851411,849096,786423,729585,781307,761328,750484,701895,733286,778350,810014,823606,882371,789480,754243,745448,957621,850942,877181,933779,859443,786990,717720,652505,566096,557073,548207,514917,504233,518198,507749,496978,497744,519376,512585,531681,582061,585894,826150,1154225,1446273,1400938,1191286,775495,735316,715665,705336,628726,638462,646507,736760,718774,658386,823312,958504,1389047,970714,821849,762539,765298,671937,643526,583295,601635,519712,466082,381599,349429,188820,131806,136278,179933,168403,136923,159576,112606,108304,104674,100157,90057,86862,95068,89560,82710,75187,76317,72294,66883,68755,64910,61260,61853,59598,54419,55012,51180,47629,47756,44311,41227,41571,36851,37114,34453,31842,31239,30303,32221,29705,29911,27867,25763,25843,24078,24054,23127,23260,21580,21566,20056,20155,20246,18940,19017,17799,17867,16624,16687,15630,15590,15632,14641,14676,13692,13724,13762,12894,12909,12899,12073,12081,12088,11309,11310,11311,10575,10574,10595,9900,9771,9748,9764
dza,Algeria,2358723,2367332,2375977,2384646,2393359,2402093,2410856,2411291,2420094,2428935,2437837,2446730,2455664,2464632,2473625,2482657,2491719,2500813,2509948,2518173,2525503,2522656,2528136,2532698,2527461,2532019,2536587,2530793,2535431,2540002,2533728,2538289,2531424,2535993,2540566,2533080,2537655,2542230,2534091,2538661,2529863,2534424,2538998,2529490,2534054,2538628,2528369,2532934,2537507,2530668,2543023,2544171,2566010,2592222,2601005,2627577,2654427,2662509,2689711,2717191,2724488,2752324,2758724,2786910,2815382,2820879,2850244,2879360,2884777,2914254,2918322,2948140,2989680,2995460,3028137,3032971,3066094,3099576,3103430,3137349,3140018,3174367,3209082,3210463,3245594,3245485,3281019,3316932,3315170,3351223,3347182,3383111,3387489,3423218,3459322,3451083,3487447,3489655,3526189,3567819,3577878,3629289,3633657,3695101,3772337,3779399,3842941,3849590,3914112,3988384,3972288,4011277,3974383,3995615,4016950,4038407,3988683,4009726,4030418,4056126,4086929,4122904,4164131,4131882,4177796,4224221,4271159,4315343,4363367,4329818,4389317,4455456,4528423,4608383,4687689,4669301,4751400,4834949,4922683,5006444,5091171,5055428,5134690,5088957,5165207,5240894,5187919,5263241,5202259,5282987,5221396,5513778,5347049,5483211,5241102,5358663,4853667,4396140,4312398,3358201,3103287,3830486,5927390,4511389,4197578,3881919,4536022,4235053,3745911,3278636,3000365,3803629,2628262,2687711,2582505,2355926,2302908,2065725,1677425,1445639,1484025,1596407,1719947,1679774,1679249,1622634,1853955,2275609,2953973,2868812,3075764,3136955,3184780,3251535,3532775,3339537,3173680,3120424,2854996,2678380,2440946,2229914,1965666,1591191,1414154,1171956,1018457,839154,614156,395848,241446,76822,35457,18016,4806,3321,2242,1822,1727,2519,22442,15761,5631,3007,542,,196989,209565,222013,241740,271940,291348,282976,280073,275900,277327,277461,269691,286384,279601,275639,264881,252825,250318,248534,247863,227416,236936,235380,244687,248845,231508,224191,211538,220296,211881,201382,188916,195605,187414,161528,165898,171153,163243,168277,144370,147720,136680,129633,126844,117618,110394,112659,90781,85625,86169,89647,70623,83028,89262,90828,86314,80503,81177,75787,76989,78120,73082,73228,68621,69589,65888,66767,63082,63884,59554,60264,56137,56766,53345,53853
ecu,Ecuador,487805,487805,487805,487805,487805,487805,487805,487805,487805,487805,487805,487805,487805,487805,487805,487805,487805,487805,487805,489415,492647,496769,503349,511625,520055,527741,536428,545263,554237,563360,571643,581467,591042,600772,609545,619585,629552,639918,649187,659863,670725,680365,691556,702943,712941,724673,734891,746990,757420,769018,777863,788568,796314,805515,813038,822437,831939,839651,849353,856304,866200,873766,883861,890704,900989,911397,918239,928844,935579,946376,952968,963959,975086,986355,997753,1009293,1020949,1032757,1044693,1056762,1068983,1081340,1088774,1101368,1107005,1113964,1126914,1133728,1146935,1153577,1167038,1173511,1179682,1185533,1199458,1205067,1210322,1215175,1229576,1235037,1240980,1243504,1262143,1269804,1276993,1297202,1304089,1310464,1316310,1320454,1322901,1323666,1322745,1313667,1310243,1306271,1322514,1338947,1333764,1327563,1338284,1330534,1344667,1358427,1349366,1363332,1377425,1363925,1325447,1302172,1317078,1383503,1454184,1492768,1532371,1573010,1579137,1617537,1627214,1665995,1684929,1739094,1763876,1720678,1782178,1883101,1834757,1781521,1723390,1785542,1761093,1816363,1735632,1791701,1752083,1809712,1869677,1874864,1938272,1951766,1966840,2034630,2043122,2106136,2121153,2062747,2129775,2129731,2173044,2167669,2177116,2171632,2162042,2008574,1950180,1874047,1785701,1836456,1748737,1800478,1780783,1868584,1941402,2089463,2144014,2227284,2217470,2348877,2226453,2429773,2363369,2343044,2391743,2469982,2451189,2587494,2734952,2848289,2818714,3284333,4266957,3562653,2705509,2562731,2670120,2160679,1627583,1603577,1490558,1432767,1261071,980865,1037921,793486,691212,834144,834278,785827,812483,823574,1462710,1031357,781546,969258,1086693,1040164,1015815,1022740,967550,978228,977546,985083,932331,879779,828192,777992,729286,682122,685239,640487,597978,556371,515949,477476,479567,443454,408966,376641,346488,319015,320012,298315,274118,251828,231337,231891,213005,195685,179799,180082,165448,155237,142793,131314,131422,123014,113144,113191,104053,98227,90303,90294,82946,76140,76074,69776,63977,63874,58525,53613,53478,48987,51647,47416,43872,43758,40268,37043,40350,37213,37116,34251,36778,34035,34265,31727,31636,29320,29228,27115,27025
egy,Egypt,3287328,3317200,3347340,3377751,3408443,3439412,3470665,3502187,3534014,3566125,3598824,3631516,3664509,3697809,3731399,3765308,3799516,3832467,3867294,3897841,3924059,3949322,3952014,3961577,3974491,3987447,4000441,4015248,4028931,4026213,4039338,4052508,4069089,4082354,4096354,4005427,3959772,3963787,3965996,3981465,4026715,4056586,4152143,4269716,4377383,4487777,4596279,4674064,4781950,4886891,4934637,5035097,5279373,5382524,5403127,5460260,5510993,5550071,5444846,5497147,5534237,5616448,5708895,5786384,5838953,5933604,5932175,5980440,6038036,6096187,6154888,6171065,6228560,6286593,6345152,6356333,6415307,6474822,6534897,6504209,6531168,6558674,6561166,6594962,6635463,6711529,6715776,6793682,6844079,6854130,6947300,7043132,7141684,7154210,7257747,7400681,7413739,7528254,7636726,7749937,7790785,7945666,8060025,8063601,8226879,8332508,8488619,8514336,8621317,8725464,8680381,8776082,8868758,8958326,9048793,9140159,9232436,9325629,9424251,9522862,9794185,9895609,9997028,10098428,10200857,10304310,10408790,10699830,10809405,10925634,11048648,11178591,11315582,11459772,11806126,11957693,12111186,12266642,12424096,12616275,12844423,13109862,13640574,13991658,14351767,14721130,15099996,15456061,15855186,16258341,16665455,17015248,17397072,17838210,18272638,19033135,19169361,19280217,19351509,19398125,19434012,18962354,18935750,18875028,17572268,17370259,18440163,19540574,19329682,18363414,16558541,16157511,16501060,16851634,16400691,15113674,12206567,10175321,8915174,7740270,6069984,6520773,5928089,5303196,5002347,4907003,4781090,4674746,4396012,4206439,4257904,4352761,4289604,4182100,4001065,3325319,2935054,2278541,1662544,1104675,1052497,1766688,2569587,3225457,3728169,3914987,3909053,3782950,3812574,2564343,2189643,1749554,1540824,1582942,1682571,1560410,2563327,3369188,3648906,2952484,2537825,2097407,1716759,1683549,1685376,1547813,1475511,1271781,1181226,925776,1036939,958698,872988,934613,881596,953150,906219,894039,859044,828466,898399,871165,850238,823539,787938,828097,802919,841156,783610,946780,854735,790963,788504,842518,840361,789346,794107,732995,719497,744956,678318,646907,629995,594188,568337,621889,580944,540753,551007,545588,475245,506470,498912,513048,612792,560841,572964,524447,524851,501419,502104,454096,445862,416191,395472,343846,322324,300939,291177,252838,256789,237270,231094,214859,217947,200358,203097,195257,178782,181056,165225
eri,Eritrea,191430,191430,191430,191430,191430,191430,191430,191430,191430,191430,191430,191430,191430,191430,191430,191430,191430,191430,191430,192318,195581,200570,207365,216040,225066,234484,244298,254508,265155,276251,287803,298685,311181,324192,337751,351874,366597,381928,397900,414541,431880,449943,468760,486383,506725,527915,549994,573002,596957,616511,631472,638879,641265,638467,632954,630176,627398,624620,621841,619061,616277,613489,610716,607933,602429,599663,596896,594122,591350,588704,586172,583756,581573,579501,577436,572619,570548,568467,566373,564284,562186,560076,557969,555852,553734,551602,546736,544610,542470,540333,538186,536031,533869,531701,529540,527354,525170,520257,518062,516494,515538,515182,515424,516259,517083,517878,518669,519444,517342,517969,518493,518885,519157,519312,519451,519563,516649,516732,519939,523599,527712,532272,534006,539472,544990,550560,556193,561885,563946,569492,574850,580035,585032,585797,590624,595478,600380,605321,610298,611704,618487,626200,634879,644545,654366,664328,674448,684719,695145,706791,719694,730602,742530,749553,763172,771216,786325,806494,818777,834745,847258,859350,872292,885381,907698,911186,922693,921916,932821,943244,981788,1007732,1019281,1045437,1086746,1142440,1171473,1217870,1279213,1268966,1303608,1331214,1365450,1533898,1558098,1575192,1591933,1452454,1467971,1503639,1481012,1368466,1232883,1237879,1237676,1268235,1290966,1262596,1401484,1575648,1252646,1188703,1186124,1193332,1196782,1182892,1141869,1115622,1106562,1084680,1065751,1043468,1019394,1004992,972363,942062,916415,891834,872480,854434,857051,854497,820178,794671,776521,768107,756365,697864,678658,658917,713747,693732,709706,690179,671119,647043,661433,639088,619436,633660,611005,592225,569753,577738,556362,538715,515506,523713,504773,481049,452786,464528,445734,423258,413051,398296,408420,391227,373198,357654,342143,344918,329105,314018,299073,283589,268867,267819,259118,246520,234377,227058,220170,209509,212111,204116,195641,186618,177028,166654,158476,163982,155116,157169,145503,134175,129292,127007,118646,117272,109453,101695,94420,88685,78670,74317,73383,73052,67343,63163,58995
esp,Spain,9666808,9607554,9636102,9911477,9857829,9533585,9358138,9385938,9305733,9744656,9957981,10230982,10017252,9955840,9791655,9611449,9640012,9775832,9697377,9621630,9664508,9714728,9654876,9719218,9660870,10196625,9914814,9980889,10047392,9987089,10053652,10120671,10443523,10386761,10583246,10653803,10724828,10796337,10994565,10940764,10744366,10815973,11026796,11100271,11310215,11107149,11181156,11399091,11475051,11402141,11319049,11225835,11122474,11177168,11232113,10945662,11342839,11565071,11454647,11334689,11025535,11070479,11112529,11151671,11190947,11595529,11078742,11309607,12239672,12114803,11984750,11476279,10364678,9728674,10432086,10243324,10047706,9188604,9627947,10375921,9615948,9400952,9437238,9441107,9427866,9884626,10186385,10480586,10006851,10046410,10353443,10095309,8950857,9767706,9519314,9835143,11108143,10328675,9647794,9684605,9610112,8382745,9303200,9371223,9821374,9989471,9182413,9115849,8374212,8409143,9360516,8080102,8580299,8144186,8669459,8722397,7959596,8387379,8873926,8497827,7750723,7399717,7073175,7142859,6916492,6202534,6300761,5369145,5688354,4893775,5809178,6200977,5953889,6748857,6382740,6454934,10911019,12562114,12666097,11158349,9316535,9396643,8538402,7826626,7414894,8757962,8048678,8089523,8180267,8247231,8292306,6651683,5640865,6019397,5116242,4857438,4039164,3828830,3424554,3459403,3501230,2535023,2092892,1726931,1532412,1271265,1128264,995819,944724,732432,692497,655802,535647,437079,385118,389442,342116,345049,325548,328186,309355,321653,291093,258600,209325,141590,162609,167056,176975,190585,183878,319184,434146,552391,531683,603923,605405,400301,391317,268624,333618,367338,258582,202799,248444,152755,168770,248718,181369,273409,225355,316995,349678,432116,359243,326971,443048,190060,285248,291344,393499,200149,204279,184391,181206,178568,163245,162274,161252,154971,153918,152828,146803,145739,139997,138952,133443,132411,127159,126200,121184,120172,119157,114363,113358,108767,107765,103372,102347,101243,97052,96014,94949,90922,89839,85996,84919,83816,80154,79089,78027,74556,73510,72463,71427,68211,67242,66275,63284,62379,61486,60610,57873,57068,56267,55492,53011,52311,51621,50962,48703,48091,47488,46906,46324,44274,43731,43198,42667,42143,40262,39761,39266,38772,38290,37798,36064,35600,35129,34656,34177
est,Estonia,287677,287677,287677,287677,287677,287677,287660,287660,287660,287660,287660,287660,287660,287660,287660,287660,287660,287660,287660,288361,289755,289554,292364,295898,299485,300568,304201,305523,309220,310122,313872,317664,321513,325401,326202,330151,334143,338194,338864,342964,347113,351312,351844,356099,360403,364763,365130,369545,374018,378544,383128,383293,387925,392614,397352,397310,402105,406963,411882,416849,416579,421605,426689,431842,437059,442334,447672,453081,458552,457974,463511,469101,474994,480959,487009,493121,499318,505585,504858,511193,517618,524109,530687,537353,544099,550925,557838,556624,563603,595173,602650,632876,617891,581207,547767,585997,545505,568440,559249,542337,549087,555932,520458,556881,501747,584155,604732,643139,606261,585416,560292,614913,574494,539955,589150,576029,654931,743560,856658,897939,781623,671812,585945,580041,563359,531773,522087,488869,455222,454459,454374,470293,480278,419695,361959,325667,296228,278604,250482,278456,305375,304171,326138,340615,356050,381958,383455,330589,267048,225929,187479,204005,181837,176647,162755,147294,144288,145672,112509,125575,114919,105051,95587,115005,80193,65122,58029,50760,38394,38552,28157,24304,23341,14586,15157,12492,9730,9626,7133,5491,5639,4806,3542,2578,1895,2317,1546,1867,749,218,1308,3095,23676,31156,31577,18810,15784,4563,2185,26160,44116,44088,43878,45362,23954,16452,14335,8294,7874,10999,15932,16751,13771,10904,9105,9734,7759,6093,5641,9522,5722,4606,7251,4837,4865,4694,4398,4230,4072,3938,3991,3946,3809,3772,3641,3609,3498,3458,3361,3322,3222,3189,3087,3055,2961,2931,2837,2802,2719,2680,2656,2567,2535,2449,2417,2389,2302,2279,2194,2165,2136,2063,2033,1998,1932,1900,1873,1806,1776,1752,1693,1661,1637,1576,1555,1529,1508,1450,1430,1403,1386,1334,1311,1291,1274,1224,1204,1183,1171,1127,1109,1092,1074,1060,1021,1002,985,970,958,948,909
eth,Ethiopia,9287438,9287438,9287438,9287438,9287438,9287438,9287438,9287438,9287438,9287438,9287438,9293714,9306360,9325473,9351125,9383425,9422459,9468329,9521128,9580961,9647923,9722111,9803628,9892582,9989085,10093233,10205145,10324921,10452669,10588516,10732577,10884950,11039497,11196233,11355197,11516413,11679922,11845748,12013936,12184504,12357501,12532949,12710894,12891364,12904663,13087875,13273690,13462147,13653285,13847128,14043730,14032393,14021055,14009731,13998399,13987055,13975729,13964393,13953058,13941730,13930395,13919066,13907729,13896398,13885062,13873723,13862393,13851064,13839725,13828393,13817062,13805727,13849576,13841206,13832833,13824462,13816082,13807697,13799303,13790909,13782505,13774108,13765695,13757280,13748858,13740425,13731998,13723561,13715122,13706685,13698234,13689772,13681311,13672851,13664380,13655897,13647418,13638940,13630451,13621949,13613456,13604959,13596442,13587931,13579412,13570883,13562356,13484131,13476732,13469329,13454062,13433286,13521252,13510812,13492886,13628868,13505431,13457829,13457272,13456718,13456163,13455616,13455060,13454515,13453954,13643834,13643429,13643016,13642608,13642202,13641789,13641376,13640969,13640564,13640145,13639745,13661359,13511896,13489322,13495823,13527209,13626365,13882853,13870664,13839505,13878009,14069888,13934878,13917918,13983059,14280682,14369323,14584808,14632657,14916688,14843666,15196408,15715861,15779737,16085585,15964467,16086324,16500869,16022906,16115660,16197003,16625785,16681187,16736616,17197952,17675301,17666321,18143717,18631169,19117692,20600251,21124769,22039011,22913342,22224272,21804316,23184569,24267388,24953818,26690822,28379326,28036261,28589451,30533736,31605355,34362050,37509876,39567110,40110813,41190154,41852820,42000948,42824206,43934979,43402623,41838973,41224590,45854196,44851504,35469332,31952869,32494692,32913529,33355949,33765085,34434570,34105206,34536632,34139309,34343054,34633912,35733295,36651836,38924413,40730182,43766748,48087389,45790166,45638168,42777589,40862442,35817562,34344928,30598428,26958246,27581308,26171044,26986203,25354659,23943516,22593923,21327541,21776571,20493567,19256444,18061589,16858749,17210180,15976927,14897708,13776609,12705213,12895552,11896004,10948924,10056647,9222716,8383398,8547945,7666451,6927240,6399393,5744812,5235477,4871542,4902761,4756006,4354908,3985188,3590820,3284589,2936471,2687841,2734839,2497358,2276942,2087412,1915267,1762496,1593252,1451068,1472546,1354242,1610542,1497077,1401552,1306017,1217820,1248908,1158710,1070709,991867,862692,796644,737669,693615,723279,688968,635996,580581,537131,492901,495094,461105,422162,394157
fin,Finland,680899,697792,714784,728466,742415,756624,773665,785301,800337,815659,831579,847500,866494,883080,895303,915390,932910,950775,968979,992422,1007324,1015492,1031984,1048024,1064321,1080871,1097674,1104483,1121656,1136770,1149794,1160661,1169339,1164339,1170752,1177207,1183686,1190199,1184444,1192590,1202414,1213962,1227252,1242322,1243892,1259153,1274614,1290266,1306101,1320608,1318412,1330009,1340194,1348960,1357777,1366658,1375601,1384593,1393649,1401167,1407145,1411562,1461650,1415677,1416946,1418217,1419487,1468213,1385158,1321061,1306080,1319736,1334462,1305904,1324623,1343611,1310210,1382399,1430638,1451109,1471567,1549496,1481143,1469407,1488547,1507922,1493800,1512856,1490314,1472113,1441495,1499185,1601640,1531692,1447902,1354976,1268454,1220579,1152788,1236793,1167086,1248934,1320468,1172403,1124761,1125523,1074547,1024634,1028837,972724,922468,923451,823383,775106,871001,977228,977170,1404380,1755327,1248827,1042857,979651,815339,672725,672284,588076,548710,472595,411253,408631,406811,432500,461239,398040,291828,266385,230364,195447,178730,189750,215674,199464,196654,140029,149933,170773,141217,119829,86153,69783,63889,21103,65822,50780,38152,24545,18791,17110,16574,12898,9202,7271,6493,5720,5680,11024,8722,6249,6171,4201,528,391,205,368,1487,1382,1151,915,643,368,152,,,,,,,,,,,,,,,,,,,,,961,2107,3096,2428,4179,4526,3924,4174,2920,2738,2991,2481,3994,3640,4025,2869,3934,4458,2915,1706,1182,5366,10896,10892,10947,10219,10159,9877,9622,9560,9504,9254,9192,9125,8880,8819,8758,8519,8458,8242,8174,8110,7910,7838,7791,7733,7536,7473,7401,7219,7152,7092,7033,6847,6790,6722,6656,6486,6425,6376,6309,6145,6087,6028,5978,5826,5776,5714,5669,5605,5459,5410,5353,5305,5252,5198,5055,5001,4949,4898,4849,4801,4661,4614,4556,4518,4469,4415,4367,4241,4193,4145,4095,4055,4004,3963,3907,3867,3753,3703
fji,Fiji,121219,121424,121638,121848,122065,122279,122496,122710,122922,123140,123360,123572,123785,124009,124224,124438,124653,124878,125100,125322,125543,125184,125407,125621,125839,126067,126282,126502,126733,126340,126564,126788,127008,127229,127455,127675,127897,127465,127688,127812,127839,127760,127578,127306,127029,126755,125782,125516,125245,124963,124676,124490,124306,124105,123182,122995,122796,122605,122406,122210,122016,121819,120879,120678,120488,120300,120109,119911,119720,119531,118558,118364,118172,117978,117784,117590,117401,117203,116197,115950,115652,115294,114893,114436,113988,113535,112240,111790,111351,110996,110732,110555,110469,110473,110480,109610,109618,109613,109615,109975,110700,111794,113266,114158,116032,117935,119862,121833,123827,125749,127603,128229,129917,131519,131892,132195,133831,134060,134091,134371,134885,135627,136597,137790,138879,139870,140750,141506,144810,145587,146358,147108,147850,148575,152648,153256,153722,154052,158280,157898,156812,155052,152624,154131,151043,147824,144299,140657,136684,138178,134881,132477,130364,128309,126338,130076,128052,126083,123903,121163,124943,128847,126240,123524,127391,138664,150289,124638,113417,115779,98127,87602,77471,62848,59085,59996,61069,57622,59083,43214,48376,47465,58238,68283,59824,73287,68324,81696,83041,68654,66581,73485,66197,60584,57827,56298,50381,55364,55795,47666,50483,51295,48517,48765,42008,40959,38720,38492,37170,36367,32444,28245,25188,19402,22807,27799,32304,34911,36304,42789,70791,78536,50201,42066,38722,36180,31330,28094,25050,22270,28777,25680,22842,20202,17859,15772,15835,13874,12105,10591,9212,9238,8136,7221,6332,5599,5667,4958,4411,3934,3987,3431,3079,2772,2808,2539,2192,2007,2039,1692,1279,1068,951,844,855,524,450,456,391,338,343,298,294,255,220,226,195,196,170,170,145,124,127,110,112,94,95,80,81,69,70,59,60,50,50,50,41,42,35,35,28
fra,France,18242356,19315610,19387911,17414581,14761173,15926401,16534543,17140247,14983437,15039522,16226947,17943198,19580518,16972917,15323332,17660549,20429303,21918186,20057771,19645423,18032565,16325585,17644616,16645622,16433167,18165732,18255718,18891242,19071027,18600785,19295502,19338658,17796287,17880002,18014385,18112311,18804065,18796972,18441517,19110106,18385643,18047418,19948217,19561381,19818033,20283708,20366442,19113683,19943398,19507259,19575091,19722867,19010227,20008070,19205477,19676498,18666178,17166041,13584094,15132020,13384834,14679725,12937559,12305653,12346951,12587753,12521726,13571075,12045688,11734131,13303872,13106614,11681949,13710508,11878499,15239579,16121161,14889669,15041499,15930319,14088643,11168578,10085357,10099409,10096153,11025991,11022866,11481951,11632968,10807800,10149633,9656115,8885065,8679028,8814577,8656305,8084778,6703866,5953690,5242325,4975911,5489374,5973370,5547817,7373615,7944052,7557354,7214863,7238182,6908124,7657971,6728698,6032855,4268509,4850374,4651684,4000790,5138905,7145404,4817292,2873690,3188778,2009562,1917957,1603769,1749140,1639945,1804694,1568195,1352229,1526762,1750471,2069962,1715500,1708075,1818045,1539949,1327082,1284926,1126339,1578043,2568652,3343263,3827644,5859731,4745949,1628336,1387833,1454307,1100207,974436,912237,992559,974425,936783,866147,763767,692945,643102,429474,410148,409468,407025,424974,379496,351642,331956,290122,280067,237746,220582,211534,199095,186261,184320,193021,177834,175325,171707,167639,169184,168317,177615,194040,176908,170163,158236,134136,103169,65078,28768,61000,70952,71667,16030,55802,38272,27001,2061,6502,7935,2278,,99579,43577,29614,19646,13515,7027,59167,59853,25172,39010,53092,16283,92167,50965,12302,15871,38522,91117,52741,40314,46515,46694,46927,44502,44382,43600,43077,47264,48752,49055,47988,48277,48586,47445,47691,46481,46685,46872,45551,45708,45856,44439,44316,44397,42829,42699,42723,41072,40854,40613,39858,39813,39844,38391,38331,38260,38198,36553,36466,36195,35911,34558,34468,34369,34287,32837,32813,32714,32741,31519,31420,31329,31246,31162,29965,29871,29777,29676,29583,29486,28319,28208,28104,28002,28208,28110,26937,26830,26718,26599,26491,26372,26254,26126,24969,24699,24565,24426
fsm,"Micronesia, Fed. Sts.",14275,14275,14275,14275,14275,14275,14275,14275,14275,14275,14275,14275,14275,14275,14275,14275,14275,14275,14275,14285,14312,14242,14301,14369,14466,14536,14599,14676,14745,14818,14894,14959,15038,15129,15200,15276,15354,15424,15500,15579,15647,15716,15798,15875,15948,16023,16105,16183,16260,16335,16418,16505,16590,16680,16768,16855,16946,17035,17123,17214,17307,17395,17484,17580,17667,17771,17870,17819,17909,18005,18091,18194,18290,18386,18484,18587,18679,18779,18880,18979,19074,19179,19280,19385,19491,19590,19695,19800,19903,20012,20113,20220,20332,20445,20546,20656,20763,20876,20984,21097,21210,21325,21435,21547,21659,21772,21892,22005,22124,22241,22356,22295,22417,22530,22656,22584,22522,22642,22536,22432,22335,22338,22208,22064,22175,22024,21854,21684,21788,21600,21393,21190,21181,20968,20659,20765,20524,20199,19865,19986,19638,19343,19416,19112,18789,18872,18473,18072,18156,17792,17616,18091,18077,18019,18580,18613,18645,19271,19304,19338,20063,20198,20303,21009,20997,21677,21680,21664,22356,22336,22326,23023,23694,15628,12475,13544,13916,15069,14755,15277,19329,18567,19321,20971,22620,19873,19620,20242,20562,20580,20784,19993,19611,17991,19027,18461,19562,20751,20602,19564,18064,18477,18152,18193,18598,18240,19534,29143,22476,22793,23463,23999,26017,29248,29245,26684,27824,27375,27262,27558,27556,27456,28185,29399,28189,28578,27627,26376,26450,26515,27958,26679,26737,25518,24309,23137,23189,22062,21033,20043,19114,19142,18232,17372,16550,15762,14962,14968,14224,13585,12922,12294,11688,11845,11349,10834,10293,9829,9341,8870,8852,8400,7970,7554,7147,6771,6647,6615,6277,5959,5613,5334,5055,4788,4545,4742,4510,4287,4074,3874,3663,3714,3527,3512,3366,3196,3063,2914,2795,2681,2693,2581,2479,2372,2274,2189,2178,2066,1963,1860,1757
gab,Gabon,156416,156416,156416,156416,156416,156416,156416,156416,156416,156416,156416,156416,156416,156416,156416,156416,156416,156416,156416,157076,158427,160466,163213,166684,170219,173848,177541,181319,185179,189106,193131,197241,201441,205723,210091,214564,219132,223780,228547,233395,238373,243433,248613,253902,259297,264812,270446,276200,282073,287171,291470,295028,297752,299607,301477,303351,305247,307148,309071,310993,312934,314889,316846,318827,320815,322810,324818,326839,328887,330997,333194,335477,337850,340307,342771,345261,347767,350298,352834,355403,357988,360583,363214,365855,368507,371189,373880,376605,379340,381173,382101,381598,380433,378021,375577,373449,370926,368771,366622,364087,360713,357445,353885,349333,345355,341371,337400,333447,329566,325871,322522,319695,316047,313190,310646,309067,304609,300525,297574,295805,295136,296321,296139,299019,301049,304213,305083,306820,308598,310079,310443,311010,311069,308529,308090,309030,308473,312762,312619,312606,312595,313828,313778,310939,309719,307969,307352,306530,306040,309237,305056,297472,288901,276763,271527,270947,261826,253070,244657,240214,227042,209251,200222,189036,184296,178872,173334,159287,153126,133508,115211,98460,83233,68945,30491,21258,8769,13949,34870,35695,33512,39233,56327,39793,49561,60773,43430,66831,90745,54319,58426,70395,77123,86908,114464,117979,144206,153721,125158,121578,117687,125452,134143,145793,149570,143961,130677,131768,135292,125621,110830,98022,89692,78648,95609,92448,90775,92301,99738,105441,115606,126132,134737,138527,138380,141397,130818,133457,136104,129764,150874,144127,137245,130908,124679,127108,120603,114219,108100,102272,104415,98547,92709,87191,82103,83236,78308,73151,68294,63794,64523,60388,56782,53049,53736,50198,47373,44907,46127,44061,41315,41865,39861,37631,35226,35607,33190,31019,31419,29847,30804,28784,26802,27040,24887,23038,23162,21525,21626,20421,19027,19250,17965,17933,16708,17258,15647,15313,13973,14013,13416,13515,12338,12541,11258,11584,10763,10822,10395,10450,10540
gbr,UK,4119894,4164422,4209425,4429725,4614752,4347396,4574914,4262037,4674337,4724861,4532532,4915528,5538549,5466535,6211606,5882627,6759425,7158356,7813057,8369103,8261882,8511872,8695351,8459814,8221860,7982161,9152110,8543700,8653750,8760649,8496425,8592576,8685452,8774952,8488580,7671520,7395535,7830447,7548738,7978630,7604456,8073398,8587094,7741791,7035356,6702215,6713061,7069570,6734805,6412875,6774874,6462592,5969378,5688357,5212672,5757993,5250447,5282487,5646639,5349604,5090569,5427380,6035777,5212468,4961850,4606029,4727920,4683423,4217908,4254431,3996453,4033380,4303335,4057166,4046371,4099032,4070708,4082215,4093857,4397376,3864990,3663762,3655850,3656705,3667539,3667908,3668057,3424793,3271993,2913792,2888280,3094929,3291409,3292410,2883663,2901897,2693154,2792234,2474954,2306388,2451336,2459320,2435929,2445924,2419998,2417607,2258759,2218058,2388051,2364545,2217620,2013667,1996934,1754241,1776870,1456579,1459716,1444275,1411023,2181242,2598931,2763014,2257045,2040632,1856385,1492870,1653829,1313044,1179756,1197812,1160099,1368456,1320731,1187928,1027373,981473,802637,738655,732823,719509,540338,391018,372665,333393,398791,447347,485496,513730,461962,405569,394974,354758,344407,314827,275689,243473,214529,208346,201023,175524,144893,124311,122282,106976,84625,72617,70824,60383,54836,47862,46741,41256,33917,25447,23171,24535,18635,13504,7554,4593,3980,2751,11519,2559,12332,26772,85669,821,15604,28163,19321,22756,48187,48148,130046,117415,55139,62051,89008,91018,88183,112179,115391,93520,85059,128075,91939,110220,147999,154752,138069,126620,177188,68189,133261,131568,158011,164277,205161,199094,263054,186424,182147,183388,184701,185758,176191,176521,172511,168422,168559,164364,164389,164367,160602,160543,156091,155966,155824,151281,151089,150897,146340,146060,141519,141430,141356,136751,136543,136168,135817,131180,131060,130590,125940,125425,124818,120220,119652,119055,118446,113932,113331,112744,112144,108358,107777,107203,106628,106507,102386,101828,101277,100672,100117,95937,95358,94792,94209,93630,89519,89213,88621,88022,87453,86845,82969,82317,81701,81079,80384,79758,79112,75480,74859,74841,74213,73586,73554,72926,72288
geo,Georgia,952457,952457,952457,952457,952457,952457,952457,952457,945675,945675,945675,945675,945675,945675,945675,945675,945675,945675,945675,947415,950903,956156,963200,972044,980958,989954,991565,1000656,1009848,1019110,1028467,1037897,1039177,1048709,1058333,1068041,1077850,1087743,1088635,1098619,1108712,1118887,1129147,1129594,1139969,1150423,1160988,1171636,1182391,1182324,1193177,1203957,1214822,1225796,1236866,1236038,1247192,1258462,1269825,1281295,1292862,1291341,1303006,1314768,1326644,1338628,1350712,1348404,1360582,1372866,1385266,1397774,1411133,1408681,1422152,1435757,1449492,1463357,1459980,1473954,1488069,1502309,1516684,1531199,1526749,1541371,1594237,1484369,1544000,1601268,1616599,1708485,1647700,1571864,1452266,1550209,1480230,1523759,1508730,1460307,1475088,1488407,1400734,1483737,1392152,1547019,1628325,1676269,1591847,1570009,1511464,1601155,1540485,1477078,1570054,1545462,1560207,1912291,2185463,2375469,2412618,2463617,2412711,2360852,2290672,2199643,2086414,1951615,1751313,1768279,1690145,1705390,1724441,1687618,1554352,1327032,1261283,1129056,1139303,1057147,1160064,1219243,1280371,1291965,1355593,1364646,1375170,1185580,955445,802335,699988,709342,649653,623531,570617,520282,448973,431358,391415,423393,362045,324887,330524,360411,278989,264591,214406,201481,172461,159542,105952,106685,95025,73141,73601,63767,64191,64554,55428,55759,47250,43322,42967,32907,29050,24472,37803,34042,30224,45325,86762,169129,476774,739117,826099,731281,594640,1329594,1236587,1446607,1478642,1538446,952436,933992,869362,917754,920146,961725,871652,855925,912672,863747,736509,587724,476746,418969,410681,451698,431901,399500,457554,421242,316792,237827,174112,156867,130776,109188,100096,83324,100809,92713,84429,76317,76630,69758,63071,63553,57145,51243,45985,46228,41584,37717,37953,34118,30282,30521,27493,27658,24854,22061,21700,19728,19650,17692,15965,16023,14861,14847,13569,13632,12482,12990,12328,12923,11587,12910,12167,12266,11425,11522,11297,11646,10850,10921,10152,10134,10129,9398,9453,8768,8839,8889,8623,9130,8455,8502,8473,7831,7876,7851,7169,7012,6967,6344,6277,6300,5720,5751,5767
gha,Ghana,1925607,1925607,1925607,1925607,1925607,1925607,1925607,1925607,1925607,1925607,1925607,1925607,1925607,1925607,1925607,1925607,1925607,1925607,1925607,1925375,1924937,1924253,1923356,1922234,1921116,1920000,1918868,1917754,1916632,1915514,1914404,1913286,1906266,1905159,1904047,1902935,1901826,1900714,1899614,1898497,1897396,1896282,1895175,1897160,1896051,1894947,1893845,1892735,1891633,1892832,1896355,1901097,1908169,1917575,1927038,1936536,1946085,1955684,1965317,1975009,1984755,1994547,2004387,2014279,2024219,2034206,2044244,2047766,2057870,2068539,2079768,2091588,2104605,2118223,2131925,2145718,2159594,2173559,2180509,2195246,2210662,2229468,2246299,2263838,2281515,2291808,2309751,2327828,2346049,2364741,2383917,2403583,2415677,2436323,2457131,2478119,2507419,2528780,2550329,2572062,2599350,2628983,2646239,2660853,2666467,2680050,2682987,2695222,2706971,2704454,2726431,2651059,2671520,2652319,2692262,2575060,2645263,2587193,2794558,2145463,2538455,2571493,2370856,2316140,2202289,2290336,2274608,2470969,2457343,2442563,2789956,2785479,2778022,2767526,2754465,2738083,2718848,2697857,2925827,3031910,3141090,3253486,3369207,3488358,3608381,3677173,4029728,4284908,4298586,4273945,4073654,4135616,4265395,4112525,3992785,4389832,4360998,4604964,4762418,4616744,4665345,4688527,4805840,4798299,5046761,5172478,5434632,5570874,5848285,5859822,5571489,5571965,6060139,6241576,6084386,7295337,7832519,8071471,7808248,8416047,8848267,9368166,10057232,10642956,10700757,10816213,10933696,11073873,11179193,11483342,12009684,12429915,12855400,12653532,12637556,12575166,12379512,12281590,12198654,12296410,12606441,12920212,13190010,13329126,13584495,13543659,13577658,13767864,13334847,13460256,13144677,12068240,11579010,11267988,11439878,11611668,11792082,11518227,11478279,11092437,11476861,11332596,11591894,11657688,11353158,11446689,10934651,11108768,10904080,10684686,10846736,10613855,10376095,10120929,10269775,10006482,9742059,9464192,9190821,8917122,8632977,8749327,8453957,8169300,7879988,7584238,7310932,7038880,6755165,6806654,6507967,6215324,5935800,5669909,5431894,5174722,4964073,4995284,4742735,4525771,4311637,4091561,3887654,3681167,3696104,3522126,3338444,3157577,2988448,2833391,2680813,2686363,2518378,2382556,2248007,2118913,2119994,2006974,1889872,1779446,1683045,1694245,1609434,1529875,1435074,1343174,1363064,1273649,1185962,1102154,1100519,1021889,947311,965272,892961,822850,755005,744824,682823,624995,620891
gin,Guinea,976574,976574,976574,976574,976574,976574,976574,976574,976574,976574,976574,976574,976574,976574,976574,976574,976574,976574,976574,976859,977438,978313,979468,980926,982373,983838,985291,986757,988219,989687,991152,992617,994091,995567,997039,998518,999999,1001489,1002966,1004455,1005946,1007431,1008931,1010430,1011929,1013429,1014926,1016434,1017940,1020166,1023117,1029104,1035851,1043355,1050917,1058521,1066175,1073883,1081633,1089656,1097957,1106533,1115399,1124538,1133751,1143047,1152403,1161832,1171323,1181133,1191260,1201703,1212519,1223660,1234905,1246236,1258258,1269022,1280652,1292377,1304199,1316135,1328175,1340306,1351636,1363967,1376421,1388971,1401639,1413829,1425553,1435711,1446451,1456698,1467016,1477392,1487838,1498353,1507630,1518865,1530811,1543448,1556800,1570870,1585071,1597795,1612217,1626764,1641434,1657216,1672813,1688869,1703499,1720518,1737686,1755025,1772532,1790205,1804522,1819902,1841096,1865876,1894305,1926494,1959236,1992522,2023385,2057753,2092687,2126931,2160438,2193182,2225113,2252438,2283906,2315818,2348183,2380991,2414247,2449980,2483467,2524186,2567574,2608720,2655526,2697000,2745354,2787652,2837579,2880461,2932068,2961662,2999576,3038225,3064697,3102187,3139772,3177527,3215469,3253456,3254694,3269884,3305559,3386624,3447701,3462879,3527055,3593459,3634772,3703825,3828101,3839484,3905160,3969864,3969251,4031196,3984621,4119698,4107827,4213629,4286570,4386168,4477333,4580992,4692004,4777632,4890779,5008528,5104203,5219514,5393401,5631982,5881377,3515285,2788135,2868281,3146241,3335735,3580476,3750678,3961783,4155280,4242412,4399904,4370948,4383903,4360059,4168742,3801545,3623888,3993693,3128984,2272338,2328859,2296599,2174935,1934121,1676913,1624054,1533395,1477811,1413744,1363523,1408622,1365519,1274119,1258247,1087278,1026349,963812,998389,1026486,964232,906708,852899,881116,826287,774647,718851,678920,699586,656263,612840,574789,544245,562506,541302,509768,483024,466593,482351,458317,448491,439221,421876,399259,375373,379536,359357,347242,338917,319870,323475,300103,308107,299736,288494,269419,250810,235314,222920,235642,221741,203910,189545,179449,167148,150767,136133,136027,123721,114795,110301,101360,93938,92089,97487,110642,106224,99780,101027,98058,90964,84350,85575,80195,79546,79389,73382,66973,63925
gmb,Gambia,94117,94117,94117,94117,94117,94117,94117,94117,94117,94117,94117,94117,94117,94117,94117,94117,94117,94117,94117,94171,94274,94428,94628,94889,95149,95406,95223,95482,95740,96009,96265,96531,96787,97052,97319,97588,97851,98118,98383,98656,98925,99195,99467,99738,100013,100285,100553,100829,101104,101447,101861,102403,103012,103701,104383,105079,105767,106470,107170,107889,108602,109316,110044,110770,111507,112245,112984,113736,114479,115315,116219,116525,117602,118761,119931,121119,122311,123524,124735,125970,127211,128463,129732,131010,132302,133613,134931,136255,137597,138899,140154,141372,142534,143655,144786,145926,147069,148223,149392,150564,151744,152939,154131,155350,156563,157794,158161,159406,160659,161889,163098,164279,165448,166583,167725,168873,170030,171197,172273,173663,175380,176455,178846,181580,183294,186096,188954,190687,193615,196538,198227,201146,204071,206998,208605,211607,214640,216260,219371,222711,224698,228491,230833,235097,237628,240121,244568,247084,251665,254331,257078,261409,265910,270506,275170,279851,287544,292423,300558,302288,307240,303845,316755,330047,330449,324861,323193,332558,348008,346106,374036,390861,408367,401455,406572,411620,431606,452819,459963,491318,516375,546530,574077,586840,610350,641434,667678,698087,727314,754807,788800,824702,868593,902620,939154,975394,1004003,1027076,1056838,934609,861412,930359,1031968,911264,666359,839000,831234,808829,773331,830447,652736,680458,618699,556379,523570,430143,443651,467016,481803,486225,572257,544888,533322,550566,524871,498813,480315,461200,471590,483170,496374,506352,485811,465594,476714,456447,437997,448238,424483,405879,387241,395694,377294,356998,338496,344766,326969,310147,292423,299698,282395,266924,251268,254884,241690,229646,219900,207986,213241,201283,189695,178460,169934,161415,164777,155800,148875,140171,131289,125851,119044,111698,104552,97498,91442,85574,86932,81572,76581,71940,67554,63288,58911,55507,56576,52697,49872,46904,43614,40218,35729,33346,30918,28756,24988,23516,21220,19838,16785,15210,12497
gnb,Guinea-Bissau,189473,189473,189473,189473,189473,189473,189473,189473,189473,189473,189473,189473,189473,189473,189473,189473,189473,189473,189473,189426,189334,187884,187701,187482,187255,187033,186815,186589,186366,186148,185922,185703,185480,185257,185041,184813,184593,184383,184159,183938,183719,183501,183279,183065,182849,182628,182408,182193,181978,181916,182002,182471,183085,183857,184630,184065,184847,185631,186407,187236,188098,189003,189947,190939,191934,192930,193938,194945,195966,197104,198363,199752,201270,202929,204605,206286,207990,209699,211427,213161,214917,216695,218473,220266,222081,223913,225747,227609,227768,229639,231523,233432,235344,237279,239232,241193,243176,245177,247183,249214,251257,253324,255395,257491,259602,261719,263877,266046,268219,270371,272470,274539,276561,278554,280557,282569,284600,286642,288377,290644,293463,296837,300783,305310,309894,314564,319294,324099,328984,333858,338746,343640,348532,353425,358398,363428,368529,373708,378954,384599,390628,394000,400807,408040,415407,419521,427095,434801,438962,446099,452565,445489,440007,433704,399822,413182,386771,370906,366428,368146,357387,347307,345124,329862,306495,285267,288058,269055,266364,261349,282554,297274,283496,286425,289476,299618,319468,366559,355307,358885,428547,449588,450945,469873,460311,461715,474948,479479,480099,477219,474064,476841,517772,553939,589868,617454,622985,632934,775007,758558,797559,828827,856745,918372,955010,968911,1006696,1048975,1095132,1142821,1187579,1020518,1190070,1181195,1033104,1111604,976569,846785,783041,721596,784326,813585,816097,838174,811382,812556,784992,764265,782053,757516,817442,791448,808859,783350,755346,770909,741012,710476,724758,692679,657156,666422,634940,603726,568915,575613,544196,513469,523790,492736,467287,436636,441228,413579,386074,359169,333107,336730,311969,287884,266667,271168,251048,230582,213138,196096,198279,184976,173604,165448,154991,147439,149513,140077,129520,125480,120152,114199,118783,112342,105604,99883,88078,82890,78212,78934,74730,70831,66974,63567,60401,57446,54679,55229,52162,49492,47128,45096,42601,40449,38086
gnq,Equatorial Guinea,79429,79429,79429,79429,79429,79429,79429,79429,79429,79429,79429,79429,79429,79429,79429,79429,79429,79429,79429,79528,79859,80336,80979,81791,82613,83437,84279,85115,85973,86827,87703,88572,89460,90351,91262,92180,93101,94034,94975,95927,96887,97859,98752,99748,100737,101754,102767,103802,104840,105800,106691,107538,108298,108987,109672,110366,111072,111765,112480,113191,113905,114531,115257,115990,116716,117462,118195,118945,119708,120483,121289,122133,123027,123936,124867,125794,126733,127676,128633,129589,130556,131430,132412,133286,134287,135176,136190,137098,138115,138695,139069,138973,138679,138060,137323,136695,135954,135356,134615,133885,133031,131913,130792,129432,128213,126875,125658,124340,123183,121994,121037,120188,119335,118688,117925,117298,116553,115919,115265,114929,115159,115714,116827,118263,119859,121472,122967,124635,126171,127838,129521,131053,132714,134233,135920,137621,139206,140948,142731,145341,149138,154019,160083,167353,174956,182902,191227,199916,208999,216954,223702,227687,231699,235907,239872,244234,248724,253099,257707,262318,266828,271942,277039,282178,287499,293322,300062,306825,313999,318147,317214,312375,305951,298296,290450,282035,274798,270064,271071,276334,285832,300702,319704,340817,362412,382547,402027,419693,436771,454171,471851,489953,506526,524997,543646,562293,569437,491092,480448,464996,458015,358946,348409,343622,272537,259655,117064,107624,108966,112095,114423,124147,112912,90738,92063,105657,115714,116472,123839,124472,153327,170910,160704,162904,189715,203885,231647,255305,280811,286545,314088,297814,281900,266486,251106,236058,221949,224483,210159,196220,182894,170133,157909,146364,148677,137624,127272,117611,108637,100299,101725,94226,87171,80953,75154,76122,70581,65236,59779,55256,54897,50564,45805,42082,42180,38639,34514,31330,30870,27181,24494,21974,22162,19160,17026,16492,14557,12788,12875,11257,9800,9818,8505,6795,6847,5839,5869,5023,4250,3767,3131,3143,2599,2136,2151,1761,1371,1080,1053,820,823
grc,Greece,1986270,1988966,1991680,1994381,1982373,1985068,1987758,1975007,1977700,1980387,1983086,1969545,1972217,1974898,1977586,1963226,1965899,1968574,1971249,1959139,1967986,1979978,1976152,1994358,1992606,2010957,2008183,2026683,2022804,2041432,2036397,2055143,2048873,2067724,2032627,1713996,1774277,1752854,1675267,1861275,1951539,1969517,1950907,2176442,2227757,2308167,2204313,2407676,2342394,2363985,2353878,2119135,2364355,2277636,2219999,2156731,2380356,2002101,2064276,2132212,2158016,2071249,2086017,2323045,2479904,2413313,2481776,2411116,2433644,2456889,2529748,2648392,2703723,2422186,2532994,2666620,2527355,2931906,2856748,2844171,2736426,2773128,1957389,2133394,2228609,2339909,2231706,2191391,2156051,2372326,2553572,2944671,3052259,2972576,2938513,3104874,2829497,3269926,2861287,2877294,3215365,3303570,2618377,2741442,2574261,2515382,2614555,2545948,2649842,2737270,2773244,2232669,2292724,3659190,2977635,3655651,4058026,4330647,2883525,3262825,2825453,1835111,1822056,1983342,2099114,2052737,2007613,2027885,2048803,1909721,1999769,2122172,1913106,1746075,1609527,1509424,1641109,1567439,1812022,1906902,2520687,3125086,3715723,4456945,5198860,5830836,4272451,3225840,3115964,2891421,2786969,2483200,2504719,2111207,2104539,1703355,1653645,1533701,1370886,1303352,1240039,1074147,1031578,797407,672824,547606,498324,473794,407177,345429,305345,281007,241387,225588,249606,236086,225014,220764,210289,208715,212144,217667,214474,213434,216766,216164,219482,216253,209852,202596,199997,199331,142834,200932,143841,200652,169423,132983,97018,64423,23871,34413,29853,26316,59154,48363,77367,73491,44881,13561,61249,96646,241557,182410,184141,193058,159818,122239,20030,107146,122731,86152,67725,58745,55378,53900,49547,47380,47092,44951,47354,46825,47438,45768,43792,43673,41737,41901,39999,39889,37726,37599,35837,35700,33984,33851,32193,32040,30419,30520,28950,28743,27385,27214,25759,25577,24181,23992,23799,22471,22269,21016,20825,20641,19447,19273,19087,18028,17855,16806,16641,16483,15473,15325,15183,15049,14147,14024,13903,13093,12983,12879,12767,12023,11920,11826,11130,11027,10935,10844,10751,10101,10008,9917,9823,9182,9066,8961,8867,8769,8181
grd,Grenada,21958,21958,21958,21958,21958,21958,21958,21671,21671,21671,21671,21671,21671,21671,21671,21671,21671,21671,21671,21690,21727,21778,21861,21942,22031,22110,22193,21987,22070,22153,22240,22324,22411,22190,22274,22356,22439,22533,22617,22700,22467,22561,22643,22549,22641,22921,22671,22752,22849,22904,22926,22917,22878,22469,22399,22331,22266,22194,22125,21808,21924,22121,22412,22800,23196,23598,23634,24047,24462,24851,25226,25555,25458,25528,25789,26087,26386,26761,27098,27060,27516,28087,28708,29420,30203,30479,31268,32040,32840,33687,34441,35163,34119,34540,35205,35377,35838,36067,35814,35158,35718,36200,35590,35413,32922,31862,32248,32640,33034,33372,33667,33920,33197,33338,33482,33622,33764,33901,33139,33417,33826,34157,34851,35699,36565,36457,37341,38011,38941,39849,40734,41589,41111,41911,42728,43560,44396,45258,46125,45508,45835,45882,45657,45141,44633,44135,43648,43149,42658,42468,42565,42096,41774,41488,42559,42607,42673,42859,44246,44207,43961,43503,44076,43185,42134,41039,39827,38493,38638,37371,36128,31967,27659,23487,20948,18681,15050,13513,11437,10111,10003,10231,9188,10845,9879,9924,8407,7375,6992,6994,6202,6693,6399,7493,7179,6677,6311,5812,4326,3722,3441,3376,3423,2603,2774,1894,2127,1740,1721,2174,2269,2160,2474,2186,1819,1317,1400,1309,1165,1104,1829,1535,1321,1145,1023,936,807,730,658,592,658,596,592,534,481,430,385,384,342,305,270,264,230,210,184,181,164,143,129,127,112,99,87,88,78,69,68,61,58,58,50,45,44,42,43,38,34,36,32,33,29,25,25,23,23,20,20,17,17,15,14,11,11,9,8,6,6,5,5,4,3,2,2,2,1,1,,,,,
gtm,Guatemala,450534,456421,462385,468425,474556,480751,487030,493399,499839,506376,514572,521272,528019,534821,541680,548612,555579,562627,569720,576868,584084,586595,587931,592974,598071,603212,607073,612288,617546,621430,626760,632154,636033,641499,647013,652568,656478,662130,667814,673111,681659,691724,703317,714450,727828,741472,753081,767191,781566,792591,805266,817575,828982,836648,847253,857974,865760,876723,887820,899061,907043,918524,930153,938218,950101,962122,970264,982546,994968,1007698,1016252,1029502,1042452,1050805,1064134,1077654,1091327,1099661,1113601,1127290,1134671,1147736,1160540,1166448,1179008,1191695,1204519,1210207,1224033,1233275,1230789,1232471,1229794,1224769,1206849,1194410,1176734,1150696,1142584,1132573,1131010,1125673,1133449,1139698,1157596,1168345,1179982,1176575,1184566,1191377,1203409,1197196,1208529,1210214,1218707,1261792,1288645,1299646,1320993,1333781,1349218,1326513,1366305,1338837,1323490,1354593,1378903,1373968,1370795,1336795,1333483,1407512,1526794,1559557,1525946,1482079,1278798,1350853,1354494,1313635,1241605,1246122,1279377,1742544,1818173,1896413,1786354,1865061,1913694,1904020,1932177,2013057,2076087,2127652,2229507,2287720,2269145,2299689,2363872,2383431,2479572,2501723,2573119,2549252,2623428,2646551,2666999,2686145,2645084,2658459,2675632,2685444,2631659,2651956,2653580,2714609,2636879,2558114,2619429,2613600,2607360,2779524,3006864,3219482,3377484,3576757,3759231,3655452,3317207,3042968,2977202,2876985,2626802,2472456,2302711,2057056,1955303,1734034,1484268,1261322,1101623,1175725,1225858,1300541,1357074,1448941,1462319,1429036,1426187,1494802,1505737,1459400,1472168,1437637,1383695,1441742,1541388,1588535,1664920,1690587,1888729,1784197,1847757,1834155,1787683,1742359,1693672,1634256,1581698,1524177,1541493,1481762,1419740,1362692,1307177,1316480,1253082,1198568,1148420,1100094,1048785,998142,1010456,962441,921303,905512,864641,833287,840360,813362,775673,741645,712478,672726,669628,628054,580844,548683,510022,508534,481980,452397,426929,423796,395467,371363,342742,341848,320458,303087,282213,281205,272003,250411,234264,234526,219125,205601,204518,190183,177982,187595,177713,164610,174072,167682,166930,155012,143827,143402,132868,132096,122251,113038,112279,103266,102519,94326,96086,88465,87771
guy,Guyana,141621,141621,141621,141621,141621,141621,141621,141621,141621,141621,141621,141621,141621,141621,141621,141621,141621,141621,141621,140889,138271,136140,133008,129547,126202,121850,118676,115600,112579,108659,105834,103077,100394,96859,94331,91878,89488,86294,84046,82707,82272,82394,83962,86240,88843,90323,93393,96013,99099,100494,103035,105393,107144,107540,109074,110616,112190,113777,114167,116072,118302,120865,122400,125649,129171,132591,134549,138105,141760,145522,147600,151521,155535,160001,162232,166527,170938,175462,177792,181853,185366,188321,188105,189853,191603,194187,193244,193100,194877,196245,196712,193704,192002,191045,190272,186322,187387,182955,184798,191847,199104,209032,217010,212113,212584,213034,212560,208676,209226,209781,208602,204822,205429,205028,207654,207134,203081,202536,198492,198108,194150,193928,190048,186174,186070,182101,182888,178806,178638,175513,171867,172536,169358,170570,167527,168697,165502,162223,163291,160204,161894,159298,156917,154736,157221,154854,152392,149829,151328,148041,144973,154021,163620,168261,178433,189396,201133,213640,219696,233283,246614,243145,247869,304014,283442,262272,249670,245522,249893,236527,231059,224722,235776,237538,212833,189864,191101,200073,201187,210178,210759,206604,250851,274989,291729,281443,282038,275310,284676,299690,307065,283210,258638,215734,158598,131392,98645,102123,83057,79919,85813,81579,82031,81994,76665,81917,75100,64551,65055,59069,57255,52122,47290,44954,42759,43364,41929,39777,40808,37706,19505,14865,5820,2866,891,454,69,51,37,25,39,39,39,39,39,40,40,40,41,42,29,30,31,31,31,31,32,33,34,35,36,36,36,36,36,36,37,39,39,39,39,39,40,41,42,42,42,42,43,43,43,31,31,31,32,32,32,32,32,32,33,33,35,35,35,35,36,36,36,36,37,37,37,37,37,37,38,38,38,38,39
hnd,Honduras,122243,122476,122711,122938,123170,123398,123635,123871,124103,124337,124569,124807,125042,125285,125515,125755,125988,126233,126471,127481,129286,131922,135409,139786,144294,148954,153759,158726,163850,169135,174596,179945,185757,191092,197254,203624,209428,216182,222302,229480,235930,243544,250340,258410,265563,274130,281647,290734,300121,306691,313385,317433,321641,322612,325335,326227,328973,329795,332578,333327,336132,338969,339644,342507,343100,345994,346502,349416,349833,350340,345872,341706,332625,323996,315577,304896,296987,286828,279383,272543,272285,271710,276354,281360,289158,297180,302438,310832,316215,324744,329741,338138,342731,350972,355361,363913,368347,377215,386304,390783,399994,404312,415753,419938,429517,433687,443589,447712,457941,461424,470770,479699,481363,489318,497407,505626,506577,514957,522883,524440,535302,555980,553394,586459,628623,601771,628301,615665,590853,617610,621744,636140,695904,744062,780552,817281,833124,881093,876758,894247,901171,920199,984223,1006097,1028451,964788,958254,949553,970865,994550,1020724,1032457,1061402,1074027,1158106,1191431,1188661,1203809,1238961,1275151,1312378,1350551,1367095,1406740,1447762,1439012,1455938,1499239,1486432,1562478,1639080,1658712,1678395,1695296,1711223,1765588,1748778,1696052,1677662,1694533,1790848,1911182,2047708,2141273,2150367,2171055,2199677,2203098,2285584,2348379,2521190,2033774,1928235,1676220,1832565,1999688,2235444,1730740,1845617,1909352,1821080,1751502,1989487,2371237,2372925,2290466,2032488,1729901,1691077,1511929,1723059,1762554,2098964,1844483,1883040,1833042,1881018,1943919,2003808,1848824,2225830,1915673,1900239,1923336,1752164,1742637,1654729,1618364,1581869,1544054,1622606,1642266,1600873,1559144,1517045,1474190,1431234,1390025,1346214,1358623,1314229,1270011,1228639,1185865,1144075,1097950,1059913,1063558,1022029,981361,941746,903182,865713,829356,794140,796956,761975,728733,696287,665227,637543,608998,613549,584796,557209,530773,505472,481268,480841,457561,435333,414151,393952,374714,373610,355236,337781,321212,304609,302859,288534,276597,263431,265639,252854,240726,229209,227313,216154,205814,196076,192800,183785,174965,166937,168268,160354,156502,153228,146816,139444
hrv,Croatia,1134063,1129392,1129392,1127888,1122984,1122984,1122984,1117880,1117880,1117880,1117880,1112571,1112571,1107047,1107047,1101300,1095319,1095319,1089093,1091013,1094863,1094113,1101847,1111542,1114343,1124157,1134048,1136569,1146579,1156670,1167407,1169170,1179459,1189849,1191898,1202402,1212975,1214672,1225364,1234043,1244905,1246221,1257183,1268257,1266795,1277951,1289207,1300560,1300999,1312457,1324016,1335856,1336021,1347971,1360031,1372198,1384472,1396859,1409350,1408992,1421594,1434312,1447140,1460087,1473151,1486332,1485362,1498648,1512063,1525586,1539232,1534249,1549081,1547657,1545249,1559931,1560474,1555961,1570312,1564163,1578342,1572198,1562785,1576333,1564737,1580260,1565961,1548709,1559757,1541071,1522368,1531573,1543301,1552866,1528075,1538783,1552880,1563705,1535093,1542960,1553910,1528227,1537684,1512259,1524357,1489887,1452727,1462288,1417281,1420716,1381557,1386941,1392302,1397648,1402982,1412374,1411169,1470310,1476279,1482240,1487279,1494132,1443985,1391103,1277660,1230605,1131247,1233709,1083021,1032005,1131484,1239074,1492307,1431894,1433292,1506206,1244096,1307393,1185109,1068424,1125623,1124487,1183732,1183138,1247813,1247884,1247840,1317750,936148,782950,925992,871129,1108738,921629,761338,515084,577520,378870,343231,260961,174638,135208,118988,77656,57462,50718,41726,36550,30522,25282,18960,14390,12207,10196,7179,5730,4123,2598,1635,901,401,,,,,,,,,2654,6177,15430,25918,39919,42743,41185,43011,36100,,,,,1389,2139,2259,1926,1782,1255,1010,2533,,47101,51254,56330,55335,31987,36843,28338,22160,16049,18652,13450,16810,13509,12154,11486,10469,9989,9918,9373,9772,9704,9171,9089,8596,8128,8041,7622,7550,7169,6984,6651,6576,6512,6184,6116,6030,5962,5699,5631,5669,5452,5402,5233,5177,4785,4734,4566,4374,4424,4449,4251,4199,4143,3956,3915,3960,3784,3729,3693,3573,3535,3543,3376,3409,3330,3290,3131,3094,3057,3071,2906,2874,2837,2811,2652,2623,2594,2561,2534,2394,2366,2335,2363,2337,2212,2184,2151,2131,2095,2072
hti,Haiti,473894,482708,491693,500848,510168,519659,529340,539191,549230,559458,570060,580673,591477,602484,613697,625124,636755,648614,660690,671633,681405,687989,695314,701367,707487,711478,717682,723944,727909,734248,740486,746942,750935,757485,764081,770742,774729,781482,788296,792226,799134,806099,813133,817040,823606,829587,836821,840637,847962,854468,862444,867634,876922,886574,892255,902082,912004,922038,927755,937966,948285,958713,964450,975060,985789,996629,1002357,1013382,1024524,1030169,1041478,1052915,1064404,1069902,1081577,1093376,1105306,1110772,1122900,1135159,1140502,1152966,1165561,1178295,1183583,1196523,1209606,1223322,1228117,1241559,1255147,1268897,1274143,1288103,1302217,1307306,1321657,1336148,1349128,1355393,1372909,1391936,1410728,1422248,1444638,1467389,1490485,1502323,1526011,1550464,1563196,1589078,1615771,1643316,1657669,1685966,1714740,1743999,1757572,1785253,1812285,1820709,1846228,1871037,1896181,1904478,1930122,1956106,1982439,1990502,2017029,2043753,2071086,2080184,2107412,2135006,2142128,2170223,2176791,2183112,2211048,2215146,2218033,2218492,2220201,2219471,2247051,2246486,2273958,2274441,2307918,2345246,2319462,2389425,2367179,2471354,2415316,2561714,2502257,2621617,2596967,2721090,2655685,2822449,2912431,2967786,3024332,3162073,3182141,3200236,3218291,3189705,3251731,3266664,3226716,3290510,3188863,3309616,3258188,3200823,3137133,3232551,3406519,3503535,3603696,3723364,3863006,4003123,4155434,4340986,4458365,4590639,4885440,5209120,5510975,5483325,5545846,5636497,5733769,5827055,5969833,6126287,6239969,6338014,6496263,6583988,6672278,3849170,3853461,3857209,4083304,4068165,4129130,4062413,4094174,4126775,4152769,4170233,4287097,4438777,4722233,4858578,5020873,5222732,5456633,5767871,5773173,5839639,5905811,5971420,6036526,6101082,5977482,5850050,5909208,5780591,5651091,5520815,5572749,5439637,5305729,5171343,5216380,5079445,4942008,4804236,4842363,4697582,4557706,4418051,4449660,4308576,4167785,4027488,3887831,3911029,3763418,3623905,3485645,3348574,3212740,3227616,3092024,2949546,2817600,2687852,2560644,2569584,2444389,2322330,2203649,2088564,1977261,1866715,1871423,1767647,1667919,1567849,1476347,1388976,1299254,1301674,1222356,1147173,1076037,1002249,938928,872686,816703,817750,765017,715448,668830,624629,578031,539181,502502,502855,467224,434339,403234
hun,Hungary,2668061,2700745,2733827,2767314,2801211,2835520,2870259,2905411,2941003,2977028,3013939,3050860,3088229,3126057,3164344,3203110,3242340,3280487,3322278,3356883,3395630,3423373,3439375,3681699,3718387,3740496,3737317,3764696,3790786,3786106,3735405,3659166,3677658,3691449,3737899,3760346,3810933,3853674,3841470,3834899,3822536,3815075,3893128,3906264,3882477,3910922,3939573,3912803,3941464,3969963,3939277,3966813,3994157,3958866,3985799,4012909,3982770,3814887,3822518,3975739,4081002,4091270,4032765,3976215,3961961,3733257,4207915,4237153,4196000,4246542,4273388,4223699,4244732,4184323,4203060,4118744,4125472,4040159,3959962,3976618,3681931,3262998,3089638,3300566,3264554,3396980,3376228,3422549,3458526,3467101,3347232,3239831,3115511,2771552,2237503,2200473,2070591,2082193,1953500,1980612,1833964,2395100,2386618,2262318,2288548,2186901,2059158,2068012,1951819,1957535,1839428,1675828,1667760,1533406,1649284,1786659,1892358,1993761,2235446,2348629,2465698,2330930,2188608,2057808,1905734,1149215,1326362,1241621,981474,883536,962744,1124422,1279749,1018113,1007815,836412,650473,721660,632454,480002,612220,599777,479681,807056,1147528,1608838,2215728,2025554,983047,715196,564340,378858,332599,329332,286146,201406,241530,168555,136265,116583,95331,77402,69535,58642,49301,46526,38787,32186,28222,24585,24036,19378,15466,12190,10075,7685,6431,4574,3043,2024,994,,,,,,,,762,,93168,163913,102874,,201288,222339,210072,196956,43455,28055,26004,12958,4573,27190,17455,8330,7563,30966,10899,12352,17591,19903,53486,47246,96724,98950,169412,106563,97900,91855,90868,84340,77666,79695,75923,75813,68685,65830,63160,60636,60089,59527,57190,56635,54484,53967,51970,51471,49621,49154,47456,47007,46546,45012,44579,43158,42747,41424,41032,40640,39427,39051,37917,37547,37193,36120,35760,35394,34395,34045,33074,32730,32380,32034,31118,30779,30445,29577,29244,28935,28084,27783,27492,27205,26422,26156,25888,25631,24893,24650,24411,24165,23474,23241,23015,22798,22572,21913,21699,21494,21284,21078,20462,20258,20059,19848,19651,19453,18869,18674,18480
idn,Indonesia,15820643,15862070,15903587,15945219,15986954,16043736,16085737,16127849,16170057,16212379,16256865,16318296,16370103,16426640,16484211,16577471,16610526,16701162,16792450,16878524,16969718,17066055,17167606,17274424,17400407,17504079,17600706,17728958,17878487,18029045,18174306,18339873,18492226,18615350,18757735,18925924,19099194,19229097,19405927,19562685,19712296,19879388,20051217,20245697,20439973,20658788,20865905,21077696,21251027,21488875,21716516,21895634,22107956,22297042,22519976,22719303,22889299,23147336,23324401,23559367,23799981,24055339,24379634,24640984,24942684,25206263,25464148,25722585,26021668,26318038,26586631,26868848,27157838,27487017,27788552,28088620,28410086,28677976,28935619,29223191,29306764,29540721,29912277,30289588,30525271,30917988,31309205,31683488,32040338,32445234,32875460,33213008,33552508,33948805,34333166,34812486,35227956,35668036,36110708,36563997,37002525,37527266,38042524,38475775,38880459,39323844,39754422,40132090,40623618,40944790,41319978,41599085,42044761,42414859,42864024,43318031,43713070,44090742,44393355,44593889,45362133,45933247,46495304,46971371,47437715,48022443,48405460,48762505,49228461,49842060,50508420,51625339,52624818,53419968,54217518,55019529,55594150,56009039,57014270,57875970,58436263,59186152,61628206,62630185,63393090,63764256,64198532,64920035,65387809,66671611,67566510,68840609,70300179,71848682,73339181,75211490,77184855,78925049,81418818,83507249,85682050,87701861,90436197,93640340,96168708,98643544,101222543,104099636,106549320,109065802,111223334,113937371,116221101,117293743,119750283,122829444,124525008,125999252,128215973,130394623,131371050,132644184,135776703,138244673,139607985,143174972,146191386,149307673,148688561,145994483,142639535,144901053,146899837,149036207,145730496,141002390,136875955,147766155,172252282,139059757,139667810,134886706,103241254,101979142,103051642,93858243,107973840,96069495,90234003,91551979,82776772,77437115,66203077,69052257,66341405,57223130,48976923,40638781,35100017,30852177,28656466,25437069,23590658,20851375,17448700,15512655,11070118,9709159,7362123,5497336,5511248,4741598,4056285,3463425,3483740,2975194,2538289,2159472,1820942,1830810,1547717,1285033,1085512,1088928,910101,767906,633339,635562,529043,441030,367752,368593,308241,249414,250241,204006,168999,143949,142476,116239,97169,96516,84545,85009,73747,63276,63722,57232,47488,47868,41623,41974,36883,36567,36013,34312,34792,31323,31649,28656,28962,26197,26475,24094,24345,22226,22458,19799,20000,18360,18680,17193,17364,17487,16138,16292,14506,14636,14762,13682,13909
ind,India,170360853,170696778,171033366,171370617,171708539,172047122,173929744,174272707,174616345,174960662,175318135,177163012,177544165,177942076,178356829,178788530,179237262,181134685,181621621,182126023,182647984,183016492,183385993,184124993,184866972,185611949,186359922,187110914,187864920,188621973,189382075,190145235,190911483,191680807,192453234,193228762,194007431,194789230,195574186,196362292,197153592,197948065,198745751,199546641,200350765,201158134,201968751,202782632,203599800,204399598,205181887,205790724,206380625,206951501,207523835,209662068,210241659,210822736,211211942,211795445,213887419,214478066,215070208,215663863,217709094,218309779,218911988,219515727,220121004,222042231,222486698,222848487,223020183,223108521,221741037,221811533,221881857,221952002,222021965,222391938,223063737,224039175,225320083,226908322,228507539,228309317,231739236,229691331,231264608,234413647,233502050,239977047,234344114,234560434,232282451,234647999,240847022,227116500,227075904,235021742,232985049,230937801,222206911,223056318,223908389,228544530,225620568,236654735,234538906,220418316,220748609,220864830,224759257,224482801,220143528,219831151,215221359,219205243,238600586,219299165,232636272,225255699,222248869,228503548,225742543,227508807,224349968,231080630,232886354,229713512,231869874,234250114,242371652,245328425,248320436,257005658,254411774,263411956,272456943,268798580,269785296,269632213,268337651,265899781,263483336,273057683,281267932,283752361,281387724,280515071,281147471,287048871,293274241,288600785,294939981,301598574,301879854,315273136,307838789,314766837,313681920,312005807,319185180,316903301,313944045,341124817,358100987,344821514,340764912,323734573,330502708,350083813,370083484,365042975,386360584,367336004,375508897,353346448,344815991,400845659,393534653,393725235,389336229,371846148,382258266,392767499,403526441,413844944,418389526,419083220,421287245,430332797,433840814,437892266,441219157,448962350,458202736,468662275,476062429,485332308,495124720,502841665,512413913,517225644,526721516,515659808,491642580,473735468,463341293,439774304,395065511,360298771,335083441,301047507,269123683,231910964,191914999,167513782,142573820,130096312,143286317,124043618,100305610,78476134,64930872,54153959,40405393,30010500,21651933,18326599,15712280,13449041,11591672,9540148,8087619,8194825,7055769,5924120,5009540,4236198,3682149,3092021,3199965,2731911,2355334,1936838,1788976,1668659,1579970,1677782,1490655,1372592,1283254,1128856,1125150,1088198,1004144,995339,863528,885399,815911,756721,698687,707780,653834,538893,441039,462945,410128,388114,315843,318477,283380,252185,273653,256333,231605,234367,216041,190243,196547,173429,157733,155594,164203,163592,166011,153229,154745,143583,132682,133900,124233,125316,116494,112837,104970,97694,99182,92239,92905
irl,Ireland,4770480,4817104,4890387,4964801,5040341,5087968,5168716,5247361,5327196,5376092,5459136,5542195,5626527,5676178,5762544,5850224,5939233,5989446,6080576,6166277,6161755,6185889,6252959,6261262,6322513,6327700,6371879,6371717,6434041,6425799,6409384,6459258,6430195,6471842,6434198,6475878,6433663,6475333,6517282,6525593,6585756,6527355,6436178,6312642,6191475,6353519,6471579,6297190,6353365,6343626,5998210,5672685,4478093,4403056,4231603,4136294,3933418,3869423,3705930,3617200,3472119,3428701,3266561,3208699,3010001,2916075,2750869,2730201,2564168,2544463,2363769,2337411,2188203,2184799,2149881,2039648,2037208,2003673,1897075,1893436,1887633,1779513,1770381,1663431,1653342,1643304,1526771,1518115,1509471,1417420,1412143,1408101,1325323,1324204,1246868,1246155,1245423,1172531,1172167,1172589,1105382,1107650,1110673,1049107,1053009,994178,998157,1002115,945951,950213,954727,901759,906766,912004,917238,922454,985396,990602,996020,1053057,1042294,1023713,942144,963827,931260,899767,869317,794401,725334,620645,571154,561325,601509,645638,611034,575707,544529,587276,553918,558540,563058,533592,537780,541877,545986,550088,554196,524581,462739,399662,402470,347398,351306,300421,301924,254540,278964,256932,281510,237079,198652,166088,138741,127768,108154,109274,110415,95386,78920,68244,69056,67060,62897,61635,60398,56732,57869,54129,48186,49094,47615,47168,54692,55227,53897,50428,48546,46080,36567,28060,25453,23248,20716,18439,10447,10733,4032,6105,5612,4465,2753,7895,8252,7231,3141,2722,8313,5425,11242,28765,37226,32447,24538,38861,22617,21249,16864,14620,830,2955,7039,6440,8037,4160,4199,4262,4020,3962,3901,3839,3916,3995,3996,4000,4000,3998,3997,3992,4061,4057,4050,4044,4038,4031,4016,4005,3992,4054,4035,4022,4000,3981,3959,3935,3912,3885,3860,3904,3875,3837,3811,3772,3746,3711,3680,3646,3615,3585,3551,3514,3486,3450,3484,3452,3418,3379,3352,3322,3287,3258,3226,3200,3173,3142,3108,3075,3045,3026,2992,2961,2930,2897,2866,2835,2804,2771,2785,2758,2721,2688,2654
irn,Iran,5572317,5597245,5622268,5647408,5672660,5698023,5723507,5749106,5774810,5800635,5826688,5852737,5878910,5905203,5931602,5958135,5984770,6011533,6038418,6065419,6092545,6119793,6147168,6174674,6202300,6230042,6232422,6260306,6288311,6316435,6344696,6373086,6401593,6430233,6459004,6487896,6516921,6546082,6575369,6610759,6640336,6670042,6671311,6701162,6731140,6761254,6791502,6821892,6852412,6884857,6919255,6955387,6993508,7033625,7073981,7114563,7155379,7196429,7205060,7246394,7287969,7329780,7371836,7414119,7456660,7499438,7542460,7585732,7629253,7669307,7705862,7738894,7733002,7760505,7788115,7815815,7804404,7832254,7860203,7888253,7874874,7903078,7931383,7959792,7944332,7977297,8005928,8034649,8017425,8057976,8110461,8175060,8202567,8291518,8381430,8472318,8510536,8602960,8696383,8788918,8880535,8918238,9007473,9095711,9184810,9211369,9301773,9393066,9485251,9453544,9434955,9361992,9235177,8987368,8812204,8572688,8322532,8088685,7932192,7788033,7727419,7749145,7936758,8124994,8305005,8493457,8789962,8963597,9157779,9319942,9581035,9683588,9752034,9739990,9925620,9934808,9928979,9948613,10113166,10102749,10046059,9874425,9737714,9380344,9196938,9063788,8702319,8593862,8470790,8395317,8118925,8612408,8882280,9409821,9703479,10014124,9544232,8793120,8005877,7511485,7019144,6775292,6755273,6246015,5976856,5255960,4783133,4313130,3450159,2821713,4124837,3624585,2750035,2471432,2193029,2271853,1485056,1878034,2955390,4291749,7228486,8961314,9410791,8954996,9001417,9446308,11020560,12585932,13263996,13662618,12499666,11072070,10347094,10006903,9681356,9990928,9326113,9596016,9777216,9507693,8370250,7765235,6009805,4338173,3787426,3639087,3782848,3563945,3806109,4084406,3212925,2224003,1732247,1777402,2667405,2832542,2769105,2545006,2839863,3862024,4295451,3669413,2967699,2526218,2411325,2520323,2129228,2134251,1946056,1771924,1948531,1772694,1610678,1460053,1321071,1320175,1192547,1075509,967652,869419,867664,778844,697850,624712,623097,557219,497792,444864,443046,395627,353445,352614,314847,281073,250970,249430,222658,198778,197321,175944,174500,155662,138856,137601,122700,109406,108293,96426,95391,85008,84072,74918,66808,66345,59250,58539,52279,51636,46528,45962,41246,40735,36360,35919,32093,31698,28729,29137,26448,26147,25845,23301,23041,20527,20552,20314,18405,18194,16441,16245,16237
irq,Iraq,961366,965648,969953,974274,978611,982977,987356,991761,990859,995278,999738,1004188,1008669,1013158,1017676,1022213,1026764,1031341,1035940,1040561,1045212,1049882,1051984,1056707,1061441,1066203,1070982,1075779,1080602,1085453,1090325,1095214,1100125,1105061,1110010,1114989,1119990,1125013,1127131,1132181,1137264,1142355,1147479,1152628,1157792,1162985,1168197,1173439,1178698,1183671,1188347,1194462,1200284,1205817,1208071,1213630,1219224,1224832,1230468,1240423,1254827,1273786,1297439,1325908,1355002,1384732,1415118,1446151,1477872,1505342,1524050,1542565,1557018,1566705,1571765,1581553,1591406,1601308,1611272,1616322,1626389,1636522,1646723,1651682,1661975,1672324,1682746,1687600,1698127,1716409,1742751,1771252,1814436,1866544,1920141,1968086,2024608,2082756,2142557,2190331,2242511,2290669,2334577,2364456,2404430,2445064,2486384,2528396,2560182,2605650,2654116,2705701,2748038,2805909,2865006,2911279,2972596,3019631,3062262,3118817,3154015,3204663,3231968,3276301,3298994,3344238,3365824,3411968,3432293,3471836,3475805,3501039,3488489,3499137,3477271,3487839,3463825,3474303,3447937,3479992,3494496,3571518,3627692,3751942,3829299,3960325,4037361,4175343,4318046,4391127,4530601,4469808,4294849,3067387,2453468,2784407,2696609,3029570,2629911,2526456,2271339,1898278,1818420,2162248,1802103,1592509,1639153,1981761,1346886,1390060,1712589,1619187,2154499,1434379,1344763,925683,478162,552698,305491,144258,166050,569828,576472,979131,1140911,1166495,1181670,991945,1101786,1283191,310743,3481807,1907311,1116999,1213297,1255443,1060603,648820,265762,173021,108294,115958,191451,879938,228682,243687,204806,187354,190576,212167,225102,230830,226005,211806,225660,229644,152469,180269,181550,165731,286265,293795,246820,266334,302348,329373,402396,379390,356082,378647,391830,374736,357399,380720,361966,350355,339830,313645,308357,295007,278531,299098,273108,263100,248281,236049,229668,210111,211238,203399,188358,172114,154345,141436,143004,134983,126616,114914,104798,92080,90774,81594,66584,58421,52170,49877,43292,40401,34959,33537,31179,25729,20880,15585,14292,13058,9606,5640,5049,4507,4157,3323,2877,2633,2376,2079,2508,2544,2525,2791,2600,2305,2122,2255,2531,2328,2296,2211,2039,2136,1906
isl,Iceland,56400,56400,56400,56400,56400,56400,56400,56400,56400,56400,56400,56400,56400,56400,56400,56400,56400,56400,56400,56354,56271,55886,55721,55517,55037,54840,54350,54149,53945,53463,53261,52762,52563,52372,51858,51669,51478,50965,50777,50323,50282,50308,50065,50238,50045,50216,50391,50179,50349,50217,50573,51034,51150,51807,51998,52656,53333,53499,54191,54785,54752,55174,54928,55163,55405,55044,55285,54891,55125,55355,54898,55080,55265,54136,53542,53688,54603,53985,53328,51710,49372,49351,53435,54188,54108,53187,53100,53023,52043,51135,48814,47980,46114,44151,43274,44838,43917,45532,47167,47568,45304,44320,43127,43541,43780,40592,39352,36180,38090,38494,34844,30685,30878,27404,29388,31435,40646,42829,47518,36903,50419,44078,34916,39872,33094,33288,29003,22910,21241,18472,14049,14857,17129,13223,13299,14138,15129,13258,13257,9913,9191,6387,4880,4051,3349,3049,2912,2487,2481,2581,2895,3187,2735,2565,2341,1986,2002,2106,1834,1722,1701,1690,1475,1202,974,873,774,829,938,935,780,624,594,529,468,475,447,360,311,288,243,234,238,263,242,225,184,135,153,158,155,152,180,227,216,204,168,140,100,80,72,82,94,76,386,102,511,179,89,244,425,471,76,134,24,34,32,,845,283,314,285,270,293,301,311,295,282,283,271,284,284,284,271,271,269,257,257,257,243,240,240,228,228,226,224,213,210,207,206,194,192,190,188,175,172,171,170,168,158,155,153,153,152,144,144,142,141,140,138,130,130,129,128,128,126,122,114,114,112,111,108,107,104,101,96,94,90,89,87,83,79,75,70,67,65,64,64,63,62,60
isr,Israel,199188,199188,199188,199188,199188,199188,199188,199188,199188,199188,199188,199188,199188,199188,199188,199188,199188,199188,199188,199188,199188,199188,199188,199188,199188,199188,199188,199188,199188,199188,199188,198571,198571,198571,198571,198571,198571,198571,198571,198571,198571,198571,198571,198571,198571,198571,198571,198571,198571,198900,199552,200519,201821,203455,205097,206766,208435,210120,211828,213966,216541,219572,223075,227050,231097,235222,239420,243688,248032,251720,254731,257052,258686,259589,259638,260555,261469,262397,263320,264702,265596,267928,270732,274023,276289,279651,283054,286494,289983,292314,295938,299654,303434,307318,309826,313774,317773,321830,325941,328529,332843,337291,341862,346556,349438,354227,359083,364006,368994,371533,375919,380016,383806,387275,393122,401020,408549,415737,416119,419441,424056,429978,434551,451139,436673,434699,471194,471175,463643,453366,417172,398537,367711,310610,276541,312782,409415,472288,526244,570760,580879,551128,486753,473680,473944,473952,435237,413112,390319,387348,367281,310684,342524,399020,294550,255195,231271,223363,214206,163488,155588,136988,120151,96736,84326,80248,83933,87808,68726,47426,39813,29619,22152,22780,18580,19236,22085,22686,20840,18922,17105,16336,14975,13186,21208,24253,17041,15492,13203,13056,11669,11064,7462,15209,18270,21466,25680,29192,28933,26575,22252,17092,59798,65494,75397,57547,39958,43231,55308,66401,45778,44532,61586,45813,49514,40535,35748,57121,47441,71790,58687,48359,44254,48540,49791,48370,46273,43806,41557,39431,42288,42631,40588,41780,42179,40015,40409,38328,38700,39052,37037,37435,35446,35726,36047,34247,34537,34819,33012,33269,33534,31779,32018,32248,30567,30788,30914,29295,29398,29554,28242,28531,28684,28842,27303,27428,27474,27600,26145,26259,26411,26519,26614,25170,25249,25439,25500,24124,24213,24291,24467,24644,24786,23418,23480,23542,23593,23668,22319,22345,22367,22586,22610,22630,22647,21305,21301,21326,21312,21303,21289
ita,Italy,10683852,11018797,11051935,11085165,10812947,10845465,10878074,10910794,10943603,11286694,11320732,11354781,11388929,11423174,11457529,11491990,11526543,11561210,11277298,11318997,11368649,11426331,11492124,11566098,11640557,11715483,11790898,11956030,12157749,12697634,12852582,13044576,13124555,13285001,13086150,13219148,13932940,14122825,14591565,14765805,15093179,15190380,15252048,15348474,15126056,15223479,15283531,15381970,15445405,15544878,15663041,15760272,15843424,15941762,16040704,16140256,16255466,16356355,16457869,16541855,16646410,16752583,16603921,16410880,16820129,16316753,17342247,17149742,17261035,17010131,16451129,16821009,17767234,18047499,17332065,16797350,16795555,15748168,15375250,15441018,15572342,15241535,14543846,14666839,14782514,14808973,14417899,14085165,14276886,15430533,15530712,15063130,15025668,14619841,14623751,14780574,14170034,14093496,14240338,14205808,13752058,13782704,13463563,13774876,13220525,13119535,12974323,12477602,12508326,11920783,11816455,11659293,11603294,10575564,11449157,12471399,10873349,10837894,11248918,12306866,11652134,11833725,10247038,9282515,8725455,7842666,7865963,8242995,7304260,6852117,7736514,7570234,7491363,7487246,8083184,7123692,8068511,6755183,6381885,5681272,6189124,6692890,7617239,11333096,18051603,21407727,12617990,8862217,7215735,6301583,5194958,4248651,3682537,3150004,2762086,2303238,2078632,1754960,1568977,1287540,1034135,814948,706148,558928,511685,519253,455271,432094,351031,257116,265435,214914,227423,140460,121201,133349,87639,73973,61116,43789,36110,38342,13805,85158,71556,138503,164625,592324,311513,5296,82690,122524,325759,790031,465365,386394,443826,498563,582757,381119,311950,350557,521212,305408,245703,234753,224194,264317,290037,399029,437727,384647,519849,472794,461193,665830,512937,396598,524912,311060,244157,229354,149291,228235,225958,224368,214494,212787,210887,202399,198964,195869,187731,185908,178015,176208,168527,166801,165060,157630,155946,148778,147153,140190,138571,136945,130303,128705,127097,120737,119174,117576,111552,109999,108421,102746,101205,99668,94356,92881,91413,89965,85107,83727,82403,77961,76739,75538,74326,70373,69279,68204,67175,63667,62751,61914,61039,60180,57123,56324,55547,54786,54027,51318,50618,49922,49238,48557,47885,45498,44855,44227,43601,42976,42361,40356,39767,39180,38608,38029,37460
jam,Jamaica,207726,210762,213843,216974,220142,223361,226628,229940,233299,236709,240225,243732,247294,250915,254576,258300,262078,265913,269791,272753,274776,275852,281420,280552,279697,286750,285871,284983,284108,288192,287302,286417,290316,289417,288529,292234,291329,290433,293943,293553,293675,294323,299751,301455,303169,309092,310847,312611,318501,320590,322987,325746,328807,332194,335605,339046,342532,350335,353931,357740,361756,366004,370463,377001,381767,386596,391485,396428,401449,406777,412395,418336,425137,432270,439530,444815,452309,459924,462221,469487,476324,482710,488624,494060,499568,505132,510746,516433,522179,528252,534651,535312,539856,547251,554762,559008,562590,558860,562604,564398,572434,580545,589068,589405,597719,606140,614678,623337,632113,640241,638712,651723,670833,682282,696064,702876,715551,720471,720674,727077,737365,746607,751790,765597,781518,798899,814822,828850,833395,846402,862117,870040,885262,902240,902970,900280,894956,876497,869326,885058,900152,916822,930530,847617,770122,686853,574175,659769,697075,759305,796854,765788,713369,621762,544997,491904,441438,360008,364778,355239,330097,320996,321851,296607,285528,266007,266823,262839,252275,227826,178269,180868,157863,148989,176388,179623,224421,243226,247190,267089,322389,318496,319556,327142,345985,368229,366284,336936,325079,309484,286507,374621,470184,503118,304874,317563,223765,204736,190107,166652,189002,195443,189958,161789,146949,135411,122233,105360,96522,112845,106639,89005,81614,70577,61669,51312,41198,28931,16622,25229,45643,52131,46569,42800,44282,42171,36832,36808,33363,33527,36768,33241,30100,30044,27201,24606,22305,20230,18390,16713,16611,15105,13760,12504,11393,10393,9543,9446,8628,7906,7458,6836,6773,6203,5676,5189,4753,4697,4287,3914,3579,3262,3219,3039,2769,2634,2583,2444,2217,2012,1977,1790,1616,1590,1435,1291,1270,1149,1116,1099,985,884,866,771,691,674,643,665,589,523,517,455,449,398,390,339,403,354,353,307,269
jor,Jordan,162778,163442,164108,164782,165454,166138,166809,167492,168174,168858,169557,170254,170950,171645,172346,173050,173763,174474,175181,176136,177342,178784,180491,180645,182602,184589,186590,188613,190662,190729,192810,194897,197017,199154,201315,201295,203481,205692,207921,210179,210073,212348,214657,216987,219341,221722,221510,223915,226351,228028,228943,228388,224319,222266,221733,200345,198506,196229,190592,189585,187842,186107,184390,178930,177275,175639,174009,172391,170795,165885,165001,164920,164882,161482,161766,162052,158558,158843,159126,159405,155831,156249,156526,152868,153133,153401,149683,149947,150211,150473,146680,146945,147203,143365,143624,143872,144121,140240,140481,140861,137536,138681,139909,137340,139084,141614,144120,142480,144840,145081,139990,137414,133974,125159,120695,111919,107516,99327,95808,90004,88857,85434,86443,85027,86963,85423,87462,85809,87868,85721,86977,83876,84091,83963,80153,80284,76611,76747,73214,74307,72697,71856,75783,76613,77391,78021,78557,84028,84343,84045,82755,82964,89213,89602,89667,127673,61869,66083,57162,41328,37297,15757,20173,16869,6691,3394,4288,4371,13331,10643,38186,48222,41173,62449,53026,54413,15839,8018,851,180,16,,,,,,,559,2587,18149,51396,91743,75389,73336,64930,45734,40934,24559,38287,53987,62138,65821,68376,66412,49136,30372,23738,19405,13246,8279,11741,12375,12238,14189,19989,26906,31825,32499,33540,34335,38903,36519,36653,35202,33146,30225,29670,25823,24899,20062,23782,20954,18234,15703,14042,12651,12879,11562,16737,15803,15294,14465,13696,14316,13564,12888,12368,11787,11163,11514,10899,16471,15604,14926,15397,14484,13578,13033,12244,12827,11922,11113,10366,9647,9904,9179,8649,7943,8180,7665,6994,7167,6529,5926,3389,3466,3219,2949,3016,2723,2462,2541,2265,2059,2097,1881,1916,1708,1517,1543,1364,1386,1224,1290,1105,964,1016,1280,1340,1205,1223
jpn,Japan,24723653,24849789,24976575,25104013,25232094,25360834,25490226,25620278,25750993,25882380,26015113,26147842,26281256,26415340,26550118,26685579,26821730,26958582,27096131,27212245,27306790,27379637,27430647,27259992,27288860,27317754,27346674,27375628,27404625,27433642,27462682,27280494,27309380,27338295,27367244,27396215,27425224,27454269,27483338,27512439,27317865,27346794,27375746,27404734,27433757,27462804,27491884,27520997,27550136,27593761,27651936,27738276,27600335,27715320,27830780,27946722,28063132,27924097,28040404,28157188,28274455,28392191,28510422,28354059,28472111,28590644,28709674,28829187,28949192,28791440,28946076,29118950,29294370,29488267,29683429,29549545,29742869,29937439,30133268,29976871,30193096,30422173,30664251,30515212,30766493,31019804,30375960,30619926,31792174,31599568,30880146,32625529,31937191,32227628,30285763,30546874,32561993,32276244,29358898,30986805,31275084,30905487,32568619,30828422,31863873,32912784,30196541,30496692,30799677,31108046,31421852,30894061,31205510,31522352,32730453,31253606,26735657,25972575,25249368,23438390,25707449,22930427,23153156,23386881,22560162,21591627,23015581,23246161,20897220,19985709,23931888,24152433,21836578,19753666,20000323,19174142,18419110,17534195,15893371,12611737,12797090,12341299,12460559,13256626,13427068,51804290,48002099,45514276,39762608,37000827,32861582,29004841,25116440,23044186,20997006,19084357,17265168,14891408,14265761,12274700,10041728,8301067,7227160,6631948,5567786,5384872,4599306,4141803,3647928,3357475,3004143,2958428,2844249,2711682,2847825,2801479,2752440,2701945,2566470,2516062,2464144,2448152,2360920,2302092,2247579,2163574,2081509,1989223,1887111,1790270,1707851,1678475,1617623,1642242,1569734,1568098,1519533,1529655,1549937,1516782,1475865,1471381,1423863,1453520,1406219,1408087,1365747,1380902,1405800,1067002,652839,642209,1502767,1121553,750004,387730,833720,764509,1331178,1551518,1315670,1319967,1275983,1241961,1226040,1202418,1134065,1087526,1041910,1030444,1018970,974999,964010,921337,910639,899965,859178,849131,810236,800484,763635,754439,745391,711592,702905,670547,662445,654486,624143,616597,609113,580786,573524,566411,539902,533023,526149,501248,494595,487926,464589,458169,451764,445276,423798,417747,411705,405736,386098,380491,374826,369436,351732,346739,341920,337246,321405,317139,312993,308952,305020,290998,287367,283803,280335,276880,264284,261041,257844,254665,251519,248391,237094,234101,231137,228191,225256,222339,219451,209374,206589
kaz,Kazakhstan,1963850,1963850,1963850,1963850,1963850,1963850,1963850,1963850,1963850,1963850,1963850,1963850,1963850,1963850,1963850,1963850,1963850,1963850,1963850,1967456,1970445,1981337,1995918,2014236,2032723,2046728,2065513,2084468,2103593,2117833,2137272,2156877,2176672,2191124,2211234,2231524,2252001,2272674,2287455,2308445,2329629,2351012,2365960,2387671,2409585,2431695,2446792,2469250,2491908,2514772,2529984,2553001,2576226,2599668,2623322,2638545,2662544,2686773,2711218,2726474,2751279,2776306,2801570,2815770,2841392,2867245,2893336,2919651,2934870,2961569,2988518,3015709,3032110,3060989,3090147,3119584,3136074,3165974,3196165,3226650,3243176,3274133,3305392,3336942,3368798,3385501,3448276,3380167,3431514,3516760,3550366,3627049,3602452,3420942,3337699,3496355,3438590,3481920,3525964,3594521,3681210,3678857,3604892,3715954,3798682,3952837,4044821,4103938,4061407,4067770,3989899,4100453,3983574,3909171,4037345,4047171,4247428,4451594,4817999,4912250,4958704,5025306,5033241,5014817,4925745,4759601,4658015,4613720,4556068,4583572,4538409,4631130,4683262,4663584,4501254,4137242,3895641,3545950,3573269,3396201,3624619,3638195,3835968,3909960,3809342,3913283,4043161,3932577,3417785,3149217,2942021,3126773,2972864,2902217,2829544,2448632,2233793,2285721,2124134,2314118,2024065,1976905,1919706,2224638,1797147,1649308,1490551,1414202,1234000,1255964,1095412,1029963,1054924,815240,828084,844849,924658,942802,979787,972237,980573,1138591,1250137,1131477,1186290,1201608,1212898,1303017,1029809,1066463,1180020,1690269,2009663,2508276,3279343,2621981,2328528,2756322,3102033,3434233,3451987,3274589,2628076,2028455,1259338,2447048,437538,200153,144579,161708,116683,47075,29263,17210,16640,24365,44071,29451,15445,17971,12003,9985,9836,8922,7814,7113,7973,6667,5496,4929,5616,8000,12326,13132,12635,13311,12780,9979,10444,7164,7447,6830,6089,6316,5751,5946,5389,5580,5041,5207,4689,4207,4342,3887,4002,3572,3673,3779,3360,3454,3060,3143,2782,2854,2518,2587,2652,2351,2414,2118,2157,2210,1934,1979,2025,1771,1810,1851,1613,1647,1683,1460,1492,1523,1339,1368,1395,1195,1215,1239,1259,1073,1093,1110,1129,953,969,979,997,836,846
ken,Kenya,2046480,2057330,2068231,2079197,2090226,2101309,2112447,2123647,2134904,2146217,2157661,2169093,2180599,2192154,2203778,2215460,2227212,2239008,2250885,2262821,2274819,2286877,2298999,2311186,2323447,2335759,2348136,2360589,2373106,2385685,2398331,2411043,2423828,2436683,2449600,2462584,2475636,2488766,2501955,2515218,2528555,2541965,2555435,2568984,2582604,2596294,2610056,2623890,2637802,2652159,2666964,2679933,2693325,2707159,2721057,2735032,2749067,2763176,2777360,2791618,2805936,2820324,2834798,2849336,2863949,2876396,2887349,2909704,2923180,2923092,2947968,2967186,2985518,3004580,3023761,3009026,2970608,3000649,3067243,3156734,3170826,3222735,3119343,3108333,3103541,2728465,2781045,2827693,2902165,2961302,2979241,2944142,2892356,2841444,2730665,3087751,3155689,3155361,3249509,3189971,3187223,3082928,3042198,3071650,3056040,3029659,3003497,2980659,2954022,2926831,2715422,2808007,2794575,2711507,2665681,2581925,2535491,2486191,2439011,2453208,2422717,2396538,2383726,2378644,2373382,2370645,2366072,2142442,2351762,2712509,2326678,2425901,2523690,2409424,2727410,2664269,2461974,2815957,2708641,2757976,2810425,2807062,2868508,3276401,2944703,3122286,3204613,3216205,3307773,3414040,3522018,3127474,3549207,3716954,3604644,3551389,3575606,3686121,3803085,3929276,3976154,4312559,4278992,4341332,4295169,4461093,4275847,4272355,4235490,4249086,4417542,4452432,4478613,4502337,4520016,4995941,5012981,4879256,4731588,4904071,4907795,5178019,5466957,5787114,6103446,6299691,6342110,6440630,6523539,6691892,6884921,7228370,7713473,9770227,8583610,8515399,8579486,9024064,9852294,10383180,11695886,12237431,13414650,14181123,15176264,15613214,15959187,16201627,16549060,16803509,17235186,17202344,17492000,17741442,17887696,18131773,18571854,19398183,19926088,20982937,23151384,24179093,24985869,25345288,24993220,24924576,23784393,21863841,21078545,19013437,19058155,19296480,18341514,17604364,16711657,15854717,14993819,14152055,14282085,13457549,12668969,11825866,11015753,10342597,9705081,9070381,9228105,8529381,8074673,7487594,7051737,6545805,6139121,5767697,5708335,5345592,5097221,4665847,4405765,4123461,3984427,4363248,4158365,3896968,3649654,3442336,3142846,3018178,2982430,2758888,2665568,2506334,2465979,2171371,2152136,1919892,1800851,1606544,1571829,1587590,1436895,1172020,1113913,1021336,1073304,897292,944156,997027,825329,872942,752526,759360,685495,792799,735047,720302,596380,532988,558202,517973,495776
kgz,Kyrgyz Republic,491897,489902,489902,489902,489902,487646,487646,487646,487646,485270,485270,485270,485270,482770,482770,482770,482770,480141,480141,481018,482792,483470,487029,491496,496003,497540,502114,506708,509778,512771,517480,522229,523474,528281,533128,538021,539110,544053,549049,554086,554982,560071,565216,570404,571085,576328,581614,586947,587394,592792,598232,603717,603877,609407,614991,620619,620479,626167,631895,633020,638816,644668,650572,649805,655760,661771,667831,666657,672757,678923,685143,683520,690705,697972,696975,704372,711838,710592,718184,716648,724360,732157,730354,738281,746295,744248,752382,750035,758312,766675,764069,772580,769650,778303,787043,783875,794103,790598,799621,808746,804991,814273,810223,819650,829185,824900,834589,830033,839884,849839,845061,855188,850157,860434,855159,865605,860085,857288,851809,845443,856139,849514,842589,835378,846238,838738,832015,823870,834831,826374,817621,808604,799338,810270,800735,791029,781211,791334,781602,768611,757961,767808,756174,745355,733885,723175,712090,698928,687609,674356,667712,665767,663093,638021,632127,630206,627083,624108,625090,627028,630857,633596,657886,660515,659358,659903,683109,681406,676827,671769,691177,682805,701239,690094,707243,755401,772353,790126,808762,827790,882750,921986,952332,889190,932217,1046788,1094332,1097914,972153,964852,919739,1106476,1351743,1683891,2105563,2291306,2253347,2094266,2133248,3332428,3280629,3075872,3028915,2912057,1702010,1885741,1356087,1202717,768046,546433,672868,567562,610169,819222,514999,684079,518885,552987,421962,381984,688102,440034,380627,235302,182110,153400,140900,123061,111759,100635,105911,91733,97217,93240,83166,83136,73937,79863,87004,94765,91422,88258,86504,82875,81071,75484,80107,78858,81796,77546,71164,67207,59887,53513,55952,54495,45340,41680,33988,32549,39902,30669,41643,32865,39870,37844,28946,38049,35741,35250,27989,26516,24898,24445,24004,26716,23864,22282,20800,17925,18569,19511,18148,16925,15780,14044,13039,12238,13991,13942,14955,14059,13198,13678,12853,12303,12479,11748,10777,10673,9868
khm,Cambodia,1902722,1902722,1902722,1902722,1902722,1902722,1902722,1902722,1902722,1902722,1902722,1902722,1902722,1902722,1902722,1902722,1902722,1902722,1902722,1903581,1905305,1907891,1911357,1915680,1920013,1924351,1928706,1922544,1926892,1931255,1935622,1940005,1944393,1948777,1953196,1957625,1962052,1966481,1970932,1975391,1979862,1984336,1988822,1993332,1997842,2002359,1995341,1999854,2007709,2012245,2016796,2020910,2025037,2029172,2033320,2037466,2041623,2045793,2049964,2054150,2058344,2062544,2066754,2070976,2062679,2066881,2071104,2075332,2079564,2085711,2093783,2103783,2116639,2131466,2146408,2161454,2176589,2191850,2207208,2222673,2238242,2253931,2269717,2285623,2287259,2303299,2319451,2335726,2352108,2368603,2385219,2401951,2418797,2435760,2452845,2470047,2487366,2504809,2522370,2540058,2557867,2575798,2593864,2595208,2613422,2631768,2650241,2668839,2687572,2700281,2706944,2707541,2702067,2690491,2678967,2667497,2656075,2644701,2633962,2623263,2612621,2584561,2574087,2563647,2553260,2542910,2532600,2522329,2512109,2508256,2510821,2519831,2535317,2557316,2579508,2583579,2606009,2628642,2651460,2691140,2748487,2824348,2897797,3012523,3106840,3229851,3329183,3461016,3565404,3696250,3786556,3875144,3881259,3969849,3853025,4051219,3905484,3854900,3864223,3701560,3601371,3776386,3666726,3539481,3721499,3690854,3655611,3615793,3573244,3648575,4035043,4262292,4527874,4339100,4826377,4886572,4366154,4124028,3537522,3622865,3784545,3887730,3973460,4115715,4205312,4294811,4382020,4428746,4246050,4209839,4347393,4419673,4622637,4926189,6510277,7021919,7587730,8106672,8378385,8019490,7734603,7420819,7129478,6656949,6186903,5590891,5086057,4640491,4305474,4111849,3881910,3596445,3301829,3063861,2814643,2640653,2435749,2266874,2077486,1913044,2032676,2047686,1888476,1793747,1696566,1602648,1462559,1289754,1138273,991270,1011998,1015104,957523,910986,849635,804358,754123,732532,716294,733746,692324,652844,618266,580973,549491,510809,497191,493919,477705,446434,411687,383833,349684,318951,331487,312845,287734,249474,220319,206181,212017,182121,205553,177450,184573,172522,146136,159234,159474,146356,125103,113648,108455,100501,105864,102713,92779,85815,79349,76459,71212,70260,64943,59866,58936,51042,46904,43894,49521,45734,46276,42600,42792,39756,37468,37553,35441,33014,32961,29843,27657
kir,Kiribati,12821,12821,12821,12821,12821,12821,12821,12821,12821,12821,12821,12821,12821,12821,12821,12821,12927,12927,12927,12939,12967,13000,13051,13118,13180,13243,13309,13373,13252,13315,13375,13440,13507,13570,13637,13706,13772,13841,13910,13972,14039,14108,14150,14220,14289,14359,14457,14520,14571,14637,14712,14806,14908,15010,15109,15207,15313,15410,15513,15610,15486,15586,15695,15795,15901,16009,16117,16219,16369,16479,16590,16693,16823,16957,17089,17224,17364,17497,17634,17774,17915,18054,18193,18346,18485,18631,18772,18960,19110,19259,19406,19265,19408,19593,19750,19902,20052,20205,20358,20521,20719,20879,21033,21191,21354,21520,21689,21851,22019,22187,22354,22526,22698,22897,22750,22557,22329,22110,21855,21519,21322,20425,20009,19590,19169,18732,17743,17289,16832,16350,15288,14878,14476,14085,13561,12433,11918,11387,10890,10387,9394,8960,8535,8052,7677,7324,6966,6604,6262,5987,5787,5600,5471,5284,5185,5007,4830,4608,4361,4142,3942,3717,3521,3318,3130,2963,2774,2567,2388,2233,2106,2533,1868,1138,349,286,1046,1253,1365,2082,10080,10493,8388,11594,9467,12074,15929,14727,11767,13955,16896,19657,15261,15369,16008,15263,16106,15778,15789,17573,16864,18200,17034,19472,20606,23073,21260,21659,19602,23396,22550,20340,19273,16099,15381,12825,11190,10902,9839,7535,8621,7909,7123,7258,6628,6125,5611,5061,4570,4155,4850,4389,3991,4098,3730,3398,3466,3161,2946,2814,2895,2750,2585,2687,2549,2346,2193,2038,2145,2201,2063,1912,1950,1782,1685,1606,1514,1578,1486,1372,1303,1232,1259,1190,1099,1039,972,920,969,1084,1023,975,887,840,816,808,759,688,675,584,571,486,497,455,414,380,328,311,287,262,262,211,188,163,148,85,83,76,77,55,56
kna,St. Kitts and Nevis,15107,15107,15107,15107,15107,15107,15107,15107,15107,15107,15107,15107,15107,15107,15107,15107,15107,15107,15107,15164,15271,15311,15519,15790,16072,16214,16490,16776,17067,17212,17511,17813,18116,18261,18581,18909,19234,19373,19712,20051,20398,20747,20893,21255,21619,21995,22136,22522,22908,23309,23445,23874,24370,24810,24980,25434,25887,26366,26514,26999,27477,27968,28098,28585,29082,29586,29696,30213,30741,31238,31246,31655,32053,32412,32775,32660,33033,33407,33790,33651,34022,34394,34767,34580,34950,35324,35701,35499,35874,36166,36371,35866,35881,35797,35712,35152,35073,34996,34919,34217,34108,33984,33845,33085,32931,32784,32625,31889,31744,31548,31302,31012,30092,29735,29399,28469,28111,27207,26843,25998,25773,25612,24988,24962,24398,24379,23810,23789,23771,23248,23304,22857,22998,22617,22767,23046,22706,22919,22551,22879,22552,22899,23267,23111,23522,23939,23709,24141,24561,24320,24737,25344,25262,25863,26392,26119,26611,27105,26814,27292,27531,26586,26201,25751,24505,23979,22734,22162,20911,20275,19811,17845,16636,16032,14898,14338,13262,12245,11285,9948,8750,8556,8271,8032,7753,7154,6571,6012,5603,5161,4802,4812,4665,4473,4350,4220,4089,3900,4053,3841,3591,3422,3344,3397,3253,2990,2887,2868,2639,2729,2724,1664,1697,1551,1373,1351,1263,1250,1194,1117,1474,1528,1239,1086,1056,936,831,781,734,691,727,723,679,674,634,596,593,552,547,511,506,474,471,441,408,400,374,370,347,344,334,311,308,287,284,260,257,238,236,232,214,211,195,194,187,173,171,169,155,152,141,138,135,123,121,120,117,108,105,104,95,92,91,83,81,79,78,71,69,68,68,60,59,58,57,55,50,49,48,46,46
kor,South Korea,8345947,8345947,8345947,8345947,8345947,8345947,8345947,8345947,8345947,8345947,8345947,8345947,8345947,8345947,8345947,8345947,8345947,8345947,8345947,8346827,8348593,8351238,8354761,8359184,8363594,8368011,8372432,8376847,8381285,8385707,8390129,8394563,8398997,8403429,8407875,8412312,8416756,8421200,8425650,8430095,8434551,8439000,8443455,8447925,8452384,8456846,8461317,8465779,8470249,8475661,8482003,8483440,8485803,8428491,8431760,8435025,8438281,8441539,8444787,8448039,8451286,8454531,8457772,8461012,8464248,8467482,8470714,8473936,8477164,8479376,8480585,8480779,8485305,8488849,8428683,8432298,8435903,8439511,8376641,8380314,8383976,8387640,8321889,8325609,8329316,8260453,8264205,8267956,8271702,8199603,8203382,8207164,8210944,8135435,8139243,8143045,8146829,8067740,8071546,8077799,7999740,8010837,8037378,8053190,7978163,7993872,8009624,8025379,7945443,7983021,8042974,8125653,8231468,8144844,7901870,8025847,7864840,7832275,7644492,8091588,7897792,7843115,7974414,8109037,8633824,8385129,8316388,8030618,8816978,8957254,8175740,8530451,8640179,8493693,8594600,8177440,8536643,7001129,7358636,9422437,7607181,6961693,9781790,9762642,12393411,14358273,16039205,16385586,15885329,15671956,17287722,17568215,17541487,15784719,15945474,16131395,16685842,16439283,16561523,17125061,17684122,17682280,18116919,17456371,16694167,16423684,14935015,14052938,12582659,10579412,9754597,8464499,7706770,6229299,5662111,5129731,4122288,3259314,2723469,2431046,2613668,2410595,2139966,1853601,1646136,1449413,1232703,1052178,871031,697828,578354,488935,432800,390357,337688,288885,259702,248960,314019,262681,231594,217351,194465,199338,200109,186416,176562,202249,177303,240713,237152,243061,197646,186687,126417,126199,70310,65524,50086,24747,7325,12437,9859,9059,7796,7032,5253,4291,3452,2735,2718,2702,2097,2079,2061,1563,1550,1137,1125,1114,791,783,773,526,519,512,506,323,320,316,185,182,249,248,154,155,153,92,90,90,91,93,65,65,65,65,53,53,53,53,54,47,47,48,48,48,48,41,114,115,115,115,115,100,100,100,100,100,100,99,86,86,86,86,86,86,86,86,72,72,72
kwt,Kuwait,72143,72143,72143,72143,71628,71628,71628,71628,71628,71628,71628,71628,71088,71088,71088,71088,71088,71088,71088,70523,70523,70523,70523,70523,70523,70523,69931,69931,69931,69931,69931,69931,69931,69931,69311,69311,69311,69311,69311,69311,69311,68663,68663,68663,68663,68663,68663,68663,68663,67986,67986,68007,68033,68059,68081,68100,67416,67438,67463,67481,67501,67528,67550,66841,66860,66879,66903,67088,67110,67209,67404,66889,67271,66915,66513,66969,66526,66980,66491,66944,66409,66858,66271,66724,66072,66529,65827,66275,65504,65956,65386,65827,64940,65375,64420,63403,63826,62752,63240,62232,62644,61426,65560,64246,64600,63269,63238,61834,61913,59733,60137,58178,58629,57028,59600,62542,65721,68787,71232,71788,70382,70917,73474,74045,74620,77287,77887,78499,81167,88143,94222,99947,100778,101606,102448,103294,104144,105006,104259,101375,100275,96972,93170,88911,84328,79167,74019,67540,55629,31690,15847,8244,3986,1870,1286,1004,754,601,450,371,282,231,170,131,95,74,76,102,104,139,43,42,46,74,145,259,279,389,385,321,728,1663,3090,4367,4295,4164,5061,4571,4138,5889,3173,4859,1938,983,819,703,779,806,846,921,882,952,936,677,563,491,486,514,573,832,1047,1069,1028,1155,1311,1492,1557,2094,2150,2210,2569,2425,2317,2780,3151,3425,3221,3248,3014,3025,3573,3315,3329,3087,3096,2865,2879,2668,2674,2479,2487,2297,2304,2316,2141,2149,1984,1991,2001,1847,1854,1859,1717,1720,1589,1592,1596,1469,1472,1479,1366,1368,1373,1372,1265,1267,1264,1168,1170,1173,1175,1086,1084,1088,1084,1002,1004,1007,1007,928,929,931,932,933,865,865,865,866,866,868,800,800,800,800,800,800,737,737,737,737,737
lao,Lao,381809,381809,381809,381809,381809,381809,381809,381809,381809,381809,381809,381809,381809,381809,381809,381809,381809,381809,381809,382538,384001,381986,384908,385223,388887,392599,396331,400105,403922,407765,411653,415576,414592,418535,422524,426546,430619,434713,438855,443037,447255,451513,455812,460161,458801,463164,467579,472030,476529,481068,485651,489649,493675,497749,501839,505971,503511,507656,511831,516037,520278,524551,528864,533210,537587,542002,546458,543452,547909,553920,561533,570792,581867,594692,607795,621192,634874,648859,663151,668009,682709,697731,713084,728769,744807,761189,777928,795039,812525,830393,848652,854038,872802,891972,911557,930378,950827,971720,993066,1008461,1017834,1021112,1001603,992613,983708,974878,966124,950200,941776,926624,904828,894811,896144,883913,859486,856952,839171,821651,805345,790203,775989,760840,758560,742795,728951,715259,712322,698696,685628,685868,678710,674405,685871,688491,703177,707938,715327,729577,734469,748695,781335,814197,858250,924436,983559,1046246,1113158,1198137,1274825,1343829,1420336,1438025,1454344,1488175,1503502,1538104,1552241,1587768,1624056,1637433,1674015,1686171,1724807,1736692,1776073,1786657,1827529,1837320,1880205,1889376,1934357,1942775,1949470,1910030,1908885,1901948,1887394,1971939,2004522,2092084,1967625,1738290,1727781,1752561,1730112,1766332,1798040,1884478,2094005,1910591,1892626,1945567,1932821,2091954,2317450,2551118,2826272,3103490,3120029,2940660,2774390,2628344,2398122,2425275,2349746,2364216,2247453,2212663,2050450,1873397,1736331,1584074,1454982,1409331,1324205,1303267,1265510,1202277,1205228,1121754,1202401,1155415,1146313,1110692,1026041,1017530,908692,840077,704305,646641,654874,663184,604961,551879,501545,454828,411175,370643,333376,336338,304096,271868,243327,217553,193434,174757,176915,158840,142988,128385,115656,104023,107094,96181,86372,75825,68211,62164,62324,59994,57074,51668,46721,50853,46205,42132,40903,40087,36453,34562,30546,30974,29613,30084,29353,29784,27361,25440,27529,25653,25410,25703,23988,22317,22622,22527,21004,22508,20958,19451,19636,19181,19349,18892,17042,18893,17440,18283,17554,17683,16298
lbn,Lebanon,201935,202958,203987,205023,206068,207115,208171,209228,210289,211362,212435,213512,214596,215694,216791,217889,218997,220111,221230,222448,223776,225201,222752,224365,225987,227625,225095,226729,228367,230022,227316,228962,230616,232286,229409,231293,232966,234646,231566,233236,235348,236618,233243,234932,237164,239335,235681,237388,239102,240833,242796,238824,239838,240873,242770,238623,240290,241971,243661,239034,240708,242397,244149,239283,240956,242622,244318,239240,240916,242181,243327,237206,238530,239613,232665,233467,234542,228178,228027,229240,222749,223460,216874,217852,218832,213568,215182,217429,211338,213372,217114,210714,213273,212915,205597,205659,198407,199535,200279,193949,195768,198965,195324,202525,208304,206035,211898,217923,214339,220634,226185,220998,225878,219654,225255,218664,223109,214530,218942,211798,216144,208707,212223,204566,208726,198424,202481,194480,198435,190195,194046,185857,189431,181763,185073,176928,179559,170764,174545,166639,169470,161882,154521,147155,140620,143785,137418,130438,124660,118931,113262,50986,43898,28371,19805,16106,18475,18959,39986,30518,31422,26235,24300,28170,22996,18231,13964,19152,12291,12561,8954,5292,3037,2564,2126,26314,374317,65335,73196,56219,46621,50264,144429,93105,35947,16097,24981,14148,51305,180513,110952,39264,24501,17526,12402,10055,6449,8366,8581,9763,9860,8077,7539,7272,5891,7710,7163,5094,3873,2264,1538,1918,5944,3602,12819,18502,10885,6690,6682,5902,57463,195271,252473,308147,437154,370008,312167,313327,285280,286538,317107,288800,262519,238034,215245,216140,195279,176241,158673,142801,128016,128437,114752,102448,91212,80947,81107,72044,63761,56366,49798,49800,43709,38437,33647,33687,29565,25883,22757,22692,19996,17635,15584,15526,13911,12315,12368,11007,9779,9754,8736,7856,7851,7040,6269,6257,5614,5002,4989,4410,4403,3902,3541,3611,3193,3184,2805,2852,2511,2497,2177,1903,2044,1844,1835,1600,1656,1646,1429,1425,1233
lbr,Liberia,251392,251392,251392,251392,248732,248732,248732,248732,248732,248732,245990,245989,245989,245989,245989,243163,243163,243163,243163,243245,240492,240741,241071,241486,241903,239297,239702,240112,240529,240943,241352,238621,239029,239441,239854,240259,237412,237822,238236,238642,239048,236082,236490,236898,237301,237709,234628,235026,235434,235987,236705,238336,236097,237672,239250,240835,242435,240167,241765,243409,245642,247423,245188,247058,248943,250836,252751,254675,252267,254238,256270,258377,260742,258538,260950,263372,265821,268298,265814,268280,270758,273263,275796,273007,275523,278061,280618,283204,285815,282633,285446,288056,290696,293350,289746,292376,295432,297706,300412,296277,298955,302124,304841,307979,303255,305960,308696,311450,314222,316963,311659,314221,315762,318249,320909,314708,317162,319633,321648,324265,317969,331339,335825,340962,356013,361347,367782,373414,379136,384875,390619,395941,401305,407076,412934,418872,424897,431133,437327,443974,451081,458661,466623,475202,483937,493163,502550,511763,521142,546561,560215,520078,495010,456896,430188,386182,359831,333173,290488,266295,230169,210093,181033,164548,158468,162656,128658,141238,135089,129304,123973,118220,121171,124281,127554,150835,144309,159333,152708,157345,199615,257367,274948,302226,351765,389736,418817,454930,483274,798992,1255872,1141628,1547905,1867868,1951518,1982880,2015526,1752988,1727475,1686595,1425485,1468813,1520795,2029559,1995255,2105529,2196101,2195002,2126605,2131760,1978803,1823959,1676812,1534798,1436814,1526736,1608823,1653754,1696939,1874364,2019110,2005974,1930667,1981092,1886190,1887159,1806984,1667476,1614957,1556418,1774591,1720843,1660653,1700125,1637235,1669950,1606973,1542972,1571753,1503563,1434508,1458187,1390531,1321174,1342597,1272143,1201039,1220800,1153069,1087182,1103578,1038485,974664,989015,926605,867584,810291,822252,766487,709175,656320,665250,611705,567573,524277,525065,483449,441947,404159,412549,379911,346223,317591,321374,289837,259535,227813,207214,183201,185341,160996,144896,128616,112260,111849,99464,110169,97735,87882,76810,80752,81570,74019,67097,60555,55332,50557,46243,46558,42532,57777
lby,Libya,210967,211097,211233,211351,211486,211611,211737,211867,211995,212129,212261,212433,212659,212914,213231,213589,213988,214434,214933,215471,216058,216296,216981,217491,218263,219093,219831,220750,221510,222444,223123,224249,225523,226726,227855,229011,229779,230993,232141,233304,234450,235620,236754,237899,239537,240731,241965,243211,243031,244249,245467,246551,246021,248862,251745,254060,255219,258168,261158,262531,264764,264972,266778,269000,270338,270978,273166,275225,277450,277832,281037,284282,288051,291876,292688,296610,300577,304608,305473,310858,316016,321576,328048,330347,335953,341651,347451,350880,356850,363000,369324,375835,378836,385692,392676,398500,405730,410020,417486,425030,432659,440368,443855,451701,459687,469288,477552,481415,489928,498370,506706,515957,524077,527276,535385,543613,551971,560445,563226,571121,579044,587024,595049,603111,611280,614283,622663,631165,639771,648833,658339,668310,678764,684182,695289,706582,718041,729691,741527,755504,771717,784363,799036,815782,833834,850953,868225,885613,903116,922190,950211,923752,944066,963526,996269,1007768,1009983,1045515,1054446,1079954,988666,995850,792918,578838,323473,212166,167824,150532,87086,74831,77228,94559,82080,92050,58514,57352,35229,29505,28915,26193,27771,62212,87758,86535,90392,106663,108692,125651,155914,147185,138755,116274,124685,129051,130980,133264,135192,126327,137778,136011,133395,138924,143289,125487,125877,106901,100253,99503,101062,102550,97888,255119,91715,119843,179755,183019,191940,134900,116867,141548,221291,168728,165755,301457,206514,189620,169869,171501,160187,150090,173133,162225,151432,141727,142595,133045,124060,115703,116540,108429,100743,101226,93835,87352,87721,81345,75675,76056,70409,65669,65970,61240,61407,56938,52595,52688,48567,48725,44914,45184,41813,38622,38548,35488,35617,32808,32807,30207,30181,27713,27806,25549,25793,26070,24143,24315,22778,22751,21154,21316,21298,19643,19624,18085,18056,17896,16481,16442,15115,15064,15008,13775,13729,14201,13027,12989,12940,12891,11799,11755,11727
lca,St. Lucia,23796,23796,23796,23796,23796,23796,23796,23796,23796,23796,23796,23796,23796,23796,23796,23796,23796,23796,23796,23796,23796,23796,23790,23790,23790,23790,23790,23790,23790,23790,23790,23783,23783,23783,23783,23783,23783,23783,23783,23775,23775,23775,23775,23775,23775,23775,23775,23767,23767,23828,23941,24173,24472,24824,25194,25558,25917,26302,26685,27097,27549,28037,28567,29129,29693,30284,30878,31488,32119,32763,33454,34176,34925,35699,36499,37337,38170,39035,39913,40709,41423,42019,42536,42967,43387,43821,44258,44692,45135,45678,46297,47039,47895,48850,49826,50823,51861,52895,53923,54781,55436,55883,56116,56133,56154,56174,56161,56182,56197,56305,56501,56787,57167,57635,58114,58565,59044,59536,59888,60353,60923,61560,62350,63205,64142,65019,65905,66858,67770,68769,69733,70801,71822,72879,74012,75096,76272,77372,78579,79668,80801,81827,82781,83699,84725,85655,86583,87535,88619,89528,90424,91216,91494,91237,90638,90138,89595,89005,88190,87267,86841,87338,87516,88022,88483,88912,89281,89680,89529,89944,90386,90870,91331,92615,92275,92746,87723,85120,83474,83136,87434,88036,89156,88689,86829,84098,77430,76862,69711,65065,59542,60974,57385,58906,59728,60565,60419,62912,60092,59837,61512,65732,66692,64472,59923,61275,194,150,165,191,191,168,133,186,141,149,172,146,102,144,347,262,99,92,80,96,101,104,107,97,117,102,92,100,89,83,77,73,78,73,66,63,55,57,56,52,46,50,45,41,37,40,36,33,35,37,37,36,40,35,32,31,27,24,25,22,24,24,21,21,18,16,18,15,15,13,15,13,11,12,10,10,8,8,6,6,5,6,4,4,4,4,4,3,4,3,3,2,2,3,2
lie,Liechtenstein,,,,,,,,,,,,,,,,,,,,,,,,,,,,,,,,,,,,,,,,,,,,,,,,,,,,,,,,,,,,,,,,,,,,,,,,,,,,,,,,,,,,,,,,,,,,,,,,,,,,,,,,,,,,,,,,,,,,,,,,,,,,,,,,,,,,,,,,,,,,,,,,,,,,,,,,,,,,,,,,,,,,,,,,,,,,,,,,,,,,,,99,101,91,85,79,72,67,65,62,60,60,60,65,69,75,82,85,83,78,73,67,61,55,51,49,47,46,44,44,44,43,43,42,41,40,39,37,37,36,40,38,36,35,34,33,,,,,,,,,,,,,,,,,,,,,,,,,,,,,,,,,,,,,,,,,,,,,,,,,,,,,,,,,,,,,,,,,,,,,,,,,,,
lka,Sri Lanka,1508843,1481441,1454537,1428129,1402192,1376729,1351724,1327177,1303079,1279414,1256603,1233778,1211372,1189373,1167770,1146571,1125749,1105305,1085228,1073567,1070330,1075521,1089164,1111279,1133847,1156879,1180367,1204332,1228796,1253749,1279207,1305183,1331692,1358724,1375140,1403065,1431552,1460618,1490282,1520544,1551422,1582919,1615069,1647866,1681320,1715463,1750300,1785837,1822104,1845464,1855856,1838399,1823724,1779985,1736501,1693292,1667549,1625280,1583306,1558353,1568752,1581802,1608398,1651481,1717364,1762399,1806515,1851815,1925704,1965575,1992067,2059822,2148853,2170257,2222065,2213699,2235734,2257985,2372539,2335472,2268449,2228953,2188803,2214955,2279003,2409163,2463982,2282735,2350430,2421285,2265827,2300059,2337391,2377905,2419125,2374674,2424954,2414581,2398213,2346474,2287857,2469620,2574605,2500384,2546999,2659278,2709172,2711435,2742286,2931060,2907677,3024467,3066894,2973303,2991429,3263474,3227697,3106187,3473120,3348358,3553447,3651389,3616542,3722104,3606173,3455739,3330661,3358525,3386614,3268799,3441140,3638073,3862888,3795285,3544039,3752186,3884805,3608815,3731260,3879545,3718924,3788334,3764977,3936981,4481777,4695057,5118678,5122715,4877854,4854265,4832085,4778132,4883190,5126054,5077191,5194700,5624605,5751515,5887537,6032356,6183669,6339464,6497741,6465112,6627265,6792737,6960396,6694411,6626855,6550038,6192837,6580706,6712457,6571510,6690825,6529148,6643974,6471476,6006182,5535315,5341511,5277854,5166386,4875877,4595389,4321187,4283190,4293778,4250084,4260386,3965814,3905966,3976345,3878902,4007641,4010355,4105699,3881174,3897954,3825682,3857672,4288029,4172645,3721098,3553504,3212219,2799584,2429791,2178206,1920346,1753774,1622064,1510076,1327310,1136506,1053791,939997,839275,698408,727000,864755,785005,1006055,1067363,903268,830371,726226,661891,544374,506051,518170,485222,461595,475633,446708,431402,423142,402157,380681,387286,370230,351004,351612,354224,340266,327248,307427,278400,286387,258301,239671,235099,225317,217145,208369,212080,195270,190478,198551,165249,157795,158434,152634,145447,148321,129818,123257,125507,102691,97134,98779,81974,82962,78096,68201,52106,48378,49041,43657,43597,38701,37043,34256,34637,30605,20059,18292,17157,15614,17602,16055,16193,14763,14883,15059,14123,14227,12945,12485,11499,11003
lso,Lesotho,243501,243501,243501,243501,243501,243501,243501,243501,243501,243501,243501,243501,243501,243501,243501,243501,243501,243501,243501,242794,241384,239286,236504,233055,229657,226309,223007,219756,216555,213388,210282,207213,204194,201213,198275,195389,192542,189735,186955,184235,181546,178904,176286,173719,171186,168690,166228,162678,160298,158734,157962,157496,157809,157758,158846,159935,161049,162160,163278,163144,164261,165389,166523,167658,168805,168584,169729,170887,172041,173210,174374,174059,175314,176576,177840,179117,180397,180107,181408,182700,184001,185314,186633,186285,187612,188948,190290,191642,192995,192589,193957,195333,196714,198101,199492,199030,200434,201842,203265,204951,206915,207192,209695,212493,215317,218189,221083,221870,224816,227766,230700,233633,234237,237135,240055,243300,246290,249311,250889,255261,259989,265096,270599,276496,279749,285857,292109,298491,305012,311621,315177,321915,328748,335669,342669,349884,353719,361197,368825,376531,384333,392213,400178,408240,416447,424830,433377,446244,455208,463966,472411,477116,486997,492948,499598,511487,519109,533368,544029,560803,572715,590727,583508,580935,583272,609007,637390,635513,668692,703056,729431,801759,783985,725947,739930,826304,792023,762344,700039,808608,862461,910988,930821,961429,980187,1009432,1023775,1063938,1068044,1072767,1076341,1077536,1079152,1093377,1096508,1132271,1186415,1242731,1271857,1326657,1358260,1393411,1438588,1423725,1362937,1265466,1172501,1109044,1032320,1071411,1002311,948750,879971,878350,971705,945670,902640,906456,936764,983153,1030234,1034099,1046981,1043433,1038114,1048973,1018536,1029589,1012671,1023382,1062382,1073573,1055536,1037017,1047585,1026590,1005920,982311,991529,969589,946639,924609,932634,906170,882586,888136,861876,839308,813373,787352,792047,765636,738676,715529,723695,699719,676943,654996,629846,633822,607179,583640,558333,538837,511995,514451,491365,466694,444987,424968,404580,410258,388274,371648,355415,342289,331629,314854,313901,295765,280776,265024,256563,240207,227163,227458,209605,195051,178729,165581,152511,145490,134262,133752,122977,116675,102606,95487,88107,82181,76245
ltu,Lithuania,745390,745390,743610,743610,743610,743610,743610,743610,743610,743610,743610,743610,743610,743610,743610,743610,743610,743610,743610,745810,750238,755029,763991,775287,786748,798375,808025,819959,832078,844378,854366,866940,879761,892756,903294,916646,930192,943955,957901,969051,983352,997891,1012645,1024277,1039418,1054777,1070371,1082489,1098484,1114718,1131193,1142944,1158988,1175254,1191680,1208393,1220742,1237448,1254812,1272415,1285146,1303178,1321454,1339999,1353111,1371919,1391164,1409578,1445307,1471515,1490392,1511877,1526168,1539561,1565201,1570450,1580838,1601178,1621574,1632286,1591884,1622915,1666931,1672474,1723555,1788703,1841984,1803794,1853167,1892918,1935994,1994178,2020729,2033095,2004198,2069506,2061393,2076162,2008383,1997895,2055025,2065256,2021788,2103982,2063866,2189302,2267354,2310859,2259125,2233682,2133450,2181706,2061884,1972694,1949451,1875244,1939933,1952310,2013785,2007222,1892671,1805586,1709020,1651655,1660723,1622836,1615795,1574244,1530273,1561167,1576998,1615098,1627428,1550283,1405019,1369505,1282383,1192963,1151579,1195752,1292572,1341285,1395246,1448236,1515960,1565450,1613326,1439449,1249322,1107221,961426,969914,903167,816353,781615,703278,597135,610402,557350,652816,543006,511181,436805,514742,381220,325843,302448,279572,242509,251110,179541,180550,182122,118728,119053,119538,101409,101639,102268,85113,84990,76356,60576,55687,57092,77392,62411,56813,28502,30882,59053,92421,302496,519388,646685,571923,27646,33214,39651,49556,48707,62624,56872,17515,18434,94341,64797,32115,13928,79235,46349,31197,20761,37512,54733,18348,32339,16932,30299,17111,10711,9057,23651,16613,16223,15343,13936,13250,12564,11966,12238,12077,11496,11342,10784,10643,10111,9962,9458,9322,9189,8706,8579,8123,8006,7887,7466,7351,6947,6837,6731,6362,6255,6151,5801,5697,5605,5285,5200,5098,4806,4728,4635,4555,4293,4223,4136,3908,3831,3755,3689,3481,3420,3347,3283,3098,3037,2976,2917,2856,2694,2640,2580,2527,2470,2330,2281,2233,2180,2133,2089,1963,1925,1889,1843,1804,1768,1666,1629,1602,1559
lux,Luxembourg,101589,101589,101589,101589,101589,101589,101589,101589,101589,101589,101589,101589,101589,101589,101589,101589,101589,101589,101589,102190,103410,105496,106587,109735,111401,114702,118094,119798,123338,124410,126858,126684,127995,128723,127278,128007,126467,127193,127924,126315,127100,125465,126314,124630,125508,126389,124588,125465,123553,124366,122251,122964,123581,121225,121833,119378,120127,117610,118197,118623,115672,115724,112387,112107,108585,108315,108045,104529,103928,100481,100562,96870,96929,97156,93894,93746,89658,89256,84300,84009,83264,77320,77117,73108,72814,68380,68087,67794,63806,61580,57000,56013,52354,47672,41991,39724,39924,38455,38748,36543,36942,37086,35017,34661,32577,32740,32505,30489,32483,32013,34757,31596,32067,33620,28589,26934,24696,22632,20577,16699,14399,12547,10309,8790,8080,5546,2574,2273,2042,1861,1670,1533,1373,1239,1088,918,853,782,715,657,665,548,499,459,418,405,406,419,389,360,325,401,330,299,300,271,215,167,168,146,125,89,92,76,49,39,39,34,28,15,27,30,32,21,17,17,11,8,2,,,,,,,,,,,,,,,,,,,,,,,,,314,54,198,,27,,193,98,385,220,454,854,1738,643,1887,1774,586,,480,665,445,468,463,441,427,428,431,432,435,452,453,453,454,455,455,455,470,470,470,469,468,468,467,467,480,477,476,475,474,474,470,469,465,461,460,471,468,465,461,458,458,452,450,447,443,441,435,434,428,424,435,432,427,423,419,418,413,408,403,399,396,391,390,382,379,374,371,369,362,359,358,352,349,357,352,346,344,340
lva,Latvia,566296,564908,564908,564908,564908,564908,564908,564908,564908,564908,564908,564908,564908,564908,564908,564908,564908,564908,564908,566763,570497,574655,582226,591772,601475,611336,619649,629811,640138,650637,659378,670189,681176,692348,701518,713032,724710,736596,746217,758454,770885,783529,796372,806615,819834,833272,846935,857644,871700,885995,900519,911495,926233,941214,956430,971886,983511,999406,1015570,1031992,1044066,1060951,1078109,1095533,1108073,1125994,1144200,1162702,1175700,1194710,1214029,1233659,1254152,1268389,1289462,1310885,1332658,1347407,1369796,1392555,1415688,1430904,1454681,1478854,1503424,1528399,1562806,1524290,1573355,1622555,1649504,1715042,1704769,1682650,1631858,1710640,1677139,1714266,1723051,1708383,1759099,1765166,1716642,1798731,1743818,1884455,1964630,2020163,1979190,1964229,1866031,1933813,1801784,1714175,1688264,1604323,1685479,1712798,1773783,1759634,1620764,1516101,1396870,1320050,1322058,1264957,1236205,1138704,1069331,1071126,1109486,1147792,1185892,1077695,961475,877379,794556,755476,673737,755193,833985,875009,875420,917211,955465,954797,952545,778869,616869,470556,372010,373169,343401,287384,261921,212416,147440,128614,94690,110541,65290,52600,42241,52301,20842,12014,6723,5015,3320,2594,1782,1470,1332,805,627,541,448,308,228,127,56,,,,,,,,,,,,1342,3204,31321,54869,96643,100927,88089,78667,63505,53608,44084,38441,22082,67481,47310,5457,4561,16225,47192,37575,34380,34761,23869,21654,19516,21015,12105,8556,10767,10048,8546,9037,8900,8762,8064,7774,7508,7249,7149,6920,6827,6611,6527,6330,6244,6062,5981,5798,5722,5553,5478,5303,5234,5072,5001,4837,4775,4617,4552,4476,4336,4264,4118,4053,3986,3843,3780,3653,3591,3530,3406,3350,3286,3181,3130,3079,2962,2909,2860,2753,2702,2663,2562,2516,2472,2429,2337,2297,2262,2214,2135,2094,2057,2022,1944,1912,1877,1841,1774,1743,1713,1684,1652,1589,1558,1529,1499,1470,1446
mar,Morocco,2356735,2365335,2365709,2374340,2383008,2391709,2400438,2409204,2417996,2426826,2435716,2444609,2462112,2471100,2480125,2489182,2498262,2507386,2516537,2524842,2532287,2538881,2544599,2549456,2545421,2550276,2555144,2560007,2564894,2560284,2565180,2570067,2574971,2579884,2574668,2579581,2584501,2589437,2594373,2588533,2593470,2598419,2603375,2608335,2601834,2606806,2611777,2616754,2621745,2618838,2632466,2650136,2672262,2698889,2712406,2739434,2766727,2794295,2822138,2850258,2863743,2892272,2921095,2950198,2979600,2992807,3022631,3052752,3083168,3113882,3126734,3157885,3189505,3221441,3253693,3266050,3298716,3331698,3362009,3395667,3406881,3440938,3475343,3510079,3545166,3555166,3590640,3626482,3662672,3698971,3706898,3743047,3779284,3815601,3852281,3857499,3894501,3931855,3969568,4012931,4062093,4083570,4144107,4210822,4278604,4347481,4375803,4446130,4517589,4579720,4632318,4627707,4660185,4682621,4650843,4673139,4640905,4605229,4566622,4594193,4562496,4532294,4575657,4551529,4523063,4571212,4537721,4499721,4460904,4513476,4472266,4437195,4506535,4476832,4441794,4520166,4478801,4432006,4379873,4449311,4385914,4450268,4375910,4430193,4347157,4405216,4315872,4372474,4276603,4342457,4254888,4353519,4625698,4565061,4854338,4981704,5296663,5820865,5971233,6334027,6706617,6439915,6161954,6089470,6002203,6154793,6562155,6475089,6382818,6023153,5916292,5800366,5943168,6084549,5680745,5544818,4888167,4754115,4872975,4739769,4363145,5123388,4852106,5068802,4934500,4787216,4052445,4617581,3432153,3471875,3487058,3047903,3599529,4285813,3851123,4780639,4297940,4945655,4895287,4989898,5174884,4897621,4669432,4172274,3884300,3755360,3246523,3116401,2598652,2323459,2125255,1770622,1641610,1473947,1368416,1328281,1353582,1254463,1177628,1170559,1407544,1206603,1201230,1171263,1063095,1046180,893951,813300,740229,607211,676093,610780,551890,497574,447628,401523,359269,360714,320960,285331,252781,223196,196398,172404,172211,150869,131767,114321,99250,86215,86233,74825,64764,56180,66478,59218,59624,53411,49158,44999,40593,41438,37502,34026,30918,28389,30138,27574,25955,23845,24050,23291,21420,19658,19832,18240,16521,16930,15477,14175,14169,12894,11748,10633,10774,9984,9356,8454,7551,7599,6816,6033,6147,5439,5469,4937,4338,4361,3822,3839,3350
mco,Monaco,,,,,,,,,,,,,,,,,,,,,,,,,,,,,,,,,,,,,,,,,,,,,,,,,,,,,,,,,,,,,,,,,,,,,,,,,,,,,,,,,,,,,,,,,,,,,,,,,,,,,,,,,,,,,,,,,,,,,,,,,,,,,,,,,,,,,,,,,,,,,,,,,,,,,,,,,,,,,,,,,,,,,,,,,,,,,,,,,,,,,,6,6,5,4,2,,,,,,,,,,,,,,,,,,,,,,,,,,,,,,,,,,,,,,,,,,,,,,,,,,,,,,,,,,,,,,,,,,,,,,,,,,,,,,,,,,,,,,,,,,,,,,,,,,,,,,,,,,,,,,,,,,,
mda,Moldova,700167,700167,700167,700167,700167,700167,700167,700167,700167,700167,699430,699430,699430,699430,699430,698647,698647,698647,698647,699103,701664,705545,710740,717259,722929,729568,736266,743025,749831,755698,762637,769626,776698,782710,789890,797141,804456,811845,818050,825562,833134,840784,848498,854918,862769,870686,878679,885248,893371,901564,909837,919175,926945,936449,946052,955754,963736,973612,983598,993665,1003848,1012131,1022493,1032969,1043542,1054229,1062803,1073687,1084674,1095775,1104556,1115861,1127268,1138807,1150461,1159515,1171373,1183347,1195447,1207670,1216937,1229360,1241910,1254595,1263979,1276873,1293415,1286624,1304212,1329757,1343313,1367708,1370838,1361901,1351490,1378104,1371644,1385426,1391511,1388192,1410994,1415955,1398293,1444280,1414301,1473158,1506932,1530928,1517548,1521827,1499566,1552126,1529104,1515653,1559208,1560173,1630515,1701219,1821210,1852394,1869509,1893315,1895876,1895059,1869717,1817433,1783225,1768326,1750587,1765895,1744809,1759885,1775081,1769958,1717335,1602883,1558742,1479136,1490768,1436683,1514286,1527558,1572450,1584861,1629509,1675215,1688674,1563955,1426402,1278763,1167401,1229822,1155076,1127721,1101618,979447,860697,875963,800453,861115,743087,715098,687608,742924,593345,532615,477227,426187,379785,361169,319657,301107,283917,231798,234181,236955,223207,225863,212660,214964,217326,197615,183341,174471,170763,207860,192569,195634,201232,186067,200793,270103,474096,487743,807293,842521,903256,873456,1389079,1895234,1744017,1352704,848280,444957,481144,699203,144085,74824,83193,62726,35315,22577,19020,6159,1701,2759,6535,2865,1158,2712,567,3799,1413,5973,4186,3906,5984,6146,4545,4056,4786,4206,3787,3888,3174,2742,2341,2019,1739,1514,1596,1354,1198,1067,952,855,878,774,710,644,550,492,492,448,404,353,316,322,1272,1185,1101,1033,1158,1074,999,954,967,896,833,864,842,807,777,783,733,717,741,688,636,638,585,540,557,512,475,471,434,437,400,363,368,334,315,285,286,257,233,234,209,210,189
mdg,Madagascar,1458583,1467003,1475469,1483986,1492551,1501174,1509832,1518546,1527317,1536132,1545045,1553965,1562939,1571966,1581037,1590168,1599336,1608574,1617860,1630222,1645716,1661620,1683556,1708817,1734465,1760496,1786916,1810504,1837676,1865251,1893246,1921659,1950492,1976055,2005703,2035803,2066362,2097366,2124631,2156520,2188884,2221728,2255067,2288911,2318418,2353210,2388524,2424376,2460752,2491599,2511258,2528066,2538987,2543962,2548944,2553928,2552997,2557990,2562978,2567979,2572995,2578011,2576717,2581731,2586767,2591794,2596836,2595140,2600185,2605759,2611862,2618491,2625436,2625665,2633134,2640617,2648123,2655649,2663181,2662851,2670390,2677946,2685523,2693119,2700727,2699785,2707392,2715021,2722675,2724312,2710751,2700507,2684376,2662409,2640628,2619012,2588151,2566948,2545916,2526560,2508847,2492766,2468675,2455812,2443018,2430292,2417615,2405007,2382555,2371053,2360550,2351037,2342499,2324622,2317096,2298783,2279985,2272552,2255803,2246079,2243353,2261475,2273318,2291993,2308857,2343069,2360487,2377125,2412308,2427820,2442874,2455583,2489895,2499661,2509411,2517951,2552642,2559972,2565888,2572376,2612027,2621173,2630693,2640513,2648591,2695711,2703336,2707945,2708939,2713138,2718686,2787688,2806405,2822137,2835975,2847792,2921060,2931911,2941029,2946930,3096677,3104426,3185934,3424516,3434281,3525506,3619241,3543274,3550841,3556580,3559749,3565878,3879589,4103530,4335098,4467614,4828864,4977061,5362375,5288040,5450305,6294721,6738019,7064710,7354281,7704500,8005886,8330888,8563718,8785079,9034639,9927024,10335092,10710823,11125290,11450873,11699850,11921982,12222726,12458477,11522558,9541734,10600969,10440624,10470223,10357912,10887163,11421957,11792330,13219807,14295636,15223139,15402384,16024066,16375009,16850775,17191627,17526962,17942311,18303173,19875141,20301452,20643046,21161557,21303434,21568444,21512483,21470553,21397779,21285546,21811262,22346898,22095758,21895348,22394861,22162744,22657115,22391218,22126851,22607393,22292548,21960120,22425339,22066969,21692692,22141443,21784914,21373170,21807685,21371642,20921705,21338888,20866360,20460214,20854864,20357802,19857991,19719172,20169825,19759737,19283612,18922208,19296453,18835835,18387595,17951839,18301620,17870131,17458501,17049061,17375512,16810059,16243495,15647651,15080729,15357144,14934420,14293615,13677705,13101350,13330428,12803034,12386894,11751870,11353455,10967356,11151213,10246973,9867612,9498835,8539258,8181219,7837413,7952392,7620870,7366334,7023819,6553607,6379434,6166156,6213973
mdv,Maldives,40539,40539,40539,40539,40539,40539,40539,40539,40539,40539,40539,40539,40539,40539,40539,40539,40539,40539,40539,40582,40681,40829,41024,41261,41507,41754,42006,42257,42503,42754,43007,43266,43514,43771,44034,44292,44551,44811,45083,45357,45615,45882,46157,46432,46701,46977,47256,47538,47812,48101,48387,48620,48854,49083,49316,49559,49799,50032,50275,50516,50754,51004,51246,51488,51735,51982,52226,52483,52735,52983,53238,53495,53764,54044,54322,54600,54883,55156,55448,55737,56018,56307,56595,56886,57181,57472,57769,58063,58366,58670,58970,59275,59570,59882,60188,60496,60803,61115,61423,61740,62058,62273,62588,62798,63115,63329,63661,63871,64201,64415,64402,64396,64158,63931,63582,63362,63005,62781,62514,62557,62793,63077,63708,64365,65202,65875,66711,67576,68279,69113,69722,70474,70995,71657,72328,72810,73496,73983,74681,75123,75128,75078,74587,74051,73310,72564,72054,71329,70823,70431,70593,71410,72524,73704,74948,76023,77411,78877,80051,81629,83276,85013,86751,88450,89420,91814,94962,97726,99924,101982,104070,106208,110857,114352,116578,126471,130464,130686,128508,128853,122982,123179,129853,126415,116680,106103,105549,104943,103884,101707,92914,94738,93814,96710,89959,84805,82137,73828,66169,66570,62464,69822,67232,48533,45449,61090,45363,41511,37349,47653,35985,15851,17424,9243,3848,4054,542,245,113,32,,,,,,,58,61,57,48,60,60,55,50,50,49,46,47,42,37,34,23,18,19,14,13,13,6,6,5,5,4,4,4,3,4,3,2,2,1,1,,1,,,,,,,,,,,,,,,,,,,,,,,,,,,,,,,,,,,,,,
mex,Mexico,4775962,4837452,4916059,4979359,5059431,5124572,5206155,5291265,5373841,5456990,5541637,5626019,5698453,5771815,5846133,5921402,6010889,6088275,6166660,6225781,6265435,6285450,6285637,6265793,6246017,6226299,6206641,6187045,6167524,6164078,6176833,6205892,6237595,6299457,6361948,6425044,6488773,6553133,6618130,6681776,6744058,6804930,6864371,6922338,6980797,7039763,7099212,7159164,7219628,7288940,7350242,7451503,7545047,7665027,7769757,7892452,8000283,8125772,8236788,8348782,8430057,8495948,8530021,8564284,8598687,8616043,8650646,8667191,8702007,8731083,8793049,8848398,8916117,9019667,9101053,9181966,9257095,9364629,9445009,9524582,9603228,9714728,9793216,9870502,9985084,10055897,10131257,10205030,10323615,10402530,10485658,10569600,10716867,10815485,10912214,11006832,11099116,11188852,11196833,11504038,11720767,11619661,11976761,11850258,11961300,11692765,11904112,11791162,12010547,11989683,12052238,12318476,12331083,12516080,12502546,12579588,12279104,12149761,11933569,11846649,11664403,11763894,11766572,11937040,12246461,12142125,12167988,12643947,12827114,13307500,13904093,14130390,15060316,15000876,15016221,15005323,14970818,15232403,15498569,15485904,15863292,15923432,16217311,16553423,16662274,17232471,17297516,17890132,18213340,18526564,18164113,17965899,18104380,18985390,18765605,18103225,18217941,17894062,17986570,18562810,18204857,18323210,18941476,18553139,17063716,17112674,17141159,16580067,15994882,15945253,15877172,15801329,15024768,14862282,14025393,13791657,13550918,13959711,12981823,11331960,10374547,9156128,9985701,11681744,11524680,11510825,13193553,12694936,12934284,11927919,11749556,11767068,12058720,12773247,12953660,17967689,20418518,21061732,21550803,20138544,16550152,15299401,13932788,13089081,12468988,13178173,10249513,11045880,11920837,12448059,10244809,9326955,9372074,9458459,9420673,7353362,6075171,5698420,5417596,5329310,5891874,4232776,3343137,3092377,2987941,3078578,2791953,2802939,2629651,2459422,2474603,2318545,2333295,2185510,2045753,1905274,1913398,1772885,1654972,1543309,1543305,1431347,1331205,1333759,1233989,1140195,1137249,1046868,967863,966979,892144,818233,812789,743859,738296,678050,620135,617962,563421,561827,512256,469556,465214,426462,422250,381737,374863,343088,340694,309851,307497,281645,277865,253205,251002,230221,228122,209493,207303,190393,188515,186596,171527,169697,156228,154389,142150,140540,138919,128114,126590,124936,115284,113852,112430,103795,102456,101136,93423,92097,90866
mhl,Marshall Islands,,,,,,,,,,,,,,,,,,,,,,,,,,,,,,,,,,,,,,,,,,,,,,,,,,,,,,,,,,,,,,,,,,,,,,,,,,,,,,,,,,,,,,,,,,,,,,,,,,,,,,,,,,,,,,,,,,,,,,,,,,,,,,,,,,,,,,,,,,,,,,,,,,,,,,,,,,,,,,,,,,,,,,,,,,,,,,,,,,,,,,3489,3673,3399,3389,3968,3072,2941,3029,3312,3430,3484,3209,2887,2670,2595,3176,3852,3699,4128,3972,3629,3400,3594,3658,3428,3466,3454,3778,3433,3199,3054,2908,2570,2562,2473,2008,1556,1395,1125,1088,1017,892,816,629,560,,,,,,,,,,,,,,,,,,,,,,,,,,,,,,,,,,,,,,,,,,,,,,,,,,,,,,,,,,,,,,,,,,,,,,,,,,,
mkd,North Macedonia,384296,384296,384296,384296,384296,384296,384296,384296,384296,384296,384296,384296,384296,384296,384296,384296,384296,384296,384296,384976,386330,388382,390663,394100,397572,400568,403914,407468,410492,414115,417766,421438,424549,428283,432054,435205,439030,442904,446721,449927,453886,457883,461133,465198,469287,472577,476738,480932,485166,488525,492824,497301,501811,506371,509956,514582,519260,523970,528727,533531,538365,542120,547044,552015,557027,562076,567185,572334,576254,581482,586762,592087,596204,600261,605843,609885,613844,619551,623474,629264,633121,636858,642772,646418,650396,656425,659798,665906,669132,672171,678376,684639,687497,693821,700218,706659,709308,715835,722417,729064,731454,738160,740253,747021,748768,750138,756961,757899,764761,765232,772124,779090,786101,793186,800338,807555,814831,822173,829363,836612,843924,851306,850555,849085,836544,832519,814609,834373,799261,789869,812100,848747,906751,902874,897893,918325,868521,875573,847498,815106,841437,847914,854433,881282,888203,895171,922442,929803,799556,727575,811682,798024,916423,880170,892357,695576,670985,587470,534594,510915,460871,439131,442366,329547,186315,229787,203425,192397,182033,148423,119178,110530,93803,85840,71272,64753,58609,46332,35199,25530,25759,28338,28464,32222,29613,29630,22313,25423,29772,26839,40952,55027,62027,75951,75401,79303,78623,76212,69364,142853,238388,132448,65947,65472,34496,73922,99107,61422,39871,262854,218350,244394,200739,160100,133977,146034,121001,118596,88851,84335,86099,72311,64071,65004,60726,57948,49388,44540,42085,40143,41164,40692,38894,36734,34704,34304,32409,30620,28919,28577,26993,25495,24078,23776,22476,21243,20965,19812,18743,18497,17476,16510,16544,15614,14723,14516,13676,13471,12682,11948,11766,11068,10889,10227,10063,9427,9272,8675,8092,7959,7415,7284,6781,6664,6185,6080,5968,5535,5434,4969,4884,4511,4433,4083,4018,3939,3620,3555,3270,3210,3144,2883,2826,2778,2537,2490,2436,2223,2177,2113,1930
mli,Mali,1370646,1370646,1370646,1370646,1370646,1370646,1370646,1370646,1370646,1370646,1370646,1370646,1370646,1370646,1370646,1370646,1370646,1370646,1370646,1371277,1372525,1374399,1376900,1380040,1383187,1386337,1389493,1392659,1395829,1399014,1402203,1405396,1408598,1411803,1415023,1418243,1421473,1424707,1427954,1431208,1434466,1437736,1441011,1442237,1445521,1448824,1452115,1455425,1458738,1461975,1465144,1477197,1489207,1501192,1513206,1525271,1537365,1549514,1561696,1573930,1586199,1598510,1608443,1620821,1633247,1645713,1658225,1670781,1683378,1696702,1710757,1725566,1740866,1756952,1773128,1789409,1805782,1822259,1838500,1855178,1871952,1888823,1902598,1919638,1936783,1954023,1971375,1988821,2006380,2024449,2043038,2062154,2081823,2102035,2122405,2142912,2163570,2184374,2205341,2229138,2255849,2281187,2313902,2349775,2386155,2423050,2460459,2498397,2536865,2574314,2610691,2645966,2680082,2713005,2746277,2779899,2813882,2848225,2870497,2896450,2926148,2953277,2990610,3031915,3073795,3116253,3159291,3202926,3247167,3291337,3335458,3379499,3423456,3467318,3511736,3556732,3602299,3648448,3695196,3745564,3799668,3848260,3909929,3975631,4042431,4110353,4168665,4238669,4309852,4383938,4461004,4514001,4565893,4629488,4678629,4727562,4792113,4841620,4889162,4937145,5007143,5098252,5173519,5230613,5326711,5405382,5485298,5567023,5631170,5739166,5786533,5855766,5927168,6079691,6211794,6247867,6241548,6289145,6446424,6379566,6675678,6909971,7139903,7302309,7473992,7484591,7618212,7769280,7853360,7975974,8173523,8246061,8460847,8639413,8791821,8799859,8964064,8955798,8651809,8620212,9086682,7951248,8179736,8255682,8628327,8792918,8888312,9206686,9334434,9718087,9706009,9562327,9435806,9282025,10566790,9217129,7792245,7149642,6346329,6338622,7120380,7624563,7929728,8248559,8415773,8235027,7806606,7539578,7261295,6980336,7185341,7394460,7078869,6766702,6960635,6632287,6275359,5938344,6091624,5744737,5400149,5544913,5170077,4806813,4470947,4578572,4238562,3920875,3593346,3655928,3331985,3060829,2749084,2479275,2510001,2282929,2048381,1857329,1655935,1716573,1519691,1375517,1229811,1099930,1111852,1010263,899551,807746,730779,644880,628595,555614,491948,437771,388377,346190,303520,302409,265844,233085,199035,178618,157072,140810,120265,122511,103061,91800,79148,74749,66365,56922,49187,50013,44841,155099,144426,134835,125157,122220,123646
mlt,Malta,126266,126266,126266,126266,126266,126266,126266,126266,126266,126266,126266,126266,126266,126266,126266,126266,126266,126266,126266,126413,126717,127174,127785,128087,128963,129734,130017,130794,131581,131841,132626,133417,133655,134451,135252,135468,136272,137088,137255,138077,138903,139035,139864,140704,140798,141643,142485,142543,143395,144252,144264,145020,145772,145628,146384,147150,146955,147717,148485,148234,149008,149785,149464,150247,151030,150649,151432,152218,151769,152560,153352,152823,153647,154476,153881,154704,155532,154828,155673,156509,155673,156496,157318,156347,157178,158008,156874,157680,158494,157201,158014,158815,157332,158113,158910,159710,158007,158787,159568,157643,158405,159174,157026,157761,158505,156144,156859,157574,154982,155436,155639,152127,151835,151324,147223,146686,146162,141951,141529,141358,137624,137908,142304,143112,143925,144743,145564,146387,151313,152333,153498,154821,156293,162232,163938,165669,167408,173703,175547,177547,179664,186659,189151,191780,194455,202132,204969,207859,215839,218491,220757,219649,211284,208101,198134,194042,168839,170668,157248,157158,142373,141893,156109,155564,140275,124955,97482,79695,65253,57145,43081,40091,31752,29313,20819,12144,7645,5255,3811,3211,2970,2936,2927,3034,3049,3001,2977,2903,2753,2637,2590,2563,2536,2462,2429,2369,2296,2216,2178,2128,1890,1868,1917,1836,1834,1798,1778,2154,693,1973,980,1002,692,118,11,289,511,809,626,1569,1870,677,643,557,523,558,503,479,461,442,436,435,417,416,415,398,397,394,379,373,369,365,351,349,348,343,329,325,324,319,305,300,297,295,290,279,277,274,271,267,256,252,250,245,239,237,228,225,223,221,214,211,205,197,192,189,182,178,175,172,165,162,158,157,153,150,148,142,136,129,126,122,118,117,115,112,110,107,106,103,102
mmr,Myanmar,5259354,5119940,4984234,4852109,4723495,4598290,4476403,4357749,4242243,4129790,4023226,3916580,3812766,3711697,3613308,3517535,3424292,3333526,3245167,3177793,3130920,3104087,3096820,3108680,3120584,3132542,3144534,3156578,3168661,3180801,3192978,3205209,3217485,3229808,3242176,3254596,3267055,3279569,3292125,3304734,3317397,3330096,3342856,3355659,3368506,3381410,3394362,3407364,3420407,3433512,3446670,3455242,3463835,3472437,3481068,3489706,3498364,3507032,3515724,3524421,3533135,3541868,3550618,3559374,3568150,3576939,3585740,3594564,3603400,3600285,3585366,3558809,3522314,3447826,3400990,3327684,3282508,3237936,3166761,3175986,3240953,3334544,3519068,3733052,3998128,4282025,4539813,4862174,5151696,5469375,5760084,5952079,6175870,6362150,6475074,6670343,6783789,6988319,7198983,7293386,7467766,7624175,7868010,8189598,8409300,8715810,8931623,9067048,9118499,9243832,9264826,9366588,9138877,8973335,8784566,8575195,8346342,8568066,8802079,9038036,9275915,9515476,9471769,9423456,9368707,9307460,9239519,9164184,9263035,9183942,9100489,9011450,9338236,9468041,9804961,9941378,10283307,10820778,11351527,11881616,12406768,12921098,13553635,14025246,14478592,15004348,15417278,15819373,16212764,16652416,17025446,17134173,17469210,17818024,18407627,18560721,18886574,19219937,19781066,19896945,20246718,20797771,21062239,21424280,22028721,22417167,23277771,23918071,24256399,24816802,25265194,25840880,26673193,27239268,27780883,28201157,28611558,29172701,29597866,30012041,30215111,30691312,31087250,31488303,32075247,32701616,33588371,34699977,35673687,36168511,36703067,37231222,37417023,37528854,37563059,37642942,37708236,37941692,37538559,36848532,35674342,34215385,33078264,30613628,29035951,26600160,23704137,21805702,20115150,17531900,16139925,14811137,13674644,12177322,10500734,9675873,7709662,5616078,4845904,4664373,6176990,7918442,7167569,7452475,7877547,8432862,8164914,7499809,6869050,6274363,5715865,5737685,5201651,4719129,4236901,3798938,3801264,3408736,3031522,2699453,2397009,2117365,1855692,1861213,1630460,1420123,1245402,1096017,952741,831023,823375,702880,606824,524034,453573,391888,339571,339765,288551,248304,213698,181527,159067,137936,122150,121587,105420,89983,79913,69668,64411,57248,49801,49985,43659,38618,96258,89108,81633,74729,77921,71942,66459,61418,56656,52339,52949,50070,46260,42864,40810,41199,38080,54628,51213,47292,47807,43796,39809,37954,39100
mne,Montenegro,115234,115840,115840,115840,115840,115840,116416,116416,116416,116416,116416,116964,116964,116964,116964,117483,117483,117483,117483,117856,119098,119732,121243,123153,125088,127055,129062,131092,133156,135244,137383,139544,141738,143333,145594,147885,150211,152566,154978,157410,159892,162412,164965,167569,170207,172077,174785,177539,180324,183173,186052,188993,191976,195008,198089,201221,205368,208609,211912,215249,218657,222110,225620,229185,232807,236486,240223,244016,247880,251794,256915,259813,263960,266902,271153,274096,278464,282895,285863,290411,293349,298005,302742,305670,310525,313402,318365,323405,326246,331410,334164,339438,344799,350239,355769,361385,367095,372886,378774,384750,390825,396989,399983,406286,412685,415569,422105,424823,431487,436265,434870,440116,439134,436213,433310,434509,431623,428764,429770,426903,424057,421236,418427,407864,396719,389543,377233,379580,366835,352838,356227,364413,379856,373151,366294,368106,352028,344539,331023,322582,320275,317996,315716,307035,304816,302603,300413,298240,252062,219779,235526,231445,252760,289775,286890,207592,235895,195871,206763,182745,150152,93862,102205,69659,42642,39387,34298,31978,27750,20723,17481,14513,11882,11701,9402,8248,6523,4098,3247,3041,1748,1767,1748,1765,1732,1777,1682,1815,1940,1975,2217,2561,5442,18004,16863,11344,4549,3420,2984,3923,3544,3463,3305,3108,2825,2602,2550,2424,1664,54,408,2627,10330,10268,616,26260,16838,22655,26382,16789,16061,12865,14802,14010,13008,9125,8470,8052,7539,7136,7430,7022,6606,6210,6141,5768,5387,5334,4917,4593,4543,4230,4185,3892,3611,3567,3312,3066,3029,2798,2758,2547,2516,2320,2285,2115,1951,1916,1771,1740,1609,1581,1461,1438,1329,1305,1293,1193,1172,1083,1065,985,966,950,878,869,806,787,776,717,706,651,636,628,584,570,561,516,509,498,461,454,447,437,404,394,386,357,352,343,339
mng,Mongolia,555799,556663,557531,558402,559271,560138,561017,561895,562769,563646,564526,565407,566299,567172,568062,568951,569837,570731,571613,572496,573384,574268,575153,576031,576903,577783,578664,579554,580431,581314,582204,583088,583978,584873,585769,586661,587552,588442,589340,590255,591142,592051,592950,593854,594761,595672,596578,597481,598391,599302,600212,601070,601922,602775,603629,604489,605345,606201,607055,607918,608775,609640,610496,611369,612232,613099,613971,614840,615709,616587,617465,618355,619626,620904,622173,623447,624741,626020,627304,628594,629882,631179,632470,633769,635069,636373,637685,638992,640301,641607,642926,644242,645569,646885,648215,649542,650881,652216,653543,655139,656992,659107,661495,664141,666792,669464,672144,674825,677526,680001,682244,684254,686044,687602,689156,690715,692281,693841,695499,697148,698799,698129,699798,699422,701499,701541,703207,702601,702009,703991,702900,704595,703380,705489,704158,702661,705464,703840,705542,703727,705444,703425,701186,698711,695982,692989,689726,686174,687929,686655,687655,686192,690852,687038,690585,684697,691571,700899,699009,708038,703204,711645,702576,706071,689254,689522,689420,668024,666415,639131,632585,625732,618589,587377,579039,545806,560942,525925,489982,477080,439806,414323,389995,379351,372505,365861,335835,339372,338869,337456,354528,433835,511430,539834,542038,510426,670727,813291,950669,804872,861967,740564,534244,429519,320904,265662,205203,141948,107350,118769,104904,69434,40542,34784,29892,47573,67856,65513,61524,46817,45789,32613,18524,15371,13805,11906,22104,21893,20988,20463,21885,21322,22264,21147,20399,19971,19683,19391,19711,19792,17027,16730,16025,16916,16411,14740,14228,14808,12465,11946,10151,10477,8645,6834,6395,6598,5864,5274,5135,4788,4276,2928,2679,2416,2597,2388,2185,2252,2028,2033,1965,1690,1587,1456,1383,1270,1163,1080,991,1008,785,796,665,582,531,538,513,521,474,482,472,482,434,444,410,416,424,381,478,425,444
moz,Mozambique,1809578,1813819,1818080,1822343,1826620,1830906,1835206,1839515,1843831,1848159,1852504,1856850,1861212,1885002,1889433,1893867,1898312,1902762,1907229,1912263,1936329,1970647,2015533,2071287,2128586,2187471,2247988,2310167,2374077,2439760,2507244,2576606,2647888,2721123,2796410,2873767,2953265,3034964,3118921,3205199,3293862,3367997,3461168,3556912,3655308,3756429,3860342,3967141,4076874,4165853,4233489,4274998,4293925,4289716,4285503,4281290,4277081,4272874,4268656,4263597,4257683,4250928,4243320,4212481,4204090,4195719,4187367,4179012,4170686,4161528,4151559,4140786,4128793,4115997,4103251,4090533,4077848,4065199,4052594,4042432,4034711,4029441,4026581,4026134,4025688,4003127,4002692,4002258,4001818,3997368,3988932,3976542,3960214,3939983,3919844,3899804,3879865,3860025,3840281,3817587,3791995,3763553,3732290,3698267,3664552,3631134,3577765,3545163,3512845,3483585,3457339,3434054,3413680,3396190,3378783,3361467,3344228,3325365,3311813,3310795,3322448,3346914,3384315,3434817,3486075,3538091,3590885,3644472,3698848,3753283,3785910,3840133,3894370,3948622,4003631,4059402,4115953,4173286,4231421,4293846,4360687,4432049,4508088,4614892,4697597,4781782,4867492,4955850,5044613,5134535,5225615,5284207,5347972,5411507,5476363,5513767,5584180,5656837,5729709,5774041,5863911,5969456,6049757,6171300,6258075,6388559,6481240,6528600,6621836,6663651,6815536,6985809,7181551,7397698,7630841,7945197,8217228,8580055,9038163,9450739,9714116,9880339,10249459,10696974,11014602,11235026,11480800,11359500,11242251,11259179,11429093,11610357,11959859,12256881,13122246,13997021,14336226,14695124,15037113,15351753,15701358,16100136,16455861,16738776,16955508,17168248,17288173,17393571,17598923,17805340,18011876,18167847,18298022,18753176,19016298,19483899,20355872,21330227,22379347,23444793,24856746,25615927,26267050,26842704,27762434,28556598,29150393,28928256,28938486,28853498,30074259,30396304,31183898,31471927,31729885,32515002,32724275,32891035,33645293,33763010,33839148,34567750,34581606,34530169,35200552,35085723,35729035,35524147,35263617,35896954,35549604,35138783,35719577,35158370,34643994,34079284,34599602,33962563,33306119,33776575,33072862,32337952,32754413,31967575,31131273,30275980,30610443,29655745,28749391,27841221,28020790,27078129,26028494,25177914,24133756,24292707,23334454,22374873,21266363,20129183,20218272,19331601,18609501,17610150,16517144,16692728,15760612,15031227,14148783,13276345,12676203,12595576,11750564,10979548,10346502,9736513,9039323,9047665,8446486,7960747,7445245
mrt,Mauritania,376048,376048,376048,376048,376048,376048,376048,376048,376048,376048,376048,376048,376048,376048,376048,376048,376048,376048,376048,375344,373939,371838,369059,365601,362166,358766,355407,352074,348771,345499,342257,339046,335871,332721,329592,326501,323428,320407,317394,314419,311471,308542,305652,302789,299943,297128,294337,291588,288853,286900,285729,285106,285248,286154,287065,287981,288898,289812,290738,291665,292590,293521,294456,295386,296324,297270,298216,299161,300109,301129,302201,303341,304553,305831,307112,308408,309704,311001,312313,313682,315129,316643,318232,319874,321543,323223,324893,326258,327946,329721,331566,333494,335130,337203,339295,341397,343505,345634,347369,349657,352102,354706,357464,360391,362894,365862,368851,371870,374904,377736,379874,382286,384496,386472,388469,389942,391962,393992,396355,399464,402735,407351,412765,418971,424600,430978,437445,444022,449945,456597,463212,469883,475720,482382,489155,496001,502002,509031,516162,523819,532025,539643,547754,556331,566269,575043,583854,594353,603352,613331,626299,634565,645373,653920,665298,677031,685735,698114,706594,719518,722147,722647,742193,769520,699407,663733,670908,664806,628708,662493,621335,640052,659168,695615,663907,629726,611610,629111,723890,664874,703663,713223,761080,780472,839504,863751,870213,901643,942439,957994,1014177,1057330,1119061,1156636,1080703,951422,697979,764439,765613,753613,811783,840672,889657,845773,828848,759000,620332,635418,627612,642865,618569,595858,549978,506734,469183,453560,475973,474884,463012,458797,526037,553836,513974,496782,485450,476479,448215,422732,398541,377638,424697,400278,375410,352363,331453,311861,321652,300380,281291,268087,248863,234923,220110,226066,214467,197499,190601,181653,172704,165750,157893,166644,161575,156468,151829,147805,143168,136024,131404,139274,130563,121093,114656,110461,106188,104419,96000,91089,86450,81459,76679,78677,71183,66757,58074,53954,55137,51059,46101,41385,38267,37938,33934,30579,27745,27188,24922,21899,19099,19423,17623,15233,13107,12893,10998,9876,9707,8310,7060,6711,5499
mus,Mauritius,54574,56118,57717,59346,61028,62763,64539,66372,68254,70182,71517,72828,73941,74847,75752,76676,77597,78553,79501,80352,80782,81442,82001,82464,82551,83009,83474,83939,84405,84754,85770,87077,88677,90601,92104,94072,96104,98163,100268,102426,105699,109592,114175,118838,124358,130133,136165,142491,148276,155553,163591,172653,182622,192418,203949,215952,228895,241101,255540,267671,277336,284363,286685,287915,289139,290373,291316,290523,291622,293197,295105,295209,297894,300941,304010,307116,307878,311025,314197,317038,319526,319091,320876,322310,323749,322429,323859,325301,326754,328013,326124,326977,327640,328107,328570,325926,326386,326844,327312,324454,324840,325193,325507,325784,322618,322893,323325,319994,320263,320682,321246,318192,319062,320489,317535,318544,315378,316375,312640,313439,309805,310904,307375,303763,305130,301247,297296,292969,294253,289781,285186,286755,282108,277261,272242,273908,268570,262983,264554,259046,253642,247986,250531,245201,239833,233869,236638,230161,223442,217274,221079,217254,223484,229200,234510,239863,245635,251748,258208,265032,270966,262457,203181,207328,187118,229288,233916,252530,286652,322675,328061,333230,289502,246663,220112,222753,146847,126662,128244,119668,179974,175775,161201,165235,154033,142663,117942,100303,89769,83648,70491,68651,62641,58862,53611,49308,45211,41699,37430,35121,32842,31799,29413,27334,22437,19184,16554,15580,15260,15719,14965,16329,16749,15214,14000,11637,10224,8778,8112,7305,12130,12096,9705,8616,7722,7018,6320,5623,4960,3785,5102,4489,4485,3920,3461,3488,3081,2678,2702,2338,2044,2064,1777,1747,1511,1307,1317,1116,1124,949,952,801,807,698,674,585,565,477,482,399,400,329,335,290,281,226,216,197,169,138,122,122,104,104,105,90,81,81,69,59,49,42,41,42,35,34,34,29,29,29,24,22,21,21,17,17,17,17,14,14,14
mwi,Malawi,592347,605190,618319,631727,645427,659429,673725,688331,703262,718512,734430,750352,766626,783249,800237,817600,835327,853437,871939,890853,910172,929909,950073,970677,991725,1013232,1035207,1057657,1080587,1104026,1127965,1152424,1177414,1202945,1229032,1255682,1282906,1310725,1339157,1368198,1397859,1428173,1459148,1490789,1523113,1556149,1589887,1624358,1659594,1687899,1689957,1704398,1711575,1711310,1711041,1710781,1710506,1710242,1709975,1709529,1708904,1708121,1707142,1706004,1704856,1703712,1702570,1701426,1700290,1698968,1697481,1695822,1696321,1696659,1696998,1697325,1697657,1697981,1698300,1699634,1701988,1705377,1709788,1715238,1720702,1726185,1731671,1737175,1742691,1746300,1748004,1747785,1745641,1741572,1737513,1733454,1729402,1725357,1721319,1715919,1709167,1701074,1691646,1680888,1670211,1659582,1649027,1652795,1642155,1619016,1611272,1606805,1587822,1523696,1520625,1517550,1529922,1526703,1551778,1567053,1587652,1599910,1621611,1621489,1603697,1597293,1688278,1668677,1696614,1724645,1735153,1618288,1645187,1596800,1675092,1702734,1678141,1706144,1734596,1764935,1797238,1831574,1924481,2017194,2108470,2174685,2263452,2349793,2415826,2423932,2534488,2564127,2616467,2650928,2708295,2745648,2785034,2825473,2894359,2993106,3042699,3063261,3228641,3338118,3449994,3390475,3368064,3415176,3546918,3551736,3546971,3474272,3381933,3409414,3438146,3468405,3577539,3617025,3579693,3722055,3781972,4277621,4490595,4707271,4821920,4995865,5306240,5679447,6050715,6453359,6644016,6674454,7211892,7048812,7286320,6734206,6681369,6735324,6880162,7150637,7535336,8147523,8580510,8844062,9123975,9405164,9644900,9894632,10108911,10431942,10695317,10874571,11365058,11508465,11558210,11964341,12380828,12881882,13394612,13973695,14544943,14815842,15275403,15753672,16151860,16715444,17046769,17192182,17318904,17428239,17866634,17945402,17997765,18424587,18450908,18874762,18868372,18839567,19247881,19170100,19065580,19451045,19308583,19139053,19510539,19309550,19081676,19432703,19164861,19500622,19201010,18878350,18533192,18848295,18447468,18021181,18285747,17822455,17338844,17601471,17084125,16549022,15996285,16149754,15589287,15034169,15208101,14641041,14071627,13516058,12949931,13116906,12565490,12000301,11442375,11573490,10973076,10432528,9902542,9316089,9415753,8905883,8416408,7859436,7404334,7571273,6957961,6303867,5963443,5531684,5275887,5225729,4714194,4472338,4098783,3764101,3545903,3149148,3239425,2954096,2651782
mys,Malaysia,242087,242087,242087,242087,242087,242087,242087,242087,242087,242087,242087,242087,242087,242087,242087,242087,242087,242087,242087,243090,245109,248174,252300,257513,262829,268262,273806,279459,285233,291122,297144,303281,306797,313142,319606,326211,332958,339830,346851,354013,361335,368801,376417,384191,392129,400234,408502,413053,421585,430304,439228,447945,456849,465949,475226,484686,494341,504182,514216,524460,534897,545539,550957,561922,573106,584512,596145,608000,620106,634251,650546,669076,696672,720149,744411,769499,802929,829989,857956,894856,925017,956192,996918,1030522,1065251,1110190,1147618,1186297,1226295,1277580,1320675,1365239,1421864,1469874,1520049,1583814,1637277,1692539,1761576,1817828,1872694,1852890,1851157,1982396,2078723,2100044,2200525,2224697,2169687,2280854,2204845,2203668,2299807,2180952,2092934,2023566,2208993,1939143,1935412,1885847,2016758,1696564,1508443,1885209,1931109,2295361,1889611,2058272,1611635,1203524,1292607,1322882,1588483,1624011,1660334,1757811,1609813,1455825,2078976,2053037,2705561,2832174,2033401,2368550,2655787,2950837,3245011,3605123,3355096,2639657,2611866,2948371,2935705,3110478,3098924,3188021,3181971,3377356,3687015,3561888,3440200,3424589,3406890,3387084,3364995,3223516,3191277,3270316,3108606,3061625,3016953,2623217,2462918,2103521,1959047,2011022,1765612,1618928,1473920,1329701,1191112,1187546,1121640,1090519,998308,1079976,1118224,982673,948092,895896,923657,897579,1036022,1094607,1114434,1147717,690439,568049,1054145,1120704,904078,971555,1015999,944508,797923,613379,515047,520964,567929,537841,306613,159893,94918,54822,46977,41578,36526,29269,22281,15139,17540,13880,6809,5447,4401,3634,2270,1848,1490,925,959,976,775,801,641,510,523,424,438,360,373,311,323,265,270,239,241,209,209,182,188,174,179,165,170,176,160,200,177,183,159,166,169,151,156,158,137,143,144,125,124,129,111,111,113,99,100,101,84,87,87,88,73,73,75,75,61,62,63,64,52,54,55,55,43,44,44,45,45,34,34
nam,Namibia,224296,221320,218386,215494,212636,209821,207036,204293,201585,198911,196316,193709,191136,188608,186106,183642,181198,178806,176425,174092,171784,169293,167046,164613,162425,160044,157922,155591,153529,151247,149239,147018,144795,142875,140707,138844,136717,134908,132832,131065,129021,127313,125314,123323,121689,119734,118148,116225,114686,113328,112872,112665,113367,114209,115464,116290,117574,118384,119171,120474,121253,122590,123338,124691,125430,126808,127515,128910,129593,131018,131668,132283,132749,132167,132932,132465,133841,138374,139864,139558,142210,138585,139957,139775,138550,132910,128440,131699,134379,137800,139686,141292,140095,141738,142011,143798,144570,144674,145807,148141,153151,152962,154249,154629,155123,154576,157230,155786,156026,156072,155783,157275,157907,161466,161137,157199,157599,161689,163755,167431,169163,192455,205750,207952,213100,216081,221104,223620,229808,232402,234983,239447,240135,240905,241617,244800,246580,236759,235307,235887,242479,244812,246024,257981,263685,268014,272300,279633,283037,284500,291628,292127,308887,320887,329596,327999,326280,334064,346598,351702,350341,359651,348080,346328,336005,340366,350563,366106,383279,390083,402912,410084,422395,436134,444459,462905,485104,507394,508600,518542,522218,534228,548597,577308,601904,623374,639695,661063,689206,751842,813535,823817,833771,882182,915911,938910,962689,980786,1002813,902762,910041,937965,942592,944234,897372,906691,878061,858036,822672,775145,814822,765487,693517,644094,656081,585145,523941,583835,602767,665141,764487,705173,702677,683747,639495,644038,623843,608842,593242,576699,630444,614142,597243,579986,562642,545710,550810,534281,517507,500931,483386,466361,449901,453502,436936,420879,405083,389292,373667,358110,360498,345150,330046,315590,301306,303225,288845,275148,261725,248648,249432,236665,224336,212299,200718,200888,189568,178692,169085,169056,158875,149167,139684,139697,131280,122630,123554,115435,107591,107413,99964,93067,92840,86160,79818,79573,73794,68242,67988,62778,62510,57639,53196,52943,48683,48409,44440,44166,40497,40332,36931
ner,Niger,832823,832823,832823,832823,832823,832823,832823,832823,832823,832823,832823,833028,833442,834082,834921,835976,837238,838720,840420,842330,844475,846824,849400,852211,853791,857026,860495,864186,868109,872260,875073,879664,884297,888948,893621,896613,901329,906071,910838,915625,920446,923414,928278,933152,938057,942994,948339,951304,956308,961333,966390,969737,973093,975228,979561,983909,988273,992655,997040,999240,1004047,1009084,1014336,1019811,1022681,1028190,1033715,1039269,1044859,1050671,1053826,1060104,1066662,1073464,1080302,1087179,1090908,1097832,1104807,1111826,1118869,1122459,1129573,1136720,1143906,1151133,1158403,1161850,1169175,1176539,1183949,1191394,1198878,1202146,1209689,1217278,1224906,1232573,1240293,1245089,1256387,1269562,1284638,1301657,1313580,1330968,1348591,1366443,1384516,1401970,1412674,1428768,1444201,1458928,1473803,1481957,1497047,1512291,1524466,1531001,1547042,1565121,1585386,1599182,1621641,1644420,1658106,1681392,1705005,1718147,1741386,1764795,1776580,1799752,1823223,1847003,1858108,1882330,1906871,1918908,1947036,1977159,1993249,2027180,2044183,2078950,2094878,2130496,2166712,2188854,2240410,2290831,2338266,2382506,2455375,2495925,2533497,2568298,2642882,2676178,2658657,2684279,2649286,2535419,2676591,2612915,2759851,2837503,2991915,3223424,3311639,3242799,3568885,4194542,4191079,4367918,4549768,4550618,4458756,4419571,4643295,4916805,5115311,5386245,5936619,6040737,6191507,6412089,6534962,6806655,7105375,7396967,7653915,7981642,8271318,8497064,8789212,9056215,9239743,9531227,9943361,10107175,10384897,10743022,11186625,11389313,11697758,12152286,11386754,12661992,11728886,11414462,11428903,11555597,11623932,12005650,12541604,12762862,12859208,13299859,13975488,14793267,14488467,14987057,14606996,14977865,14512650,14298204,14747003,14485794,14925756,15370071,15045535,14690610,15104915,14699886,15098833,14641300,14149306,14511184,13966959,13393588,13719961,13104531,12461763,12743439,12067744,11391073,11646367,10972708,11213277,10477487,9790099,10055397,9433623,8774150,8967448,8347536,7782398,7966232,7489118,6975672,7130310,6612427,6171516,5772708,5887258,5484127,5080848,4725701,4819231,4479384,4187533,4275975,3961296,3670637,3403531,3156743,3258078,3047932,2837920,2600895,2646196,2473444,2325829,2146968,1912270,1979388,1789414,1666632,1553110,1431724,1333695,1356992,1264071,1177562,1101190,1025588,954930,967545,900495
nga,Nigeria,11305633,11305633,11305633,11305633,11305633,11305633,11305633,11305633,11305633,11305633,11305633,11305633,11305633,11305633,11305633,11305633,11305633,11305633,11305633,11314119,11331106,11356660,11390769,11433506,11476394,11519448,11562660,11606036,11649570,11693264,11737126,11726467,11770458,11814611,11858931,11903409,11948063,11992887,12037871,12083036,12128363,12173853,12219520,12265364,12311378,12357549,12403907,12450434,12497140,12544228,12591700,12657403,12723636,12727213,12793969,12861052,12928460,12996193,13064264,13133777,13204775,13277259,13351241,13426740,13502643,13578949,13655655,13732775,13810305,13891149,13977448,14065055,14149472,14237296,14325621,14337239,14425713,14514697,14604204,14697301,14794027,14894438,14998579,15106487,15215138,15324547,15434714,15545638,15657324,15767388,15875807,15982539,16087569,16190851,16294762,16399306,16504490,16504962,16610258,16728029,16858489,17001840,17158299,17328074,17499496,17672577,17847335,18023778,18201928,18382123,18564343,18748653,18935055,19123573,19174354,19361624,19403860,19595701,19603378,19797919,19849282,20099615,20194521,20502038,20814224,21131155,21452903,21570447,21898069,22226145,22554634,22646391,22971344,23296506,23626266,23960672,24299802,24370208,24714254,25078668,25464010,25565229,25988108,26102902,26549085,27002876,27099129,27561309,27637837,28132943,28236903,27842463,27359628,27845819,27269099,27749013,28798047,29315170,29834893,29782887,29098406,29662289,29603815,28119566,28701922,28566009,31436844,36433985,37899960,34269105,28423375,25662129,25406315,24288647,22305289,24702922,22685112,22456442,25033297,26798322,27636002,31163999,34768470,39871804,42031018,42223752,45008261,47072043,47942778,50326899,50202284,52905834,55031408,59161032,62626292,66256656,67354554,69598353,71612551,74709374,75490180,76163499,72964939,72628412,70804634,70390078,69681930,69702007,68294951,66680567,64472681,64727861,65981597,64945771,64533229,66018686,69240608,70370251,71493728,72261612,80162739,85257253,90584021,95070228,96375825,95605313,95506575,92996924,90368945,87637929,89367593,86440126,83407900,84968855,81892578,78736295,75464214,72351140,69457363,66355250,67496790,64454175,61395655,58745652,55872829,53071456,50357754,47803367,48474186,45875289,43344722,40823334,38446580,36232032,33988223,31828481,32228662,30126461,28271367,26424977,24682717,22870380,21284061,21554852,20172550,18319241,17134812,15932093,14572091,13495962,13568745,12542546,11738711,10672859,9822609,9041440,8294983,8364099,7653647,7000317,6393746,5832163,5876809,5369365,4886660,4443540,4164793,3891028,3935440,3614723,3630380,3599768,3140926,2724817,2463076,2494195,2167937,2013511,1853870,1832223,1611634
nic,Nicaragua,139568,139568,139568,139568,139568,139568,139568,139568,139568,139568,139568,139568,139568,139568,139568,139568,139568,139568,139568,140016,140921,142287,144126,146435,146157,148505,150888,153485,152950,155406,157905,160452,159794,162369,164981,167593,166671,169363,171939,174699,173869,176466,179280,182167,180692,183601,186160,189156,187342,189955,192209,195323,192251,193982,195714,197638,193922,195797,197548,199312,195290,196442,198234,200109,195671,197404,199151,200911,196238,198337,200564,202754,205880,202458,205854,209304,205626,209111,212650,216247,219902,215937,219627,223373,227175,222954,226802,230711,234672,230209,234205,238273,242407,237712,241875,246123,250432,245518,249863,254442,259255,254582,259743,265158,270684,266108,271702,277418,283248,278477,284385,290417,285499,291693,297939,292398,298093,304186,298131,303349,296228,289622,329498,307522,286783,260187,317632,320957,241929,208328,289701,329091,388366,297502,353387,362185,497787,480141,491286,400217,382183,354589,394341,379189,406184,419537,403263,432413,417359,463021,413752,412379,348223,360384,327448,324232,351299,332543,360758,390954,405188,401693,361298,338760,282937,260955,270116,248399,273041,266585,275857,285617,277769,286961,231040,254918,247361,239778,300149,606422,625100,629364,698018,725523,772477,818709,856252,935170,1178443,1228131,1237642,1322483,1391668,1388934,1437331,1443269,1378495,1404845,1369850,1415628,1424074,1478488,1532278,1511776,1533361,1485754,1473070,1453233,693278,816242,715893,654607,561404,512184,408811,410916,385267,340090,423583,465463,504763,395935,401007,374092,373805,340612,302041,282972,265093,247110,269103,251088,235120,218765,204648,189666,175849,176745,163172,151218,140406,130327,120767,111950,103794,104524,96766,89995,83301,77704,71886,66612,66873,61782,57001,52476,48314,44216,40511,40510,36964,34926,31542,28688,26072,23373,23614,22110,21293,19373,17435,17513,15953,14328,12862,11488,11549,10519,9422,8429,7545,7560,6912,6180,5533,5556,4976,4550,4073,4091,3664,3279,3687,3306,2964,2981,2741,2325,2409,2149,2209
nld,Netherlands,323546,344009,309134,306891,294980,327327,328087,383400,790048,754173,723740,730166,694727,663952,635151,648666,690517,699612,708819,764793,692093,736304,703154,631527,685565,735671,702357,624502,614649,621762,735860,655951,602043,650098,656158,662211,627480,596515,571284,576311,581129,586444,628494,626325,630778,635271,639788,644343,615795,599364,616993,585086,589140,616209,565638,601394,570582,577401,613899,671528,622981,663288,636520,601499,588998,559950,531919,569488,574308,551140,528519,529287,536487,507851,570862,516981,489406,492039,494679,556577,499981,510856,483474,431286,433724,410040,412405,414310,416670,394154,448589,451311,454128,457033,432706,435535,412891,421684,399658,402493,424390,410146,390805,418103,421489,388985,374660,407425,410786,383882,366318,351194,331051,305587,362879,341538,339938,413160,489219,328807,307797,278882,265760,255238,233245,225374,207267,200586,194599,197869,210541,234655,249205,263975,279885,270535,250918,243338,257682,239973,300520,331564,405995,424819,856852,817003,367437,304284,275395,260019,255305,260071,255181,241922,235670,224572,220780,216642,229334,218613,207994,212210,201517,197786,187282,176430,179798,168357,156721,145112,140423,135443,130208,118303,113171,114592,109583,104610,105660,101056,96757,106154,111231,108722,97989,83636,70600,38406,81058,113879,145640,124153,130960,209730,183444,155559,124751,95439,65786,29687,42939,46323,48602,52188,54462,23802,9915,5545,25877,22989,8822,20492,12375,16149,19151,13774,11979,36290,19720,15846,7698,15742,14897,14979,15159,15132,14766,14271,14310,13802,14370,13841,13843,13848,13321,13309,13298,13286,12749,12732,12702,12673,12146,12108,12070,12027,11535,11494,11469,11426,10932,10882,10833,10787,10733,10267,10210,10162,10126,10081,9634,9583,9530,9487,9433,9388,8984,8939,8893,8851,8880,8831,8790,8403,8359,8333,8274,8234,8182,8129,8080,7709,7676,7620,7567,7515,7463,7438,7386,7332,6972,6920,6866,6813,6760,6711,6663,6609,6563,6512,6465
nor,Norway,796586,795247,793913,792581,791249,789919,782557,781243,779934,778620,782406,786219,791766,799065,806429,813861,821356,828924,836565,845230,854949,865751,870254,883169,896284,909583,923091,936794,942190,955229,967501,996233,998601,990015,989774,1009817,1029656,1039907,1040265,1050957,1028069,1051314,1063127,1087218,1087831,1087810,1100374,1099581,1151464,1152795,1153646,1154351,1169750,1155955,1139416,1136758,1171009,1220951,1203483,1235622,1213257,1245779,1196622,1228414,1238717,1204685,1259578,1270144,1280789,1246043,1206249,1190263,1170200,1124054,1192620,1176420,1156549,1166292,1238739,1186521,1162019,1201203,1173234,1138062,1178027,1182905,1187242,1150802,1116408,1081388,1087197,1094566,1102075,1072973,1040809,964180,972606,892873,900224,906820,912649,917720,922014,878997,882090,885198,795177,797482,754055,756501,666545,624793,585634,476129,473366,477628,395920,515712,601371,426331,398083,521478,461539,370657,395710,394829,393916,346907,327848,269765,250512,301193,284005,263412,245704,213399,186855,172720,159341,146848,180549,166904,189379,201554,230582,174332,138765,103330,90033,81338,69948,63663,59141,51339,47873,44686,41792,39054,38755,36222,32016,28442,26928,25513,23865,22539,21600,19247,18208,17320,16539,15058,14379,13192,12715,11748,10982,10640,10340,9787,9335,9477,9020,8416,7684,5688,2535,4722,7330,9870,11803,11499,13584,13555,13371,12376,12643,11773,4948,2212,6149,8692,9195,9233,12747,9880,8263,8580,11313,4349,6760,4919,7229,7899,5741,8971,16223,15497,12597,10137,15759,8874,17835,9543,9577,9744,9403,9241,9238,9074,9218,9202,9190,9170,8996,8974,8946,8932,8909,8725,8696,8671,8641,8606,8410,8379,8339,8308,8276,8236,8200,7995,7951,7910,7864,7815,7764,7719,7511,7463,7415,7365,7314,7278,7232,7182,6969,6920,6864,6818,6765,6724,6670,6616,6570,6516,6475,6269,6217,6173,6122,6075,6018,5960,5916,5868,5816,5765,5710,5660,5613,5421,5368,5321,5269,5224,5177,5123,5077,5026,4982
npl,Nepal,3737094,3731455,3725828,3720205,3714590,3708983,3703386,3697798,3692219,3686644,3681092,3675536,3669991,3664449,3658925,3653396,3647889,3642383,3636890,3635271,3637531,3643702,3653758,3667740,3681769,3695849,3709989,3724185,3738432,3752732,3767085,3781495,3795964,3810483,3825062,3839695,3854385,3869131,3883932,3898789,3913701,3928668,3943704,3958791,3973930,3989138,4004401,4019717,4035095,4050533,4066039,4078793,4091581,4104427,4117298,4130214,4143167,4156163,4169189,4182263,4195374,4208525,4221705,4234937,4248196,4261507,4274855,4288234,4301659,4316143,4331697,4348335,4367322,4387426,4387353,4407602,4427938,4426809,4447301,4467891,4489174,4487006,4507832,4528761,4549767,4546443,4567611,4588869,4610229,4602620,4617065,4629529,4639021,4618091,4624628,4631159,4637703,4615411,4622002,4633054,4648599,4638145,4662696,4691810,4721108,4717858,4747396,4777100,4806997,4796151,4812909,4823114,4826756,4786885,4784009,4781124,4778245,4811797,4812290,4812784,4813271,4813764,4814246,4814737,4815221,4815702,4816191,4816674,4817158,4850914,4851998,4853419,4855182,4857278,4859363,4861465,4863563,4865662,4867754,4917061,5015928,5166823,5406188,5670582,5947906,6238788,6543890,6863921,7199601,7492569,7740055,7857255,8020744,8071948,8168625,8325584,8416186,8572328,8654371,8733450,8900565,8990093,9169279,9353768,9447164,9645866,9625593,10065444,10287414,10399170,10632372,10991405,11235946,11486761,11614156,11876389,11997631,12273385,12401955,12699076,13336627,13409748,13837057,14149118,14109160,14183805,14416011,14520309,14482532,14595449,14742090,14774795,15137188,15347875,15531556,15782991,15434434,15479383,15334133,14764253,13984389,14164742,14714961,14327668,13506612,12607608,11691743,10527628,8850896,7537621,6257515,5235388,4295419,3426558,2856095,2599124,2244473,1573481,1205605,1150739,1218876,1029905,869036,754871,723042,602442,528672,461483,404582,300689,361061,315958,274044,238027,244358,212500,185064,161508,141749,125185,111381,115037,103715,93928,85744,79214,73826,80008,82584,81209,72564,63786,59348,52183,50980,48615,48763,43748,40989,37934,35947,34455,31740,30031,35824,31259,30173,28418,26497,25412,24622,25054,24271,22586,21169,19863,24871,23681,24500,23347,23895,25854,31240,29456,30664,28994,27237,26462,24780,25042,23344,22570,21021,19552,19705,18232,17544,16200,16304,15061,13886
nru,Nauru,,,,,,,,,,,,,,,,,,,,,,,,,,,,,,,,,,,,,,,,,,,,,,,,,,,,,,,,,,,,,,,,,,,,,,,,,,,,,,,,,,,,,,,,,,,,,,,,,,,,,,,,,,,,,,,,,,,,,,,,,,,,,,,,,,,,,,,,,,,,,,,,,,,,,,,,,,,,,,,,,,,,,,,,,,,,,,,,,,,,,,,,,,,,,,,1,23,86,178,231,404,617,858,1096,1229,1288,1633,1877,1904,1708,1612,2003,2246,1912,1783,1904,1263,1101,930,706,784,859,1014,835,633,554,625,656,618,640,618,,,,,,,,,,,,,,,,,,,,,,,,,,,,,,,,,,,,,,,,,,,,,,,,,,,,,,,,,,,,,,,,,,,,,,,,,,,
nzl,New Zealand,190410,183918,177645,171600,165753,160106,154646,149375,144289,139370,134786,130186,125753,121469,117330,113330,109470,105736,102133,99303,97209,95564,94614,94303,93974,93974,93624,93251,92855,91782,90066,87747,84845,81395,78054,74829,71697,68676,65764,63667,62373,61855,62080,63008,63914,64798,66446,67327,68164,69162,70320,69355,69376,69312,67419,66693,63867,62513,60616,53670,52595,54773,54647,56970,59283,59187,59119,56858,58339,58896,57136,58155,46906,39161,40828,48295,55055,43560,34454,70780,62867,65397,73604,81710,72327,79912,82052,84259,93215,82505,83448,86540,81330,89280,105729,101161,78720,81724,82320,77232,65979,73111,63822,56858,62000,55982,45361,43245,61296,63066,47156,44842,53541,55292,55927,57162,63657,65032,71634,62279,49585,70981,84366,68841,75960,66181,85659,101964,83158,78653,93257,126256,138861,120657,106449,100147,62586,53829,47070,47814,52096,57515,46734,44292,45226,46170,40476,32897,48893,40098,28073,38848,37209,38362,28990,29805,28034,28878,27582,26008,24743,23308,23950,22709,19842,18742,16316,19545,21514,17178,17496,16482,15558,14723,12865,14247,14473,17138,15899,15972,14833,14367,13435,12356,12407,10704,10804,9743,10116,9184,8588,9516,9181,8548,7285,6995,6741,6649,5740,5300,5078,4624,4325,3952,3832,3456,3353,3274,3376,3402,3371,3257,2988,2858,2984,2589,2305,2395,2282,2521,2363,2457,2512,2374,2313,2281,2115,1954,1956,1802,1802,1798,1653,1651,1648,1517,1514,1392,1386,1275,1274,1272,1171,1168,1074,1070,1067,976,972,971,891,888,887,814,807,802,738,736,733,670,665,662,604,601,597,593,543,538,535,531,487,482,479,476,435,432,428,427,424,384,383,380,378,374,340,335,332,329,326,324,293,291,289,287,285,283,282,254,252,248,244
omn,Oman,296210,297086,297952,298817,299687,300568,301442,302315,303201,304086,304976,305865,306760,307659,308546,309446,310354,311261,312175,313076,313992,314892,315812,316721,317635,318542,319459,320381,321294,322226,323141,324074,325004,325936,326906,327838,328779,329723,330667,331613,332569,333521,334487,335447,336404,337412,338382,339360,340335,341312,342317,342922,343522,344117,344719,345355,345961,346477,347084,347687,348293,348899,349505,350108,350717,351321,351925,352537,353147,353757,354374,355099,355674,356323,357029,357682,358341,359038,359741,360394,361049,361718,362111,362774,363441,363830,364495,365110,365774,366159,366789,367468,367847,368526,369208,369824,370206,370895,371577,372519,374373,376719,379721,383002,386621,390290,393655,397374,401149,403941,406411,408281,409603,409798,410373,410608,411184,411409,412487,413172,414270,414988,415591,416286,416983,418117,418814,419519,420197,420860,421526,422708,423366,424008,424651,425281,426518,427146,427772,428417,429029,429618,430211,430774,431445,431991,432523,433249,433753,435807,439464,443274,448147,451910,455296,460742,464070,467638,473323,476487,479133,492106,476554,482530,498276,510344,520105,404709,185828,116077,119523,123211,111635,178874,127590,84190,71940,65573,64327,67971,66763,54335,45782,40908,34659,29531,26240,28134,29240,28259,25549,24459,22689,21540,20632,19056,18057,17537,16155,15831,14491,13505,13514,13860,13525,14183,12843,3270,2708,2521,2454,3245,4166,4649,5059,5100,5233,5844,5678,5885,6380,6266,5665,6414,6856,7657,8220,8445,7998,7532,7071,7173,6392,6567,6166,5776,5855,5483,5542,5223,4894,4942,4627,4676,4374,4421,4128,4170,3893,3932,3665,3701,3443,3475,3229,3259,3022,3043,2819,2834,2853,2631,2641,2436,2444,2449,2257,2263,2083,2088,2095,1922,1924,1931,1766,1761,1765,1614,1615,1624,1485,1481,1488,1486,1363,1360,1360,1244,1246,1247,1243,1136,1136,1136,1134,1036,1035,1035,1035,1033,942
pak,Pakistan,12591669,12616497,12641378,12666305,12691285,12716307,12741381,12766508,12791680,12816904,12843086,12869235,12896264,12924173,12952974,12982662,13013252,13044736,13077124,13110423,13144642,13166306,13188023,13231453,13275030,13318745,13362596,13406607,13450759,13495049,13539493,13584075,13628818,13673694,13718722,13763904,13809222,13854700,13900329,13946105,13992039,14038110,14084342,14130725,14177256,14223943,14270786,14317777,14364931,14412238,14459693,14486735,14513804,14540883,14567989,14595113,14633189,14599096,14617999,14605592,14588221,14598536,14613184,14872718,14889709,14922875,14652608,14634909,14763230,14808202,14806929,14808382,14841879,14954892,15083125,15133885,15146007,15182969,15292704,15621615,15685220,15743588,15815729,15883928,15891778,15704699,15861214,15853853,15913589,16025188,16047597,16244491,16235542,16223265,16265670,16383990,16757706,16608712,16670435,16859332,16892493,16969349,16563239,16590069,16751614,16892443,16804857,16837501,16774398,16510146,16618813,16748334,17016475,17316218,17378933,17720221,17873343,18200443,18882815,19038831,19627919,19856172,20047566,20574342,20884613,21255164,21515185,21939510,22385392,22742751,23469669,23984533,24421736,24951760,25409998,25956029,26361241,26931618,27433037,27942933,28381045,28896174,29422777,29810083,30374370,31047945,31790028,32387396,32993208,33552782,34463978,35259875,36111148,36675582,37655688,38596630,39584329,40531108,41626016,42875438,43960387,45025983,45961190,47072400,48052279,49204933,50165575,51620510,52855503,53806668,54338395,56253716,58208880,59144371,60910128,62304693,63760446,65804131,66823926,69185047,70707680,72544864,74495865,76607520,78364774,80104560,82167996,83937270,86228310,88839187,91735727,86161166,75955779,79140938,70583929,71093837,65761849,66607587,71477540,76390946,80652044,86746660,90884836,82639967,74826524,70811708,66306170,65099827,56174350,63374461,56576141,55247837,51483814,48649994,43956573,39051740,37720488,35979584,36474053,39166774,39550551,36577440,36746941,36894177,37179375,36449878,32500135,29419076,26428850,20597473,21297846,19260312,17445109,15674287,14013134,14343027,12832531,11575497,10334169,9250303,8245474,7268320,7392020,6578870,5720081,5068006,4533689,4086233,3624881,3300859,3458825,3325316,3146623,2826128,2522339,2358924,2775625,2637637,2734473,2530047,2454434,2337474,2223671,2126970,2116358,2247502,2156720,2066398,1919608,1719763,1619445,1647236,1508525,2000641,1889163,1799299,1651572,1633452,1567447,1670480,1635164,1608867,1522590,1523008,1434539,1405699,1483634,1397063,1233298,1005828,986224,922777,850971,788527,766806,706660,578166,526967,487952,411148,416928
pan,Panama,67421,67901,68402,68893,69404,69903,70416,70922,71441,71960,72489,73019,73546,74084,74627,75162,75714,76264,76822,77376,77942,78506,78598,79175,79750,79816,80397,80432,81023,81612,81622,82219,82203,82803,83404,83359,83964,83888,84489,85110,84986,85609,85458,86070,86698,86506,87137,86906,87533,88473,88805,90331,91182,93362,94499,96758,99069,100222,102613,103524,105998,108530,109660,112272,113377,116087,118855,119940,121875,122614,124990,127142,127102,128860,128516,130308,132126,131718,133840,133353,135230,137135,136571,138506,137885,139840,139344,141335,143349,142580,144620,143768,145846,146844,145938,146873,145338,146956,144100,141672,143686,140534,138355,141564,140045,139159,141081,134859,126898,122688,117565,118998,122954,128891,125428,131719,149378,166549,180753,200433,215291,228299,230566,226762,222233,223104,225581,228075,224544,227894,247852,262216,270217,279750,288155,274707,291885,278573,305032,308408,318669,302329,312160,304539,295568,288172,343358,345095,385739,397883,431896,454686,447714,449649,453284,456051,459742,439135,466417,458293,462701,443030,432950,423375,425464,414461,402866,390594,390929,378061,340755,328183,326742,324883,335086,345403,355815,366327,335815,331887,288302,264710,269457,319572,337776,346329,361206,402842,507238,542195,546188,550532,479262,441472,448623,429868,478929,468653,448797,412324,459524,596294,539664,533130,510588,485315,528849,464795,327169,253752,304175,244877,291828,237627,263534,202115,207390,197957,168023,142476,129772,166233,165946,183702,159794,153288,134992,126818,118815,103497,111941,112440,105155,98164,98493,91813,92032,85670,85929,79880,80058,74350,74473,69088,69004,69051,63991,63993,59256,59226,54786,54731,54661,50514,50424,46563,46461,46341,42755,42628,42490,39166,39019,38870,35802,35646,35514,32685,32532,32369,29769,29621,29455,29280,26912,26744,26575,24413,24242,24071,23906,21964,21807,21641,21468,21300,19530,19386,19220,19056,18892,17309,17153,16994,16832,16671,15269,15124,14976,14826,14673
per,Peru,932566,968450,956810,971902,973633,961930,949768,951456,967072,968789,970525,998984,1000763,1017477,1031631,1045401,1035304,1049131,1050997,1064994,1079166,1150324,1170715,1167787,1180683,1177721,1198389,1179365,1192796,1216055,1233554,1270305,1327614,1369562,1421883,1475650,1517717,1558302,1629923,1721100,1765514,1807536,1890620,2020292,2134307,2163453,2287818,2311861,2382618,2420276,2519128,2331232,2384189,2119170,1985464,1853535,1867987,1551974,1656057,1651707,1624201,1671402,1667347,1578425,1652966,1657839,1634760,1642346,1649962,1469736,1150055,1091341,1064642,1081350,1096198,1292663,1130882,1329833,1712769,1978627,2392950,2496602,2479598,2605746,2460955,2548310,2552624,2666853,2588070,2618797,2735616,2675119,2668761,2785483,2894644,2864036,2796661,2713975,2663457,2635383,2663231,2610377,2557842,2497347,2483836,2414252,2292062,2156616,2186826,2217442,2189094,2206994,2131677,2159939,2194428,2065730,1850747,1789804,1819360,1786250,1818183,1844696,1665865,1554214,1438848,1401070,1246651,1274429,1244080,1091657,1361699,1684255,1872317,1662612,1422970,1261174,1225512,1254291,1283675,1376232,1345038,1447974,1625073,1667811,1478601,1514027,1480530,1514846,1489490,1391971,1295342,1216642,1192669,1174590,1216839,1134596,1176046,1155643,1264053,1310835,1158582,1067319,986185,1018710,989811,960371,873890,846220,992162,1023789,927410,953854,921620,890053,858620,827437,850574,934068,1093607,1054524,1016575,1011583,1083695,1337201,1387841,1446278,1467203,1742534,1645391,3498494,4429609,5021747,5870711,6113625,6217055,6094907,7200325,6961895,6770281,7110484,7117665,7511843,6862202,6285441,6674845,7231639,6332069,5525048,4666413,4057362,3427595,3162732,2954455,2691537,2525573,2537353,2454507,2435065,2074392,1882777,3577649,1871334,1741773,2112620,1850156,1797364,1725739,1636871,1648885,1562305,1571257,1581562,1496222,1414254,1333701,1254292,1180261,1109090,1110964,1060979,995092,930612,871438,871636,815709,768970,720153,670037,672348,629062,586239,548343,511084,511679,469717,432794,402344,401819,373109,344811,344154,316600,291131,268912,266211,246803,228459,227094,210372,197745,196632,184847,171453,167641,154659,153671,142502,129479,128513,118945,115265,106787,98635,97748,90195,89348,79293,78446,72467,71672,66174,65428,60342,59646,55036,54391,50185,49573,45751,45189,41701
phl,Philippines,2298994,2240612,2183711,2128259,2074218,2021542,1970210,1920167,1871410,1823886,1818357,1812446,1820429,1842109,1864053,1886264,1908732,1931470,1954478,1980108,2008444,2039551,2073499,2110388,2138245,2176282,2214994,2254393,2294488,2335313,2376848,2419126,2462159,2505955,2550534,2595903,2642072,2689069,2736906,2784313,2831271,2877735,2923699,2969116,3000915,3047531,3094875,3142953,3191777,3242349,3294692,3343293,3393578,3445594,3498402,3551991,3606402,3661641,3717707,3774624,3832403,3891046,3950588,4011021,4072370,4113931,4176821,4240674,4305481,4371124,4418544,4485614,4554521,4624334,4695202,4767143,4840173,4914314,4989566,5029253,5087872,5138102,5179792,5212746,5245899,5279231,5312766,5346505,5380432,5419435,5463574,5481731,5536129,5595886,5656266,5717278,5778930,5841229,5904181,5976062,6057126,6147565,6247650,6053746,6431239,6503611,6574559,6643923,6659953,6777246,6658662,6708942,6827245,6721990,6920027,7266780,6998281,6602627,6288127,6642291,6543067,6916676,6552878,7084701,6973119,7120989,7126304,7277346,7281661,7439105,7765579,7935245,7952863,8307480,8501838,9383417,8904326,8731237,8935120,8698480,8907192,10420668,11624171,12779808,13802244,14725495,15556578,14714430,14268038,14445681,14640356,14515770,14839504,14903687,14921843,15223427,15176080,15809989,16087529,16332078,17351491,17466960,17566323,17632816,18195186,18225879,18257486,18755702,18750270,18712310,19203751,19053116,18859925,17985543,18398747,18158508,17286082,17077595,16862058,16627812,16360500,17191592,17511648,18237856,20866612,23496449,24034830,24377605,24601607,23893199,24394901,25609193,26302744,26624394,26148669,25324593,23606684,22431445,23290451,23169864,23008370,22798662,22683128,22201856,22892865,24060727,25301032,23115243,22257134,22185024,22902547,24507950,25381466,23544528,21788963,20217153,18532351,16780340,15144925,14584799,19268583,18277971,16104998,13550736,12665849,11614932,10069329,8278407,6723081,6046893,6091556,5468690,4908257,4427508,3966407,3562305,3151614,3176000,2931279,2641367,2375264,2126203,1922909,1941234,1747828,1576423,1422193,1298412,1184615,1196735,1080787,964130,846202,757014,761316,673229,603331,654172,658670,586628,531913,477176,498063,467969,453547,405091,410716,395347,363913,381478,351700,326614,320229,274722,233549,237280,218331,198498,200388,176081,160615,150561,125202,120835,110305,92478,93138,82724,81822,73484,85992,77655,81786,81290,62838,63189,54533,54824,39751,50527,46189
plw,Palau,3521,3521,3521,3521,3521,3521,3521,3521,3521,3521,3521,3521,3521,3521,3521,3521,3521,3521,3521,3525,3534,3543,3555,3559,3582,3601,3615,3630,3647,3671,3686,3704,3703,3718,3728,3752,3772,3792,3804,3825,3827,3851,3864,3879,3903,3919,3942,3960,3962,3976,3994,4015,4041,4062,4082,4102,4107,4121,4156,4169,4201,4217,4240,4266,4269,4286,4302,4331,4352,4377,4401,4425,4426,4451,4475,4504,4524,4559,4582,4613,4643,4648,4675,4708,4731,4761,4789,4825,4846,4857,4890,4907,4941,4972,5005,5035,5057,5067,5101,5131,5171,5205,5241,5264,5298,5307,5345,5380,5406,5442,5473,5511,5548,5553,5506,5509,5464,5399,5285,5205,5067,4869,4795,4712,4593,4613,4534,4444,4361,4280,4194,4101,4074,4124,4011,3854,3645,3453,3242,3031,2846,2642,2441,2264,2062,1836,1565,1383,1231,1102,976,948,849,769,690,617,550,480,424,373,329,288,248,217,206,175,153,131,109,92,86,99,78,39,8,6,33,40,35,54,436,638,647,670,668,648,634,621,598,583,567,553,625,766,725,662,609,615,614,672,698,642,601,628,585,544,501,454,456,468,444,391,381,375,355,324,211,232,233,230,275,458,452,378,349,270,216,214,177,163,162,161,147,134,122,121,110,99,88,86,77,70,63,61,55,49,43,43,37,32,31,28,25,25,21,18,18,16,14,14,10,8,8,7,7,5,5,5,3,11,12,14,12,12,10,10,8,8,6,6,5,5,4,4,3,3,2,2,2,1,1,,,,,,,,,,
png,Papua New Guinea,743801,743801,743801,743801,743801,743801,743801,743801,743801,743801,743801,743801,743801,743801,743801,743801,743801,743801,743801,743856,743963,744139,744363,744645,744930,744467,744743,745022,745311,745589,745869,746155,746434,745931,746214,746498,746780,747057,747340,747621,747909,748185,747645,747926,748203,748495,748776,749063,749336,749620,749033,750552,752066,753588,755607,754019,754763,754757,755156,761493,764699,766176,761272,765550,755445,750281,752555,747982,762845,764412,765994,767500,769094,770696,770706,771629,774151,773952,763560,769518,772956,771626,771049,773784,779870,789708,796027,797808,799167,798484,796923,798211,800024,801947,805225,808182,810198,811130,809770,803226,802025,801741,801027,802118,803395,805086,810672,808673,809407,802247,787673,773330,750743,715651,680936,650562,621014,592811,565180,542168,528030,520966,520161,523432,526710,530842,535305,539449,541634,550570,564617,580572,603542,634514,667090,701314,737309,772191,811813,853475,897265,939515,987723,1038406,1087087,1142849,1201482,1257565,1322072,1381214,1427990,1457199,1482294,1512472,1552198,1586261,1622044,1667546,1705469,1752985,1792000,1818112,1839016,1858349,1861743,1858412,1866183,1889970,1913224,1891211,1833188,1850253,1835194,1815983,1824724,1899841,1975828,2019224,1991132,1995820,2075839,2177130,2251635,2279209,2338651,2402483,2442584,2435413,2505062,2623852,2713095,2764063,2792905,2642736,2715094,2852408,2974145,3073330,3329527,3361681,3587741,3800702,3874000,3930120,4012287,3940275,3985943,3966770,4024361,4052504,3799797,3991209,4026576,4248420,3917307,3938752,3900291,3933598,4260912,4176276,4572221,4586946,4608465,4743591,4582602,4693434,4696326,4624010,4697505,4628026,4694340,4767753,4684373,4598938,4508036,4414652,4462577,4364259,4265092,4163074,4061196,3978461,4040931,3933828,3818339,3702869,3587708,3473287,3508663,3394409,3281492,3176175,3098636,2992591,2885534,2783467,2806980,2694550,2597415,2497100,2404068,2314900,2219938,2123837,2109368,2015066,1924298,1827203,1731658,1631119,1535478,1537013,1454280,1363182,1277999,1210245,1138214,1074509,1007991,1016197,953163,911387,856160,799191,743475,755044,702365,653944,599394,560089,518400,519549,485047,450862,419487,381631,381023,351239,322431,295306,269710
pol,Poland,8083601,8192409,8299662,8360921,8467514,8569310,8673239,8777593,8880998,8981154,9080991,9148016,9277583,9315628,9318029,9350641,9419662,9489193,9517664,9499091,9525337,9595650,9614290,9631115,9645049,9723780,9795554,9808184,9816230,9888695,9964098,10114716,10189387,10255424,10331135,10407399,10461930,10539159,10604830,10674547,10818406,10833284,10911882,10992441,11073579,11155331,11154887,11237241,11310854,11412605,11441141,11390820,11401385,11350664,11437409,11457770,11635775,11657065,11555772,11611137,11319540,11308785,11635036,11500703,11478018,11624273,11595303,11558610,11514106,11671803,11827023,12107900,12263628,12184159,12202427,12319443,12272542,12110902,11029501,9939612,9658622,11001980,11272385,11410257,11193338,11327259,11091274,11599619,11351985,11075288,11168587,10844320,10451308,10491422,10074103,10107664,9452299,8840339,8329361,8008908,7662899,7660593,7643717,7630391,7597151,7611963,7669823,7683926,7582755,7591252,7551150,7505936,7474391,6907280,6795141,6318780,6171203,6075771,5676110,5617228,5275802,5254884,4978276,4956169,5009453,4752327,4821159,4557429,4631463,4387517,4928130,6384704,7615657,8512904,8050251,8057843,8080400,5528952,3963132,5883524,7027024,9426176,10319847,19948631,18502956,7140493,5040010,3693997,2871160,2593638,2161202,1985270,1989592,1643107,1478268,1318899,1165692,1022540,888208,760442,641839,395326,450107,376636,266937,223830,165086,137378,109853,97401,85697,69298,56178,44598,33585,25682,20321,15532,9996,6625,3641,,,,,,205566,,,,22447,67873,94658,72992,1789473,1016671,3404952,188039,89862,107380,185204,172945,200752,140912,192208,234714,116663,76779,38953,43428,31170,34612,33979,21447,24358,14064,4462,4676,1707,4742,76891,49091,134889,102890,98699,92838,90039,83181,77592,75086,76163,73648,72913,70433,69689,67330,66590,65849,63573,62844,60640,59927,57811,57105,56398,54375,53685,51721,51060,50390,48514,47855,47201,45415,44772,44135,42431,41820,41195,39572,38966,38346,36809,36209,35606,35005,33562,32974,32399,31815,30474,29928,29371,28815,27592,27074,26557,26055,24937,24465,23995,23542,23098,22105,21688,21275,20882,20497,20116,19266,18909,18562,18224,17892,17565,16824,16515,16216,15914,15618,15329
prk,North Korea,3755694,3755694,3755694,3755694,3755694,3755694,3755694,3755694,3755694,3755694,3755694,3755694,3755694,3755694,3783751,3783751,3783751,3783751,3783751,3784322,3785455,3787165,3789431,3792276,3795121,3797969,3800813,3803666,3806525,3809377,3812237,3815092,3817954,3820824,3823689,3826556,3829425,3832294,3835173,3838047,3840927,3843809,3846699,3849577,3852467,3855350,3858243,3861141,3864036,3866940,3869841,3883068,3896315,3909580,3922863,3936164,3949482,3962815,3976167,3989535,4002925,4016332,4029756,4043201,4056659,4070136,4083633,4097143,4110675,4125300,4141039,4127054,4136796,4147596,4124232,4134359,4144466,4116862,4126245,4135607,4103525,4112123,4120688,4129216,4091661,4099383,4107069,4064585,4071409,4078196,4030624,4036511,4042354,3989580,3994486,3999345,4004125,3945192,3949013,3952773,3888536,3891295,3893997,3824491,3826163,3827752,3753082,3753639,3754113,3765453,3702086,3734010,3515896,3382222,3426148,3282144,3132642,3363530,3199140,4049128,3062680,3089041,3219695,3141839,3268910,3304737,3221165,2908589,2937191,2950089,2622848,2399187,2399848,2196838,2457022,2107382,1823772,1405965,1331150,1410251,1246040,1246764,1495478,1414846,3246197,4525725,5843958,5720317,5978715,6233266,6287867,7231059,6292327,6220850,5867905,5359354,5037449,5124839,5030912,5125070,5208857,5289948,5390652,5043465,4921051,5023844,4897239,4774790,4888638,4754505,4611986,4462758,3843844,3260140,2909024,2426152,2291919,2156482,2025381,1898996,1901130,1839977,1776506,1728101,1691963,1669296,1666892,1691283,1703691,1739319,1778222,1808018,1821210,1873433,1920387,5428721,5344503,5316582,8318636,8313869,8307697,8361270,8304206,3252054,3238495,3241514,3291555,3224944,3119154,3001828,2855431,2696274,2530750,2368329,2207164,2084054,2025558,1919725,1868540,1825470,1829130,1753343,1758142,1771605,1667039,1630018,2131453,2202595,2275649,2348037,2419701,2357122,2294772,2360405,2296503,2358425,2293639,2236278,2266381,2206257,2138009,2168958,2107106,2058696,2103849,2035370,1973641,2014168,1939295,1876138,1834112,1860544,1796511,1733819,1763497,1698267,1633510,1548139,1547944,1483258,1419628,1345497,1306313,1199182,1119299,1047121,1036066,981187,893444,836786,761626,751985,703523,657041,593315,532341,522059,487226,431284,405107,402930,361767,344279,305692,295897,281265,281126,277616,279243,280403,265755,266997,245971,232969,226616,211062,196877,182443,189795,191544,186948
prt,Portugal,2220142,2268569,2289245,2281381,2271275,2323151,2373826,2395462,2387238,2439312,2621830,2729341,2714200,2669987,2668656,2637160,2627638,2650690,2619704,2525999,2507020,2524740,2584245,2603408,2699999,2735605,2708817,2789921,2805922,2684163,2670370,2689102,2739135,2850470,2949271,2955748,3016342,2814984,2824680,2773812,2662233,2432636,2533828,2679979,2660926,2695480,2901740,3040859,2970095,2933343,2988356,3006082,3010378,2990284,2896331,2928104,2798328,2635033,3080538,3209407,3235412,3357543,3398228,3284389,3334409,3440179,3446077,3434920,3461950,3447780,3430620,3537804,3520425,3500113,3565943,3588921,3654281,3635325,3615327,3585406,3603219,3617311,3742323,3757613,3736327,3812254,3785458,3663810,3589869,3674906,3655511,3716634,3746048,3795558,3875601,3849578,3877014,3950241,3967112,3850888,3795209,3842182,3877846,3889927,3707492,3807523,3934751,3923792,4021501,4120660,4040176,4087475,4071483,4104075,4098540,4190404,4200769,4289280,4376030,4395337,4266862,4134789,3890596,3835678,3984471,3932725,4080318,3481644,4079133,3678979,3839846,3774186,3820259,3637094,3536770,3842213,4268927,3701884,3757122,3784932,4114293,3689333,3989104,3935617,3741683,4088781,3844483,3430353,3467325,3470938,3334252,3164897,3141220,2614764,2455757,2356770,2215615,2123803,2128605,1921800,1721432,1542841,1301490,1171881,1043303,914605,773362,634085,522644,486476,397293,333211,289919,253168,253954,273996,267562,246716,237709,220070,214645,212176,211440,213002,225301,223874,208463,195167,176513,170262,157822,148656,141937,140712,141138,140010,136095,132015,127195,122661,119007,120112,119588,121164,75567,76411,25164,59379,41278,27815,28379,68669,99325,122204,88168,79265,49734,49289,44117,20350,70824,33293,27522,49402,48040,47456,43673,41938,40379,40272,41353,39873,39759,39695,39554,38092,38141,36737,36588,35326,35166,33855,33701,32704,32546,31309,31135,30181,30022,29993,28718,28387,27254,27077,26782,25573,25500,24346,24222,23832,22835,22766,22597,21629,21577,21311,20378,20289,20137,19315,19090,18950,18817,17882,17754,17631,17640,16766,16655,16500,16393,15613,15512,15453,15328,14621,14526,14440,14350,14267,13589,13580,13491,13405,13320,12667,12580,12500,12406,12324,12238
pry,Paraguay,260643,251158,242021,233219,224739,216561,208681,201088,193773,186730,180177,173622,167305,161224,155352,149703,144257,139009,133946,130734,129339,128843,131038,135015,137887,142065,145006,149398,152406,157026,160094,164944,169940,173143,178390,181636,187131,190397,196168,199437,205479,208753,215079,221598,224950,231770,235109,242236,245542,251642,252251,256016,258558,255249,256511,253029,254289,250630,251870,248030,249261,245224,246437,247651,243399,244609,240153,241344,236707,235890,227322,222863,210988,203274,195840,183878,177169,166009,159950,153465,155721,157570,168568,183844,194734,211948,224239,245311,259160,274660,274498,276498,259332,247524,235370,214486,206804,189955,183827,170344,168271,159667,160587,163823,159017,163112,158793,162910,158396,161742,165252,160517,164389,167837,171524,166459,169772,173870,178534,172260,176962,180968,183970,178417,183309,188307,193284,197807,191909,197204,202655,208272,212935,206718,211476,217455,222975,229274,222803,229462,283205,291863,284001,292482,285916,331407,303623,420929,434099,336257,434531,445514,482998,495974,507762,492947,479516,465311,452656,489704,503180,489569,475723,463570,476338,440694,476746,439947,451403,439200,427270,415564,383530,353600,325345,298148,271355,228530,188690,154175,117438,108747,128230,153730,158160,155504,154434,138639,131073,123148,122757,276811,416240,557782,689294,813092,781344,759161,770438,814274,758231,748422,1081303,764682,624228,587139,771861,719491,512670,570140,566228,535174,396174,269925,291906,286675,293008,188415,225897,196459,187197,151077,241125,185123,152304,145032,138809,130387,122359,115884,116881,109550,102602,103399,96625,90237,84135,78333,72810,73328,68116,63088,58353,59020,54846,50969,47681,44261,44904,41709,38383,39378,36231,33648,31766,32006,29414,26998,27195,24937,22834,22983,21051,19240,19352,17664,16111,16196,15217,13865,14145,12882,12945,12344,12415,11302,10752,10809,9930,9814,8830,8669,7704,7914,7016,6800,6494,6352,5922,5787,5233,5336,4939,4818,4693,4222,4218,3860,3868,3397,3352
pse,Palestine,117020,117020,117020,117020,117020,114768,114768,114768,114768,114768,114768,112460,112460,112460,112460,112460,110094,110094,110094,110094,110094,110094,107670,107670,107670,107670,107670,105189,105189,105189,105189,105189,105189,102658,102658,102658,102658,102658,100083,100083,100083,100119,100200,100316,97859,98050,98282,98555,98872,96683,97066,97539,98065,98641,99273,97185,97900,98673,99509,100392,98407,99374,100364,101373,102403,103455,101391,102451,103542,104322,105477,102977,103322,100773,101720,99056,100008,100624,97822,97410,93307,93578,88308,88491,89143,85901,87243,83468,84406,81048,80759,81140,77267,78184,74724,75623,72140,72563,73031,69524,69650,65688,65880,62175,62494,61898,58618,59427,55783,56651,56743,53096,53775,50615,50805,54527,54011,53172,48819,45443,43172,43385,40760,50024,39558,44386,41941,36266,67888,54373,55981,58618,71226,75447,37273,22890,34583,24906,44452,54858,57007,49472,35542,36756,38149,39662,31904,29979,73082,170816,160030,149225,149861,164204,166630,181904,198677,216467,235369,222897,195695,198854,187697,176182,164934,141765,119714,128975,162455,137602,116754,92002,62091,82383,56520,63119,47518,57151,46566,55984,42183,61773,59339,69504,69496,77555,59526,72231,84166,91055,70529,93946,76096,74849,68564,66306,76111,64771,51831,46790,62154,86524,116396,97421,68149,54789,23719,112535,69086,30917,30867,25846,33296,42435,55944,65868,68650,80437,86193,94134,133953,133950,101016,130216,299576,328657,311125,292581,274644,278299,304500,285688,267635,250379,233789,217860,220587,204872,189815,175373,166187,152893,144324,132139,133889,122022,110768,100114,93639,84217,75521,67356,68141,60575,53552,47146,41357,36272,31753,32149,28635,25559,22983,21406,19504,17914,16632,17624,16563,16251,15746,14539,13456,13784,12788,11885,11123,10395,9710,9914,9226,9258,8884,8212,8366,8539,7872,7921,8408,7294,6555,5758,5603,4790,4608,4202,4285,4024,3635,3118,3159
qat,Qatar,11309,11196,11196,11196,11196,11196,11196,11196,11078,11078,11078,11078,11078,11078,11156,11037,11037,11037,11037,10981,10981,10981,10981,10857,10857,10789,10789,10789,10789,10789,10600,10600,10600,10553,10499,10499,10447,10447,10302,10302,10278,10248,10231,10231,10128,9943,9943,9909,9846,9846,9846,9796,9788,9607,9599,9592,9584,9604,9551,9491,9310,9302,9251,9208,9155,9146,9140,8944,8809,8682,8697,8443,8311,8256,8061,7732,7544,7266,7363,7225,7320,7127,7135,7005,7106,6978,7085,6966,7002,6869,6982,6859,6961,6847,6956,6842,6968,7390,7279,7459,7365,7546,7442,7618,7504,7593,7494,7579,7432,7520,7412,7529,7480,7597,7915,8582,9139,9690,9827,10013,9819,9455,9052,9213,9632,10827,11204,11370,11752,12321,13541,14792,16511,17466,18302,18488,18792,18989,19188,19484,19683,19785,19986,20189,20292,20380,20471,20561,20649,19561,17412,15677,12981,9889,7332,4941,3110,1502,542,92,2,,,,,,,,,,,,,,,,,,,,,,,,,,,,,,,,,,,,,,,,,,,,,,,,,,,,,,,,,,,,,,,,,,,,,,,,,,,,,,,,,,2,3,3,5,5,5,5,7,7,7,7,8,9,9,9,10,10,13,13,13,14,15,16,17,18,23,23,24,25,29,29,29,30,30,33,34,35,36,36,39,40,42,42,44,44,46,47,50,51,67,67,69,71,71,72,77,79,79,82
rou,Romania,4797316,4833395,4869737,4906354,4943250,4980433,5017868,5055610,5093620,5131923,5170810,5209692,5248870,5288337,5328107,5368169,5408542,5449200,5490179,5531475,5573075,5615003,5657241,5699803,5742688,5785897,5829424,5873281,5917468,5961993,6006848,6052049,6097573,6143454,6189677,6236246,6283165,6330433,6378069,6426048,6474407,6523112,6572184,6621628,6671452,6721647,6772221,6823175,6874510,6925358,6975709,6998797,7047881,7042337,7090853,7128722,7177842,7185886,7235401,7224323,7274094,7259872,7309890,7161835,7136743,7705901,7680435,7271304,7263995,7529754,7518909,7625240,7886748,7922626,7983154,7597526,7845438,7809204,8328763,8284588,7554936,8615907,7734320,7762626,8424791,7746780,7553266,7864491,7831041,7834596,7706969,7395112,6821752,7479947,7167843,7198462,7043037,8286031,7291006,9297358,7741195,7399852,7639951,7687422,9409901,7148076,6743160,8291514,7929014,8187229,6156480,6401891,6409680,6412752,7874519,7160050,7910145,9273505,10459486,10650254,10472937,10097621,9405098,8749598,8860171,8972137,8196329,8244782,8640242,8095281,8499315,8239652,9597628,9389655,9457915,8546921,8292340,8027185,8430120,8496179,8548455,8570462,9728848,7832266,11545391,14637321,14809449,13548782,2425508,3820350,6632714,5944025,5307159,4722221,4173970,3661956,3434113,3210098,2988407,2773818,2567307,2036415,1881061,1470007,1340962,1001219,711275,548599,477105,409420,346060,137737,90757,59587,38113,27404,20436,14597,9897,6237,2976,,,,,,,,,,,,19590,2484214,4160208,821056,746580,983245,881006,2475740,2719371,2126906,2104989,1574025,988160,800538,839770,488709,149557,89678,153182,106784,97540,140175,1945054,1576678,42767,987361,3089,,547,,332647,151903,138578,134814,127432,117796,114033,104639,102743,103574,97582,98203,93100,92694,87551,87121,82056,81631,81412,76431,76156,71382,70370,65658,65250,64970,60367,59768,55374,55135,54749,50501,50136,46101,45788,45489,41653,41078,41053,37449,37132,36820,33451,33169,32890,32612,29553,29319,29084,26272,26130,25935,25745,23124,22961,22797,21969,19668,19638,19496,19360,17267,17153,15024,14895,14765,13102,12994,12882,12777,12667,12560,11075,10977,10885,10786,10737,10740,9469
rus,Russia,27424376,27424376,27424376,27424376,27424376,27424376,27424376,27424376,27424376,27424376,27424376,27436436,27460666,27497177,27546088,27607516,27681565,27768356,27868010,27980645,28106378,28245335,28397639,28563403,28742758,28935835,29142747,29363633,29598617,29847835,30111404,30153410,30431870,30712901,30996524,31282771,31571655,31863215,32157462,32188973,32486232,32786230,33088995,33394565,33702954,34014196,34328303,34250890,34547399,34535377,34682023,35001299,35254192,35372651,35734146,35586270,35708661,36037387,36514738,36912441,37062302,37780801,38488270,38833364,39746390,39825446,40192071,40722982,41055470,41388719,41662832,41523076,41859385,42238571,42621184,43099675,43536299,43929208,44325660,44318744,44717810,45120462,45526747,45936686,46350313,46767662,47582541,45671367,46594072,48474965,48911435,50655010,49796199,48169656,45605125,47868072,46408123,47465060,47225231,46299845,47369195,47106558,45268882,47927274,45251068,49472097,50912418,53016377,51596665,50612283,47513085,49885802,48254598,37774111,42627730,46923889,50741364,56996278,68786273,72663278,73324627,74068367,73226894,72306065,67981576,62374684,59002442,58460425,56749388,57254219,55401177,55895229,57605469,56896563,53598773,47456279,45112600,42341183,42826758,41456640,45205439,45781603,47686948,49553580,51507001,49975054,50656140,44948343,39546652,35852313,32430514,34409285,32453671,31703797,31047343,31348481,28233659,28787494,28124150,29849717,26782562,24998732,23485797,21870743,20265784,18614832,17043588,15537588,14082367,13430985,11369932,10112314,9548888,7798823,7286378,6788185,6302419,5826867,5361047,5403019,4458718,4726103,4767624,4694792,4760496,4768334,4623409,4810872,4646547,4613120,4991738,5582352,8031861,9398347,11032241,11022377,10663827,4489042,6374883,11235982,8056543,5080313,3402171,3567357,3166497,2466743,1615671,855960,354064,328104,344688,203471,186134,146373,117846,158073,143188,179689,165912,129039,86288,353647,206093,150106,138925,135451,159241,144915,143688,141150,140069,147010,156327,154327,149046,144973,141150,142232,137945,133720,134354,126309,119294,121664,117424,111387,111590,107141,108369,104845,101088,105184,101257,103975,104340,105994,101086,97402,96857,91919,92065,87228,87326,82588,82624,77998,81013,77818,77901,73413,73453,68914,68769,68816,64459,65576,62760,62352,58847,58880,58994,54931,54953,56154,52060,52034,48234,48184,47897,44312,44295,44271,40701,40655,40616,40576,37309,39069,38667,35426,35358
rwa,Rwanda,872431,872431,872431,872431,869265,869265,869265,869265,868933,868933,865607,865607,865607,865607,865264,865264,861776,861776,861776,864601,870331,875246,886830,901432,916260,931342,946668,957956,973716,989746,1006038,1022594,1039429,1051565,1068870,1086464,1104346,1122519,1140998,1154037,1173030,1192337,1211964,1231910,1252188,1266178,1287012,1308203,1329730,1347370,1361051,1363008,1368335,1369503,1370683,1371861,1365152,1366315,1367487,1368669,1369841,1371017,1363903,1365073,1366249,1367880,1369055,1369556,1360213,1360861,1349992,1313309,1301498,1307828,1308983,1319565,1332302,1342157,1322753,1324935,1344358,1368480,1406147,1411271,1416090,1413049,1409766,1425449,1479791,1481056,1479757,1470672,1464206,1455228,1444701,1423538,1397647,1380767,1373895,1362683,1357314,1352628,1341156,1328350,1318795,1308988,1300892,1290143,1271575,1262182,1253938,1246766,1240675,1236382,1224416,1216643,1210333,1202535,1197566,1193713,1187831,1198801,1215955,1241957,1261520,1280381,1291224,1310492,1329434,1339855,1359430,1378892,1389089,1407770,1416602,1436368,1456412,1465628,1486073,1508029,1518838,1543641,1570029,1598228,1627114,1655895,1685662,1715967,1746817,1782744,1807161,1856297,1923169,1990735,2040875,2106569,2132301,2205929,2284105,2332049,2405133,2522188,2501119,2694898,2871934,2928419,3014740,3065429,3167989,3188424,3257250,3388238,3522798,3638741,3779238,3953147,3902082,4014834,4052001,4080798,4156576,4320893,4495647,4601837,4854606,5021075,5169964,5378457,5537138,5754889,6021696,6200022,6271322,6692348,6147742,4744129,5657868,6542005,6730935,6776628,6706706,6613847,6474938,6637703,6719606,6715809,6807504,6907506,6990095,7108584,7196596,7226259,7228873,7236727,7305787,7299404,7450624,7683440,7308573,6924014,7492098,6836942,6405342,5867820,5355946,5057515,4541368,4088140,3633751,3452418,3534647,3342744,3419716,3247643,3073530,2902938,2971793,2794730,2622109,2476526,2327437,2370508,2228774,2109630,1978518,1841031,1865511,1758026,1655254,1522013,1431238,1473768,1349169,1246195,1115734,1000908,867945,775211,795627,757398,681590,648774,615546,570641,508539,508848,467767,466285,423337,421377,400662,398634,383548,394997,328371,284945,239499,216162,158558,122578,102239,113687,98052,76948,88866,81914,85139,100753,172149,200025,208494,228559,252170,236964,224221,251738,229753,184640,138355,130662,100708
sau,Saudi Arabia,1906575,1910813,1915070,1919338,1923614,1927899,1932196,1936499,1940805,1945131,1943614,1947936,1952279,1956621,1960980,1965348,1969722,1974113,1978508,1982926,1987347,1991781,1996230,2000698,2005168,2009643,2014141,2018647,2023158,2027680,2032208,2036764,2041308,2045871,2050449,2055032,2059628,2064229,2068848,2073475,2078108,2082756,2087408,2092070,2096754,2101440,2099399,2104097,2108802,2113514,2118233,2105181,2092037,2078837,2065570,2052234,2038821,2025342,2011787,1998168,1984478,1970710,1956871,1942965,1928990,1914933,1900815,1886619,1872351,1858006,1843591,1829100,1814407,1793486,1778681,1763806,1748862,1733853,1718755,1703593,1688354,1666761,1651415,1635985,1620482,1604916,1589264,1573544,1557751,1541880,1519608,1503633,1487573,1471442,1455235,1438956,1422602,1406167,1383319,1368039,1353898,1340849,1328866,1317880,1306685,1295282,1277213,1265409,1253401,1241776,1230495,1219544,1208900,1198544,1174289,1156048,1137162,1117633,1109709,1109738,1109104,1096249,1093488,1089890,1085397,1064683,1057298,1048812,1020419,1008713,995880,981933,943981,927055,909073,864641,844139,822801,798394,747784,723231,671950,619711,567258,522580,474736,459038,412638,375222,337576,306954,259657,230724,177148,145713,141179,116727,108498,98958,73922,61348,46877,37803,28517,22904,16424,14484,12835,11991,9140,7214,4535,3188,2269,1691,2256,1760,1367,1683,1448,1369,1462,1619,3337,6112,7712,11215,8781,11779,9820,70549,67141,66607,69598,72023,75058,80205,75964,76386,79884,80287,91312,92639,89318,17233,16614,17103,18078,17121,19584,17530,14215,13676,14558,13621,13886,14221,13141,11035,10276,13228,10593,9712,9471,11827,12019,13210,12261,11512,11106,12067,11264,11929,12267,11360,11613,11203,11455,11705,10731,10947,11182,10231,10046,10900,9901,10077,10250,9286,10163,10335,9637,9803,9702,9861,8806,8940,9072,9205,8175,8283,9187,9324,8179,8295,8403,8511,11043,9408,9547,9701,9843,9980,8414,8520,8626,8737,8845,8209,8309,8409,8512,8476,8577,6996,7067,7140,7213,7284,7359,7432,5982,6033,6084,6133,6185,6234,6282,6333,6351,5029
sdn,Sudan,3878319,3883445,3888579,3893720,3898872,3904024,3909189,3914358,3919533,3924714,3930030,3935823,3942209,3949213,3956826,3965063,3973902,3983380,3993467,4004194,4015557,4027549,4040179,4046020,4059918,4074466,4089668,4105525,4122045,4139227,4157079,4175601,4194204,4212900,4231671,4242247,4261146,4280131,4299204,4318362,4337601,4356920,4376342,4395843,4415429,4435100,4454862,4474714,4485349,4505334,4525410,4534860,4544315,4553764,4563196,4572627,4582053,4591467,4600882,4610289,4609519,4618887,4628243,4637593,4646939,4656269,4665601,4674920,4684232,4693527,4702806,4710846,4707404,4714979,4722545,4730093,4737626,4745140,4752632,4760109,4767561,4775001,4782413,4789809,4782932,4790089,4797229,4804343,4811422,4818497,4825537,4832562,4839558,4846529,4853476,4860404,4867303,4856216,4862841,4869451,4876033,4882578,4889114,4895599,4902065,4908507,4914922,4921307,4927658,4911998,4918052,4923624,4929605,4935562,4916846,4922481,4901379,4906667,4896747,4884459,4902843,4887702,4869907,4887593,4866613,4842725,4859581,4832208,4801700,4817594,4783359,4745883,4705128,4719291,4674609,4626615,4639487,4587502,4532204,4543671,4484300,4421555,4355403,4205178,4129448,4050262,3967661,3881730,3697996,3603757,3526098,3513566,3496217,3473082,3444996,3412825,3137519,3335268,3415511,2981891,3053365,3261623,3081631,3456091,3713859,3668284,3941162,4406863,4190561,4141267,4645681,4595441,5145639,5777168,5318107,4605003,3721366,3255029,3757680,4784971,4967102,5279538,5473346,5696799,6386600,7174231,6814077,6139989,6234284,5970230,6505136,6382384,6115368,6104046,6430833,6183741,6152344,4999778,5087248,5171640,5052489,4855442,4701099,4441486,4526401,4295676,4250014,4070347,4063182,4793612,4650825,4074819,4551006,4373209,4081535,4239389,4258596,4861554,5614421,6477602,7435488,8356564,8993096,16767157,20685837,20467835,18886043,18388968,18878152,18240692,19863921,19176302,18517623,19016608,18299164,17560056,16847899,17258082,16587159,15951748,15236622,15575387,15024600,14344715,13834186,13295125,13615024,13088485,12743312,12271248,11726000,12021415,11386220,10758864,10225980,9642985,8946193,9258641,8708095,8093692,7469115,7093524,6886091,6348253,6595448,6275726,5793847,5416440,4949695,4444735,3906396,3717054,3512420,3378770,3150049,3117383,2968445,2837454,2558163,2544765,2373072,2432067,2235616,2266306,2134697,2196437,2307321,2185950,1830779,1601932,1372183,1237625,1002054,750115,679954,681185,600449,480920,413974,500207,450628
sen,Senegal,994632,994632,994632,994632,994632,994632,994632,994632,994632,994632,994632,994632,994632,994632,994632,994632,994632,994632,994632,994096,993024,990514,988388,985736,983083,980443,976848,974220,971605,968994,966394,962783,960202,957619,955048,952488,948861,946314,943774,941241,938720,935077,932566,930057,927559,925075,921421,918941,916472,915597,916311,917384,921306,926840,932387,937982,942249,947900,953593,959687,966225,971692,979089,986925,994821,1002770,1009148,1017220,1025362,1034180,1043710,1052136,1062943,1074488,1086164,1097959,1107823,1119862,1132025,1143853,1153043,1164160,1174934,1185330,1195829,1203848,1214502,1225252,1236094,1246524,1253688,1263263,1272415,1281115,1289882,1295553,1304418,1313341,1322325,1331375,1336997,1346135,1355344,1364603,1373940,1379497,1388927,1398425,1407981,1417314,1422232,1431079,1439703,1448100,1451989,1455639,1459040,1467541,1470689,1476235,1484197,1494563,1514091,1529700,1545130,1560351,1575336,1598707,1613654,1627960,1641622,1654557,1666772,1689874,1701498,1712635,1723293,1733433,1757530,1768724,1780798,1793758,1807559,1822198,1836271,1849756,1862627,1874855,1886413,1900251,1916369,1939384,1989673,2015011,2040859,2097082,2125046,2153064,2214502,2243889,2308916,2339289,2406842,2476393,2548340,2623458,2701411,2870053,2869533,3135084,3140738,3283346,3335684,3582589,3688851,3691879,3683211,3885118,4086023,4130608,4345802,4486924,4544067,4791845,4909126,5040102,5170826,5294563,5494977,5632658,5867009,6039620,6123950,6147758,6204973,6151859,6350372,6483351,6389430,6305613,6378219,6439646,6570990,6404102,6224326,6109164,6087595,6305569,6414610,6530743,6681962,6866433,6838400,7137313,6425637,5749847,5061460,4022274,3349894,3108728,3301649,3116290,3144830,3286759,3076063,2776716,2571317,2435608,2308568,2170653,2212879,2082587,2137724,1990771,1844951,1698996,1553888,1410748,1418764,1307815,1207566,1109654,1035887,965384,981164,902465,823793,758537,731706,662503,642579,597008,630580,606608,558862,496035,431994,382435,337010,298884,259711,219919,201403,176162,143434,116190,124743,124438,120697,191947,210657,206096,220452,228382,236495,242148,252358,231408,188049,142787,135423,114551,109905,103497,107381,90157,77219,71593,66681,47402,43645,44620,49943,45863,57698,43632,43531,44319,40500,39103,33924
sgp,Singapore,27944,27944,27944,27944,27944,27944,27944,27944,27944,27944,27944,27944,27824,27824,27824,27824,27824,27824,27824,27932,28178,28534,29024,29633,30257,30892,31547,32204,32886,33578,34284,35003,35582,36332,37093,37883,38673,39489,40316,41171,42037,42712,43393,44311,45002,45683,46368,47354,48041,48716,49726,50392,51419,52070,52709,53768,54408,55030,56141,56756,57902,58513,59690,60290,60860,62091,62645,63910,64445,65896,66711,68526,69651,71853,73134,75447,76730,79151,80434,81671,84243,85459,88152,89343,92146,93288,96219,97307,100352,101386,104560,105514,108818,109340,112498,113204,116720,117267,117445,121338,122330,115799,127301,153563,167436,157160,145459,165259,147621,153426,142444,167343,198868,235050,200195,198237,243374,173484,235382,214381,254200,234522,172072,172306,185890,160072,218656,327331,284397,185874,217470,335686,398780,262635,209898,178841,181960,155760,216671,171152,174518,179580,184203,188996,194737,210386,216103,221908,227691,234022,242536,281321,542254,423222,345021,422807,358886,462696,480736,399469,345294,311572,298023,249504,292977,262770,219447,172079,128308,97756,73332,55644,41016,31908,27616,25860,20717,18111,15931,12723,9351,8542,7514,6959,6045,4766,4791,4336,3481,2810,2416,2163,1875,1517,1229,1125,1021,914,1022,893,799,789,707,582,459,409,345,326,380,391,291,235,220,186,166,178,157,103,86,89,105,28,44,44,31,23,13,13,8,4,4,8,8,8,8,8,8,13,13,13,13,13,13,13,18,18,18,18,18,18,18,18,17,23,23,22,22,22,22,21,21,20,20,27,26,26,26,26,26,26,26,26,26,26,26,23,23,21,27,27,27,27,27,27,27,26,25,23,22,22,22,22,21,21,21,21,20,20,20,19,23
slb,Solomon Islands,55371,55371,55371,55371,55371,55371,55371,55371,55371,55371,55371,55371,55371,55371,55371,55371,55371,55371,55371,55493,55739,56093,56587,57096,57718,58335,58971,59605,60260,60903,61569,62235,62791,63473,64157,64855,65553,66266,66976,67575,68302,69040,69792,70545,71312,72081,72857,73493,74295,75100,75907,76743,77594,78451,79318,80015,80902,81797,82696,83611,84536,85469,86412,87166,88130,89099,90081,91082,92087,93099,94130,94933,95975,97026,98098,99177,100274,101371,102208,103340,104474,105623,106787,107963,109149,110346,111560,112479,113708,114960,116228,117505,118791,120110,121428,122391,123740,125099,126469,127867,129267,130695,131699,133157,134610,136097,137586,139100,140635,141889,142368,143060,143472,143590,143179,143298,142856,142972,142463,140588,138072,133704,128833,122250,115971,110598,104893,100025,94837,90707,88116,85917,85161,84689,84190,84276,83747,83204,83289,82889,83335,83266,83347,83573,83772,83947,84088,85075,85194,85379,85635,86491,87449,88488,90712,91913,93082,94302,95633,97015,98097,98847,101152,101802,102473,103140,103689,104283,104846,111642,112262,114894,142875,141338,131010,145608,143846,139265,136281,120027,137280,140625,148691,154506,162890,178045,184331,184113,194480,200295,206677,205901,203809,212367,210570,209190,211905,224910,234233,243723,276384,293220,302708,305149,304491,297496,300676,294481,279534,273991,249124,242192,247012,238126,262460,269739,280811,293910,305984,310820,337261,345454,353965,358810,371516,382782,370557,379354,388272,397219,422325,415177,406941,415785,407004,398059,406971,396538,385348,374629,383006,370544,358650,346329,351982,338647,328066,315286,319337,305128,290679,276264,278610,263970,248127,233802,221458,223683,210299,196944,185980,178398,177911,169907,161089,149748,141987,131664,129185,116603,106495,99328,94061,88346,80464,87643,80516,74625,68624,62714,59986,56063,58570,54476,51092,50650,46259,41945,34132,30720,29895,26063,19876,16925,15205,14430,11792,9686,11604,10129,10189
sle,Sierra Leone,690556,690556,690556,690556,690556,690556,690556,690556,690556,690556,690556,690556,690556,690556,690556,690556,690556,690556,690556,690460,690286,690002,684001,683554,683102,682654,682200,681752,675436,674992,674548,674111,673655,673221,666680,666243,665804,665367,664929,664496,657732,657301,656865,656437,656002,649021,648590,648156,647734,648041,649077,644319,647106,650637,654181,657750,661337,657611,661200,664936,668825,672877,677085,673570,677915,682287,686690,691121,687131,691703,696447,701357,706518,711840,708106,713463,718856,724285,729762,735284,731019,736551,742129,747745,753405,759115,754278,759996,765755,771567,777411,771972,777837,783740,789695,795692,801735,795590,801643,807739,813876,820064,826305,819388,825627,831911,838239,844617,836905,843110,849197,855150,860977,866673,872407,878186,868580,874328,879733,886779,895496,921963,934330,948511,962913,993922,1008997,1024304,1039842,1072122,1087946,1103772,1136386,1152469,1168776,1185314,1219082,1236316,1253790,1289566,1309894,1331584,1371832,1396680,1439045,1465097,1491614,1535910,1563689,1608241,1635341,1637096,1638031,1637608,1636508,1635340,1656448,1655478,1677474,1650409,1675296,1702075,1672995,1670793,1667855,1664154,1621536,1727648,1684415,1594711,1582150,1612469,1687097,1673480,1704696,1736843,1816637,1898714,1887148,1873863,1911875,1977822,2001290,2103090,2120266,2282714,2354657,2328299,2527288,2604852,2793621,2765917,3015500,2982180,3004660,3100681,3117170,3266577,3276174,3288515,3336899,3665749,3679639,3747065,3741098,3745774,3685630,3648526,3647333,3777981,3623773,3435965,3133754,2799139,3125166,3554967,3099847,3060668,3103683,3035623,3230830,3198321,3124633,3041516,3032002,3028433,2865491,2747124,2635171,2521444,2921273,2802247,2681800,2734996,2611543,2488838,2533816,2403625,2295294,2339381,2217186,2088612,2122924,1995815,1868587,1892552,1771426,1643976,1659023,1542332,1443050,1461610,1352624,1239386,1155910,1198688,1108311,1003348,948202,971965,888256,823337,740480,723092,638708,554295,499784,510322,477641,436706,417680,394252,395590,351750,322195,286592,273673,289455,277579,264736,248452,250051,239625,240686,192662,170381,142797,125147,99319,70472,62272,62684,53977,40526,34190,44517,39684,53335,97660,112962,112592
slv,El Salvador,201570,193517,185790,178369,171244,164406,157836,151534,145483,139670,140880,142088,145718,151789,158095,164681,171520,178668,186102,192684,198389,203152,206908,209604,212343,215117,217926,220777,223658,226583,229535,232543,235573,238655,241774,244928,248123,251364,254646,257976,261340,264759,268217,271721,275268,278863,279235,282880,286576,286906,290873,295502,296505,301449,306476,307419,312550,317754,323050,323829,329223,334704,335271,340851,346530,346857,352632,358496,364465,365079,372248,380105,381982,391040,400314,402562,412105,421874,431879,433219,442005,450231,449084,456005,463022,460723,467822,475021,482337,477426,483733,488418,482927,487765,492528,485971,490846,496951,487861,494073,501649,511901,509329,521033,533007,531208,543442,556625,551716,568071,580801,594232,607998,622093,636519,651273,666366,681813,696928,711875,723316,758772,737587,755735,725825,803395,721846,837765,771116,786397,800397,925397,1032120,950374,940981,878198,917430,857540,940692,902735,869440,908799,847112,818433,881035,947287,936293,758451,575073,692490,734461,751949,714069,679950,722574,712520,682293,677070,697968,716939,712932,735671,685278,705860,678193,675135,646389,642645,686351,706861,702874,720384,691574,687267,682576,677103,670812,664368,636822,673590,783919,860664,951965,972630,997872,1037561,1079590,1095081,1119283,1154333,1281345,1449189,1387818,1273138,1200948,1126468,1259728,1296589,1367081,1161421,1078550,1144563,1163990,1136747,961275,974040,797024,605240,812346,793143,735058,640412,578629,487394,472649,348718,382001,306397,276812,201488,331411,347645,332204,310261,297777,295286,283289,268737,256388,255928,269315,256130,244135,232798,231907,220011,210909,200807,192203,185416,180089,182345,175118,169095,163742,155705,150012,149865,141837,132149,122502,116182,108201,107901,102107,97412,91140,85465,84345,79607,75107,69679,66116,65965,62214,60016,55768,55295,52451,49480,49214,46426,43659,41305,43053,41171,38611,40311,39086,36734,36374,34233,32140,31790,29830,27981,27641,25838,25448,24336,22795,22492,21069,20786,19219,18947,17774,17519,16770,15757,15522
smr,San Marino,,,,,,,,,,,,,,,,,,,,,,,,,,,,,,,,,,,,,,,,,,,,,,,,,,,,,,,,,,,,,,,,,,,,,,,,,,,,,,,,,,,,,,,,,,,,,,,,,,,,,,,,,,,,,,,,,,,,,,,,,,,,,,,,,,,,,,,,,,,,,,,,,,,,,,,,,,,,,,,,,,,,,,,,,,,,,,,,,,,,,,3,2,1,1,,,,,1,,,,,,,,,,,,,,,,,,,,,,,,,,,,,,,,,,,,,,,,,,,,,,,,,,,,,,,,,,,,,,,,,,,,,,,,,,,,,,,,,,,,,,,,,,,,,,,,,,,,,,,,,,,,,,,
som,Somalia,803958,804298,804639,804986,805330,805671,806017,806366,806713,807056,807402,807976,808774,809806,811065,812562,814294,816268,818472,820910,823600,829004,834452,845345,856386,867572,878895,880073,891564,903203,915007,926953,939055,951318,963738,976316,989072,1001987,1015069,1028321,1041754,1055355,1069135,1083099,1097239,1111571,1126078,1140787,1155687,1167683,1176730,1182329,1184906,1184434,1183956,1183480,1168644,1168174,1167703,1167230,1166759,1166288,1165815,1165348,1164874,1164407,1163936,1163467,1162994,1162758,1162750,1162976,1164596,1166455,1168305,1170163,1172019,1173878,1175742,1177604,1179467,1181333,1183200,1185068,1172484,1174382,1176284,1178183,1180093,1182462,1185325,1188664,1192491,1196796,1201112,1205448,1209796,1214163,1218541,1222932,1227340,1231761,1236202,1240652,1245115,1249590,1254092,1258593,1263119,1267403,1271444,1275249,1278805,1282106,1270604,1273942,1277292,1280637,1269153,1275103,1283129,1293271,1289340,1303680,1318185,1332847,1330273,1345130,1360143,1374770,1370375,1384070,1397342,1410199,1403352,1416319,1429406,1442607,1434877,1450235,1467811,1487669,1509858,1511462,1536136,1561211,1586697,1612595,1638906,1668075,1700196,1696476,1746259,1765675,1780967,1830572,1846328,1897192,1949169,1962880,2016786,2032124,2043569,2099834,2376000,2560559,2464554,2485994,2601367,2892036,2886430,2965004,2792032,3129732,3261861,3247170,3529079,3579145,3945737,4710811,5223356,5245455,5235882,5508532,5708038,5910217,6197198,6356853,6471089,6232436,6160459,6452325,6170404,5661293,6182281,6388297,6587446,6864706,7110514,7366684,7628981,7900598,8156962,8408121,8674626,8909865,9125319,9383445,9532168,9625785,10079463,11200325,9958244,9520570,9655332,9702726,9927684,10540459,10495856,10413611,11028012,11571523,12537934,11699870,12039981,12374382,12657052,12733839,12779297,13165616,13565366,13585648,13979246,13951378,13913831,14300825,14246738,14627121,14554475,14434925,14819954,14695251,14505529,14838061,14661513,14476276,14816793,14571438,14335742,14649572,14404415,14769911,14513900,14172950,14461336,14195935,13906953,14171762,13853402,13496142,13790555,13382546,13110612,13373993,12990616,12537435,12718483,12242700,11738201,11835710,11366368,10819025,10877064,10383584,9989183,10076159,9571358,9017846,8656178,8932207,8492862,7976302,7678642,7831369,7362977,6956105,6554995,6399168,5908698,5341019,4992269,5080453,4924941,4585246,4449097,4266135,4254806,3973676,3707160,3404953,3310397
srb,Serbia,1682758,1682758,1682758,1682758,1682758,1682758,1682758,1682758,1682758,1682758,1682758,1682758,1682758,1682758,1682758,1682758,1682758,1682758,1682758,1682076,1680718,1678681,1675973,1672586,1669213,1643579,1640262,1636945,1633645,1630347,1604233,1600993,1597759,1594533,1591321,1564743,1561583,1558434,1555287,1552145,1549015,1522053,1518971,1515910,1512850,1509796,1482410,1479417,1476433,1473447,1470465,1465331,1460198,1455091,1449990,1444909,1439838,1434779,1405562,1400620,1395694,1390783,1385882,1381001,1376132,1371276,1366438,1361609,1356792,1351989,1347202,1342434,1314331,1309998,1281281,1276974,1247630,1243341,1213385,1212710,1184715,1188175,1169779,1153231,1166118,1145877,1158609,1142439,1154996,1134172,1148978,1162511,1170670,1148581,1162095,1176432,1199198,1213886,1228754,1244102,1259954,1239530,1257138,1230143,1251472,1209935,1226845,1206473,1221621,1201335,1223572,1242121,1263400,1284165,1306593,1387218,1399072,1425388,1454021,1533761,1563066,1596602,1574427,1552060,1517914,1487409,1481532,1546193,1466787,1496314,1573953,1743102,2149366,2193288,2242444,2366965,2155754,2198619,2084348,2040715,2167877,2304098,2433493,2478317,2644917,2799602,2851558,3019850,2431155,2265248,2624207,2532322,3013395,2460060,2600736,2071993,2316005,1283398,1477544,700167,658143,608073,524209,357284,271806,251309,187263,188379,170081,118016,108990,79518,71087,56969,42862,38721,32285,25434,20388,14281,13630,12142,11986,12821,12302,12497,11245,11914,12713,11930,17145,22991,47414,102420,90541,74103,63496,51152,45318,57066,48924,41716,35331,67022,114213,138553,77591,48959,27470,48778,44751,43938,439335,50134,502992,21031,426258,358386,13908,23905,144897,123096,151465,144940,134023,127944,114463,110018,105382,100827,103225,98647,94671,90868,89372,85764,82439,81597,78273,74864,74722,71265,68437,67590,64767,64047,61355,58683,58002,55524,55936,53812,51354,51839,49520,49578,47331,46777,44672,44146,42107,41594,39658,39159,37324,36847,35069,34600,32953,32790,31240,30819,30393,28964,28566,27064,26691,26307,25100,24733,23623,23489,23174,22120,21806,21724,20704,20418,20126,19196,18926,18649,17817,17555,17192,16578,16333,16088,15849,15142,15064
ssd,South Sudan,721888,722842,723804,724758,725714,726674,727639,728596,729557,730522,731514,732591,733783,735088,736503,738035,739687,741446,743326,745324,747441,749663,752018,754488,757084,759796,762628,765589,768668,757594,760861,764252,767657,771079,774515,777965,781428,784919,788411,791930,795459,783558,787048,790553,794074,797606,801171,804738,808327,811928,815545,823073,830657,821371,828903,836478,844115,851801,859537,867322,875164,883055,891005,899001,907054,915155,903856,911899,919993,924340,932518,940492,953467,966600,977064,990477,1004039,1017997,1010449,1024451,1038609,1052906,1067360,1081960,1096731,1111361,1126429,1141665,1157051,1172604,1166729,1182644,1198726,1214974,1231392,1247983,1264749,1281678,1298790,1318679,1336132,1353759,1367250,1363734,1382012,1400491,1419143,1438008,1457045,1476293,1495727,1515233,1535066,1557643,1556798,1555961,1578063,1579238,1572097,1589292,1586454,1600497,1591743,1592500,1593205,1613084,1605369,1603844,1622214,1624857,1630334,1649773,1642462,1647398,1677218,1668873,1668101,1667242,1689327,1683971,1691878,1690561,1683884,1677757,1669031,1659857,1649730,1640195,1637104,1631377,1661660,1669177,1683919,1700158,1713317,1726949,1776224,1787707,1832245,1797868,1841651,1843395,1836728,1872510,2137754,2303202,2186797,2134845,2218236,2470586,2431593,2439845,2253612,2572936,2698908,2631149,2915633,3002911,3142211,3463617,3604837,3686930,3765912,3977010,4137349,4184331,4235858,4571772,4673993,4155180,4154937,4213607,4459175,4484435,3704670,4415720,4489398,4563766,5211750,4123473,4062596,4145498,4228923,4126154,4206635,4272216,4367319,4452246,3865137,4083732,4388804,5756193,7273018,7343751,7576372,7635436,8072745,7898903,7890380,8208435,8672211,8751834,9059195,9449345,10581121,10962279,11097586,11237045,11455274,11588220,11897607,12127182,12265835,12389363,12611909,12726945,12831038,13047758,13127986,13192072,13390273,13435079,13464344,13644078,13649850,13818566,13805133,13778404,13915846,13864763,13799694,13941695,13863951,13790564,13919216,13821819,13699794,13835628,13721546,13836429,13708088,13516512,13619452,13495540,13324888,13425031,13216930,13025281,13107380,12922564,12736288,12792155,12521802,12274814,12387156,12142265,12174991,11908327,11625949,11627886,11289064,11079600,11123699,10754797,10408143,10374193,10005982,9604700,9550101,9172921,9088932,8707221,8301202,8327522,7923182,7563048,7500795,7080949,6776881,6795748,6519262
stp,Sao Tome and Principe,20416,20416,20416,20416,20416,20416,20416,20416,20416,20416,20416,20416,20416,20416,20416,20288,20288,20288,20288,20318,20374,20462,20576,20725,20866,21026,21165,21320,21473,21622,21631,21794,21943,22100,22260,22413,22567,22735,22896,23059,23219,23386,23551,23722,23891,23890,24054,24229,24405,24575,24748,24934,25110,25294,25485,25670,25861,26046,26240,26431,26425,26618,26814,27013,27212,27408,27606,27814,28016,28224,28425,28634,28819,29000,29188,29141,29331,29511,29702,29886,30071,30263,30453,30654,30844,31048,31238,31433,31634,31834,31725,31924,32118,32327,32526,32726,32938,33138,33351,33775,34434,35332,36488,37905,39368,40439,42005,43622,45310,46630,47558,48086,48213,47916,47621,47331,47038,46750,46449,46263,45581,45618,45764,45378,45625,45881,45441,45686,45938,45398,45544,45638,44910,44903,44908,44076,44069,44064,43200,43155,43074,42076,41925,40838,40661,40482,39361,39182,38032,37926,37871,38320,38736,39086,37258,41752,39945,40236,37144,41991,37709,34304,32055,29768,27488,25226,23008,20878,20003,18017,17270,15425,15665,15911,15117,14331,14596,9160,9312,5749,6463,11062,10610,12539,14908,13523,15766,18113,19214,19284,21447,21832,21748,24371,23751,23127,23564,25118,25194,24620,23842,26130,28072,27256,29762,30348,27595,28798,28476,31230,33126,33796,37907,35146,31104,35505,31035,27896,26836,28391,28333,28935,30492,31698,33162,32843,36348,37187,38079,36362,40080,40945,38969,37137,35266,33263,34186,32277,30525,28700,27189,28150,26561,25160,23927,22425,21337,19880,19805,18264,16651,15650,14908,14105,14060,14167,13128,12257,11357,10391,10066,9497,9978,9358,8859,8857,8172,7501,6196,5660,5554,4921,3842,3344,3070,2969,2499,2117,2509,2244,2281,3476,3730,3642,3657,4243,4147,4081,4191,3949,3385,3229,2458,2290,1835,1732,1611,1718,1494,1276,1079
sur,Suriname,58687,58687,58687,58687,58687,58687,58687,58687,58687,58687,58687,58687,58687,58687,58687,58687,58687,58687,58687,58708,58750,57817,57904,58014,58118,57193,57291,57400,57498,56540,56642,56743,56850,55853,55955,56053,56160,55118,55221,55322,55423,54351,54452,54324,54254,54372,53225,53326,53402,53499,52317,52354,52394,52316,51034,51070,51112,51332,50011,50049,50084,50121,48777,48814,48941,48666,47247,47768,47752,47787,46378,46271,46518,46658,45312,45327,45547,45557,43598,43316,43434,43488,43676,42454,42458,42438,42841,41420,41515,41561,41553,39832,39824,40027,39933,38495,38485,38564,38494,37060,37405,37589,38022,36465,36721,36787,36452,34972,34634,34894,35590,34666,36037,37338,37354,38497,38415,39666,39480,40601,39553,40824,39979,38594,38663,37331,37439,35914,35848,34261,32992,33397,31927,31961,30694,31454,30263,29356,29644,28355,28847,27869,28779,27685,27849,26802,27255,26216,26600,27110,26086,25447,26166,25372,24538,24929,24200,23684,24568,24146,23649,24408,24250,23900,23346,22641,21921,21247,22114,21440,20738,18767,16402,14117,16294,12058,9672,7221,6252,7122,8826,7389,8139,8454,9273,9437,9480,11278,9938,9567,10870,10199,10397,11917,11762,12363,12345,11848,12152,13260,13366,13742,13706,12677,11646,11014,10295,9722,8824,8948,8403,7627,7394,7562,7740,8637,9620,9404,9015,9006,13035,14017,13293,12956,12886,12554,11913,11180,11291,11542,12092,12184,11760,11147,10462,9915,9361,9493,8920,8450,7867,7160,7121,6328,5834,5209,5241,4800,4460,3983,3994,3509,3167,2850,2736,2446,2250,1999,2004,1909,1606,1610,1445,1265,1268,1124,961,976,1078,1083,1015,865,1109,1107,976,987,867,886,774,780,677,686,591,589,503,423,490,419,423,426,360,321,274,278,232,232,240,243,206,207,255
svk,Slovak Republic,1720147,1720147,1720147,1720147,1720147,1720147,1720147,1720147,1720147,1720147,1720147,1720147,1720147,1720147,1720147,1720147,1720147,1720147,1720147,1721431,1723981,1727828,1732962,1718264,1724635,1731038,1715328,1721687,1728069,1734478,1717637,1724003,1730398,1712462,1718805,1725185,1706111,1712431,1718785,1725160,1704860,1711181,1717525,1696045,1702337,1708648,1714984,1692234,1698510,1704809,1680853,1686941,1693055,1699189,1705340,1711522,1717719,1692054,1698185,1704336,1710503,1716704,1722920,1695737,1701876,1708039,1714230,1720438,1726667,1732920,1739201,1710261,1722249,1691536,1698824,1673638,1685521,1659216,1676560,1641077,1653755,1630668,1643447,1614554,1619538,1590588,1615269,1628321,1604174,1619191,1586673,1596374,1556110,1573036,1549934,1574092,1545270,1559749,1518800,1535654,1505315,1513192,1494023,1527158,1501823,1503882,1457769,1422392,1451802,1424109,1432972,1398463,1406498,1374903,1382991,1447649,1456453,1516982,1526412,1606472,1601722,1469031,1579676,1427333,1284781,1037382,1099144,938895,787071,808766,849527,920793,1035524,1178023,1260795,1334498,1142564,910424,915076,926062,935085,891564,899706,912755,925996,880318,888091,893675,902471,810132,668345,681405,648118,712676,631447,561089,497119,480067,423478,402840,358793,314958,320237,349143,329154,309776,267151,246997,211015,212580,196348,182630,170440,158962,148105,138117,140496,131025,132861,134664,125471,132181,125386,123430,119291,,,,,,,,11,24322,48063,72199,94685,95823,89933,89305,84799,79726,73192,70697,15363,8784,1054,522,426,98,37223,31429,29143,27878,52296,45198,34436,34328,31874,13501,16475,18713,44719,24646,23410,22648,21304,20259,19590,18811,18735,18526,18232,17925,17201,17203,16500,15834,15738,15159,15064,14403,14314,14248,14497,14426,14068,13925,13329,14153,13524,13998,13951,13310,13248,12626,12598,12527,11912,11847,11762,11173,11092,10513,10424,10342,9738,9647,9552,9431,8910,9086,8994,8466,8382,8296,8211,7722,7643,7566,6945,6886,6809,6737,6668,6277,6208,6133,6082,5717,5863,5807,5759,5705,5344,5289,5237,5175,5351,5288,4925
svn,Slovenia,302530,302530,302530,302530,302530,302530,302530,302530,302530,302530,302530,302530,302530,302530,301465,301465,301465,301465,301465,303021,304093,298797,300916,303473,306137,301460,304109,307766,301007,303657,306332,310127,304599,307282,309983,304110,306790,310073,301543,307333,309690,312415,305743,308980,312576,306199,308648,313223,313181,302649,306521,309155,312498,315884,310076,312752,315436,321231,320679,328867,329845,321615,324778,328488,331317,334635,337513,340420,330210,331968,334821,339039,329627,322603,331332,323917,308615,306004,302090,310681,294291,284809,283784,275873,261829,263752,261129,260827,246972,235582,235816,221956,219422,218746,216940,204600,202990,198852,198826,186678,184948,181823,166154,151602,150227,142462,142550,130083,126871,115481,107690,107115,106529,105926,113439,112130,112968,110662,108594,108111,107675,107879,99514,96763,88317,82932,67369,74783,59895,50143,64459,76991,97238,97517,88789,105707,75188,71542,61832,55423,59018,65583,63537,67820,65463,72387,75848,73009,44735,25549,46616,40699,60987,48055,25115,17026,16811,13647,9666,8602,6119,3258,1986,975,1037,979,1902,2059,2252,2061,987,597,511,301,146,126,133,71,36,42,16,,,,,,,,,,,,,,306,497,698,867,,885,223,326,403,,1796,2514,1314,864,6,224,130,38,408,431,184,40,8,,1,72,,,53,88,71,69,124,109,118,118,135,144,145,158,132,170,142,150,125,133,140,115,103,110,113,119,125,130,121,124,117,96,98,101,82,83,110,88,90,92,124,127,129,133,98,101,103,134,97,99,97,98,70,72,72,72,50,50,52,52,52,32,32,33,35,35,20,20,20,20,21,21,9,9,10,10,10,10,11,4,4
swe,Sweden,2118000,2128283,2080088,2071273,2119566,2073476,2045038,2074708,2101035,2108503,2080382,2029623,2077943,2092806,2088697,2083621,2077546,2133839,2128655,2166231,2164477,2163414,2185916,2210391,2211671,2211791,2236552,2311048,2312391,2336901,2385330,2382530,2429108,2423497,2416624,2463760,2428359,2477098,2497592,2519315,2512883,2566536,2648755,2648099,2615446,2610467,2701150,2697569,2692424,2685457,2676625,2740486,2803884,2795929,2823980,2774710,2802540,2789024,2816993,2755325,2781348,2852902,2923296,2902946,2880583,2856197,2930283,2955453,3123164,3006949,2819964,2788170,2738894,2742895,2641880,2795161,2675239,2700577,2861047,2745806,2825401,2682565,2848618,2626037,2702689,2635874,2640770,2720204,2650554,2656693,2577355,2425407,2511555,2438490,2450765,2252613,2185306,2129161,1952118,1872505,1873099,1844435,1935746,1747450,1680131,1743985,1567885,1431002,1500992,1501798,1414477,1388611,1310683,1144573,1051594,978405,811101,974592,1210838,1136266,960891,1114006,870555,784850,677536,612616,563945,510138,484545,417099,356856,409324,435453,402397,319711,255966,223226,232075,189918,181972,206835,222144,223034,200796,202679,188497,139315,129922,120546,119211,100183,86273,84804,75473,67041,55902,51072,49353,49351,43040,42066,39374,43954,42921,43597,41476,41265,40488,38256,32879,30139,30194,29272,28548,27424,26516,26544,27406,26570,25799,25807,25453,26097,25826,23011,19602,15675,8599,12515,13255,13211,11149,9143,22895,26290,28235,26176,22796,18037,11457,2412,8554,248,34547,19010,46788,38606,16070,25212,53104,32080,39063,21799,31024,54865,64171,37478,25993,36905,36256,45894,31743,65760,42997,43353,42699,40134,40192,39190,38200,39117,39042,38006,37917,37817,36806,36667,36694,35683,35585,35492,34521,34553,34463,34367,33479,33375,33218,33121,32174,32054,31932,31801,30874,30729,30721,30568,29614,29462,29303,29134,29401,28373,28235,28057,27932,27766,26770,26609,26462,26303,26147,25998,25207,25053,24898,24758,24582,24424,24274,23337,23173,23006,22844,22671,22511,22337,22166,21297,21129,20969,20824,20662,20503,20345,20181,20015,19854,19065,18900,18750
swz,Eswatini,85780,85334,84887,84434,83997,83562,83117,82693,82248,81823,81389,80976,80546,80119,79702,79284,78872,78464,78052,77642,77235,76830,76421,76022,75622,75219,74829,74435,74054,73657,73276,72889,72514,72131,71752,71381,70997,70635,70256,69888,69526,69166,68792,68438,68079,67721,67372,67016,66656,66510,66576,66820,67294,67960,68639,69330,70016,70712,71427,72133,72860,73588,74319,75069,75809,76569,77333,78095,78877,79666,80457,81264,82067,82885,83720,84553,85393,86237,87100,87971,88839,89719,90602,91517,92417,93343,94276,95209,96153,97108,98077,99052,100036,101033,102033,103045,104071,105113,106157,107343,108696,110190,111858,113670,115528,117409,119318,121245,123220,125201,127198,129195,131207,133225,135260,137327,139427,141532,143731,146099,148682,151487,154495,157742,161061,164433,167888,171376,174975,178619,182295,186025,189807,193633,197539,201523,205574,209715,213948,218208,222517,226867,231261,235678,240204,244853,249542,254328,259199,264443,270057,276892,283869,290850,297901,305121,312370,319713,327281,334855,342103,349474,356311,364341,372007,379793,389981,398718,409866,419896,426619,438165,447252,459930,468198,467095,475286,492883,509320,528617,546361,563570,583685,604224,622818,646045,667617,687407,718494,746320,762738,796328,827904,852226,849516,818864,774367,746794,721710,676221,666703,671579,666992,657409,650816,645922,642061,627103,628214,623013,596794,600648,551509,528590,535446,531357,505668,506452,518363,508950,527861,530695,528546,517710,521970,514708,501549,489734,478193,464937,468621,454991,441770,444646,430472,415970,400611,385321,369319,354433,355487,342084,327394,314288,301102,287684,273806,273575,260408,248899,235503,224798,224711,213190,203185,191602,180499,168369,167464,156662,146891,136741,134730,125689,117589,110313,108930,101273,94419,88809,87920,82297,77852,74136,74975,69839,65470,66096,62056,57170,56766,53170,48875,48194,43602,42703,37573,34265,33051,30037,27288,27004,24427,24390,21754,21528,19116,18647,16730,14960,14279
syc,Seychelles,10353,10353,10353,10353,10353,10353,10353,10353,10353,10353,10353,10353,10353,10353,10353,10353,10353,10353,10353,10362,10375,10399,10427,10455,10499,10536,10575,10610,10651,10681,10723,10761,10800,10836,10874,10913,10951,10878,10913,10953,10994,11032,11067,11109,11143,11188,11223,11265,11304,11344,11379,11449,11515,11584,11650,11721,11786,11848,11919,11987,12051,12122,12191,12258,12321,12402,12475,12539,12615,12688,12759,12831,12907,12984,13058,13135,13207,13287,13368,13446,13524,13607,13683,13765,13852,13930,14007,14088,14014,14143,14310,14509,14578,14695,14984,15082,15180,15482,15568,15644,15969,16054,16135,16218,16566,16636,16683,17044,17090,17077,17374,17223,17037,17215,17000,16753,16538,16724,16424,16073,16287,15977,15675,15777,15381,15101,15300,14967,14551,14226,14453,14192,14022,14288,13959,13792,14157,13827,13584,13773,13449,13002,12749,12313,12290,11795,11324,10777,10335,9892,9959,9146,8757,8364,8105,8207,8293,8023,8121,7867,7173,8201,7085,5948,5748,7617,7823,7065,5653,6548,5582,4135,3979,3369,3461,3546,2606,2192,1958,1444,1554,1851,1789,1235,1732,1301,2017,1782,1698,2000,995,1045,721,519,829,630,562,561,598,852,2243,1754,2843,2211,1866,1132,714,1134,342,424,1482,1143,1200,1949,1377,1629,1134,1022,882,903,926,779,1077,1097,1014,954,948,906,828,795,842,845,809,811,780,732,734,688,682,643,642,604,589,550,555,517,521,483,481,437,463,446,408,407,377,376,373,338,337,305,305,301,267,267,267,237,274,274,254,254,249,220,263,263,232,253,253,223,223,223,223,195,197,198,198,172,172,173,174,175,151,152,152,154,134,135,135,135,135,132,113
syr,Syria,1171421,1175368,1179326,1183296,1187293,1191296,1195304,1199334,1203373,1207431,1211512,1215598,1219691,1223807,1227930,1232062,1236221,1240383,1244567,1248758,1252969,1257194,1261429,1265685,1264801,1269065,1273340,1277631,1281942,1286267,1285071,1289402,1293743,1298107,1302485,1300951,1305326,1309735,1314148,1318579,1323020,1321117,1325573,1330041,1334528,1339022,1336733,1341242,1345757,1350300,1354854,1352661,1357744,1362841,1367965,1373100,1378255,1375625,1380785,1385972,1391170,1396399,1393282,1398520,1403766,1409035,1414317,1410705,1415995,1421316,1426649,1432004,1426298,1430098,1433904,1427236,1430916,1434616,1426898,1430464,1434034,1425226,1428653,1432083,1422098,1425382,1428661,1417464,1420583,1423712,1411237,1414188,1417138,1403339,1406105,1408873,1393679,1396248,1398823,1384854,1392669,1403254,1395648,1411438,1427399,1420458,1436308,1452328,1443198,1459349,1475958,1493044,1482335,1499800,1487230,1504466,1489679,1473113,1489028,1469629,1485181,1463429,1439824,1454366,1428257,1442287,1413571,1382880,1395649,1362303,1374429,1335540,1295469,1305944,1265465,1277432,1231173,1189295,1197575,1151736,1156759,1108761,1115383,1126535,1132986,1139399,1087755,1095545,1099400,1109562,1059693,1253261,854233,719328,560746,778436,565087,531994,860194,871969,948924,898188,551483,705280,665510,727818,1083108,1030142,1054965,733805,1024189,974282,557028,867084,522943,308359,245294,313860,248646,281977,191858,178426,188022,197526,304826,264973,397221,435499,292838,526449,536048,486881,373397,349025,313918,280969,227799,198812,97381,211987,215525,213767,191611,293167,133676,143657,152521,173152,117675,169477,94220,72420,689113,2921887,3777959,3397916,4707400,2696337,1726160,1384841,3618736,3783165,3937631,3456054,4367730,4524706,4925060,4749805,4938813,4752941,4915337,4727124,4889943,4700933,4491742,4326660,4471719,4300549,4117426,3958701,3801597,3972960,3806875,3641244,3546567,3425993,3517630,3386581,3285801,3137512,3119717,3026372,3075794,2938081,2806016,2626566,2499317,2356124,2160316,2268845,2143362,1986959,1845567,1806690,1776469,1660682,1726084,1678155,1575646,1473387,1327175,1174849,984999,887132,916594,937852,849142,873637,867387,832251,747851,681290,685057,679552,690211,698649,677611,699990,682109,683267,548704,490276,409719,370638,292426,209077,184130,187218,164517,125492,95152
tcd,Chad,1318430,1324289,1330180,1336092,1342027,1347997,1353985,1360003,1366051,1372120,1378251,1384376,1390535,1396710,1402919,1409158,1415425,1421710,1428028,1434384,1440758,1447161,1453598,1460054,1466551,1473065,1479611,1486187,1492798,1499428,1506103,1512791,1519516,1526273,1533058,1539869,1546710,1545725,1552591,1559491,1566424,1573389,1580382,1578923,1585939,1592989,1600077,1607181,1614322,1611231,1616164,1620886,1624509,1627025,1619829,1622346,1624853,1627374,1629896,1632415,1624661,1627173,1629695,1632212,1634730,1637256,1628911,1631428,1633954,1636804,1639983,1643504,1635530,1639378,1643243,1647115,1651000,1642501,1646337,1650189,1654043,1657903,1661778,1652360,1656178,1660016,1663865,1667713,1671575,1657845,1655016,1648896,1639510,1626873,1614333,1587349,1575078,1562899,1550818,1540054,1515809,1507675,1500801,1495169,1489556,1483967,1463199,1457675,1452172,1446687,1441225,1435779,1414679,1409306,1403944,1382363,1360198,1354953,1331524,1330131,1315033,1322621,1315500,1331951,1348614,1344653,1361422,1356336,1373204,1389983,1383084,1399380,1415602,1406617,1422594,1412536,1428527,1444704,1433451,1450808,1469554,1460628,1481774,1474132,1496582,1487960,1510592,1533568,1523782,1548264,1540056,1528513,1554570,1545642,1533507,1523195,1511118,1496685,1483993,1513756,1542749,1573049,1507117,1637863,1718589,1752648,1835821,1871250,1958476,1945408,1932889,1973399,2181729,2342424,2169895,1905655,2009153,2302363,2405877,3008488,3136332,3457841,3628569,3654240,3678983,3415741,3639755,3845168,3811429,3888330,4135562,4188670,4337754,4821709,4804198,5037604,5318446,5474953,5624959,5898693,6210403,6240642,6309276,6159110,5134780,4683341,5054034,5198957,5424007,6000415,5547004,5781037,5647861,5717670,5886922,5939660,6410990,6821579,6823670,6897662,7143672,7646045,7251763,7502506,7962321,8270959,8394346,8640542,8909485,9182938,9453678,9733682,9671257,9965265,9883918,9760187,10020303,9902033,9757686,10006192,9818938,9606625,9854604,9592168,9376608,9615040,9332723,9522257,9193863,8851999,9013304,8603627,8234103,8386916,7929070,7497546,7636066,7248855,6865844,6937749,6511385,6137257,6353171,5924233,5528331,5240357,5368597,4984650,4678541,4670913,4295887,3925531,3499602,3475289,3245422,3069843,2899746,2890203,2821492,2698615,2532028,2330509,2338436,2173419,2124059,1957924,1935815,1973606,1877636,1897367,1764334,1624499,1516014,1358405,1193932,1087024,879491,748382,708833,676540,601917
tgo,Togo,406309,406309,406309,406309,406309,406309,406309,406309,406309,406309,406309,406309,406309,406309,406309,406309,406309,406309,406309,406657,407345,408396,409781,411530,413275,415035,416799,416214,417985,419763,421552,423349,425153,426953,428775,430602,429849,431681,433522,435373,437213,439083,440950,442826,444708,443800,445684,447577,449489,451557,453796,456574,459522,462640,462703,465850,469018,472211,475419,478650,481901,485177,488478,491794,491669,495015,498386,501765,505172,508910,512978,517396,521946,522957,527865,532826,537818,542869,547960,552881,557621,562182,562080,566220,570393,574592,578821,583083,587376,591706,596060,595420,599800,604205,608645,613123,617623,622162,626735,631336,630352,634980,639635,644323,649043,653806,658601,663428,668292,673325,672216,677542,683044,688734,694458,700230,706055,711931,717311,723749,731268,739895,749646,760554,771614,782842,794235,805787,817503,837133,848971,860813,872647,884468,896460,908613,920924,933406,946056,959664,974232,989805,1006416,1024078,1042054,1050214,1068636,1087386,1106461,1125627,1144885,1153094,1173224,1181582,1189580,1210530,1218216,1239735,1247037,1268947,1259237,1246162,1249298,1252409,1192474,1127776,1113745,1130419,1147841,1097149,1205326,1174362,1208064,1349912,1347820,1418857,1491772,1488876,1400702,1392499,1565851,1766039,1892081,2070366,2113473,2153901,2225818,2337179,2349580,2437571,2511349,2654416,2816580,2978254,2836208,2920806,2970898,2905755,3047250,3132503,3310669,3404784,3507413,3527341,3662132,3886316,3995176,4193199,4268114,4331953,4418083,4419120,4494250,4478963,4563729,4585958,4214699,3825100,3234695,2935418,3097463,3140028,3093561,3026148,2959460,2993728,2873808,2793314,2706835,2629433,2689730,2602637,2659256,2560222,2465810,2511373,2405458,2300740,2191072,2225109,2113398,2014319,1906047,1933985,1826971,1731459,1638745,1532925,1568246,1478977,1377667,1292085,1191485,1188412,1084548,978787,901750,841688,872822,802513,764690,722035,674023,613480,616504,570961,553164,506717,489350,453323,442677,456145,427189,365874,321673,278299,247920,205958,162151,153578,144717,125780,102384,87061,94310,82781,100488,153805,171596,169264,189057,205480,192638,181962,203844,186255,150713,114133,107959,84086,80328
tha,Thailand,2718027,2778692,2840714,2904112,2968929,3035195,3102943,3172194,3242995,3315383,3391030,3466718,3544090,3623203,3704070,3786740,3871257,3957671,4045994,4120667,4181293,4202329,4233577,4249746,4265971,4282256,4298619,4315020,4331498,4348034,4364637,4381297,4398030,4414827,4431674,4448602,4465579,4482630,4499746,4516932,4534178,4551488,4540136,4557473,4574871,4592341,4609873,4627478,4645144,4663959,4683929,4706097,4729439,4753987,4778663,4803464,4828390,4853451,4878635,4903950,4929400,4954986,4980694,5006547,4999147,5025089,5051171,5077379,5103726,5132538,5163856,5197699,5196811,5234839,5234260,5272554,5269874,5308434,5347274,5342360,5381442,5374208,5413534,5403894,5443450,5431322,5471079,5456370,5496338,5481280,5526139,5573706,5624019,5677127,5730725,5721882,5775947,5830519,5885613,5945247,6009530,6078562,6152431,6231247,6239480,6319450,6400451,6482478,6565564,6655110,6751295,6854281,6964266,6997736,7200553,7321691,7444864,7570109,7695793,7834709,7987355,8246822,8430411,8629433,8833145,9041675,9255116,9473603,9697243,10031319,10154264,10387704,10624468,10864588,11110128,11361225,11488717,11748446,12014048,12293761,12588112,12897636,13222918,13564520,13914946,14434157,14806953,15189376,15581670,16004573,16459533,16703884,17150130,17408990,18090887,18376883,19109420,19646870,20195829,20283389,20062369,20360395,20656115,20603771,20867359,21120578,20525306,20698831,20398404,20017257,18077680,18580162,18540013,17952878,17862911,18308901,16989612,16204219,14810714,14534761,14247274,14238705,14348240,14387627,14408486,14441051,14248857,14239203,13819533,12813466,12226500,10526280,9647374,7676901,6012035,5109392,4636960,4413083,4205050,5937704,6077804,5116271,3644999,3065823,2296225,2290122,1897829,1271065,946582,821260,646926,330088,389371,262999,251538,145456,160501,124247,139522,133896,90332,69663,24688,15720,11190,9499,52953,62340,72151,72151,84694,93711,93540,93270,81140,63472,62354,53791,52415,51663,49910,55303,49190,42797,40057,37906,35634,27892,26009,27022,30586,28349,36212,37086,28077,28211,28813,26469,28429,26099,22688,23934,21738,39176,40332,39472,52307,47450,57541,52202,52814,47659,48748,43726,44174,39387,39783,40164,35570,35886,30862,31121,26733,30982,26871,27067,27258,23471,23626,21033,18170,18278,15499,15589,15781,16113,16195,16475,13926,13995,17096
tjk,Tajikistan,457659,457659,457659,457659,457659,457659,457659,457659,457659,457659,457659,457659,457659,457659,457659,457659,457659,457659,457659,458500,459635,462175,465586,469853,474163,477911,482296,486726,491187,495029,499572,504152,508785,512709,517418,522168,526960,530976,535856,540767,545730,549845,554887,559987,565122,569327,574544,579828,585147,589437,594845,600172,605550,610976,615243,620763,626328,631938,636282,641975,647727,653534,657939,663835,669783,675783,680242,686335,692482,698689,703190,709494,716063,722694,727481,734224,741031,747905,752767,759755,766814,773936,781115,786114,793413,800795,810538,804930,815427,830982,838712,853137,854377,847825,836043,856486,851808,859805,863047,860613,874154,876857,866652,893394,876134,910255,930002,943941,936125,938675,933916,956375,951532,945179,961938,962994,1008761,1041639,1105091,1121465,1131965,1145216,1151127,1154986,1144188,1118563,1102390,1105205,1098953,1109509,1101337,1111912,1122586,1122959,1098450,1032651,1004738,949553,958131,942764,975537,1008053,1040220,1071989,1081961,1113647,1144833,1064596,934759,851976,768913,831903,790777,779050,767263,716761,634012,651215,603494,652310,598876,547908,564215,654028,531144,513414,500396,484028,439880,452812,406697,417246,428581,381923,421267,463739,508570,523175,572919,625671,682647,768238,782642,823012,840260,939706,963785,1075936,964906,1149990,1212076,1440885,2454304,3116550,4002292,4477361,4959706,5009321,4986618,4932862,4694744,4391804,3996219,3620914,2549923,2277712,2012804,1754663,1377264,1213479,1332894,1225911,1218326,1230245,1202347,1205599,1189993,1144688,1070214,1025516,986845,959395,944279,816361,710386,638486,563104,519019,477273,390940,398729,362962,369381,339512,312612,290428,267504,249285,230447,236354,209018,186626,164975,147100,127242,106826,105246,95587,83454,70453,60209,58721,51181,53907,73382,77453,77077,80615,86051,80365,83011,78345,75714,63925,49241,46634,36948,35325,33303,34752,31716,25079,23490,21924,16070,18014,18128,16920,20848,16224,16173,16468,15184,14699,12940,12235,20837,21382,26943,24572,29623,27014,24795,22378,20083,20363,18162,15756,15704,15775,13785
tkm,Turkmenistan,361616,361616,361280,361280,361280,361280,361280,361280,361280,361280,361280,360923,360923,360923,360923,360923,360923,360923,360923,361593,362538,364545,367228,370597,374002,377429,380895,384387,387485,391037,394629,398252,401904,405593,409310,413075,416866,420190,424048,427938,431861,435825,439833,443867,447934,451474,455616,459796,464017,468279,472579,477210,481894,486628,490740,495544,500413,505316,510271,515288,520337,525441,529825,535024,540276,545567,550927,556318,561788,567291,572852,577587,583104,588666,594284,599955,605692,611471,617311,622081,628004,633990,640025,646116,652268,658485,666045,665000,672946,683916,690424,701073,703632,703485,699001,712639,712029,718638,722514,723046,732883,736375,732178,749942,741370,767243,780879,791210,788620,792154,786945,806746,805752,803739,820462,823213,848560,874722,919385,934003,942536,953449,957938,960485,951185,934033,924838,927844,925041,927060,928710,929972,944358,945566,931125,894220,870139,854223,860692,842764,873762,892438,899243,918177,937129,944408,963610,921003,871937,835118,796244,827659,805658,801723,798390,773419,722535,740497,710334,755493,696598,688535,680292,758285,634132,622997,581648,567497,525582,537816,465204,475002,485046,414067,449188,458430,496545,506820,549004,560495,607199,638765,659985,684607,748737,788876,820329,838096,775719,893989,614434,681845,930077,931218,1255961,1416671,1367318,1618490,1574376,1339496,1301493,1299048,1354227,1375699,1342155,1163734,1052102,964051,829429,802152,699278,586631,480098,449206,386428,388611,362062,326646,323852,306131,292126,273468,253432,233336,219702,233035,220107,225693,210480,201395,218879,206991,195280,197702,183566,170165,156024,148291,152400,143777,134850,126461,121055,126493,116839,105018,89955,91805,81612,73896,64135,57413,49533,46381,46790,41091,34999,28814,33872,30950,27177,29789,34610,46245,50586,49103,52053,55398,54291,57486,56621,57646,59461,60525,55020,48199,45062,42938,34441,32349,31014,25373,26152,24370,24723,23017,24768,21327,21657,18321,16784,15422,15651,15826,14515,11171,10188,10291,11601,11585,11686
tls,Timor-Leste,133869,133869,133869,133665,133665,133665,133665,133665,133665,133665,133665,133665,133665,133665,133665,133665,133448,133448,133448,133798,134511,135582,137026,138841,140673,142534,144424,146335,148274,150231,151960,153974,156006,158075,160163,162284,164427,166607,168820,171049,173310,175606,177931,180283,182670,184755,187194,189674,192183,194729,197305,199697,202127,204582,207068,209584,212125,214703,217307,219523,222187,224882,227610,230374,233170,235998,238865,241756,244688,247661,250660,253698,256306,259489,262701,265958,269248,272580,275948,278964,281612,283883,285776,287277,288786,290307,291843,292799,294339,296016,297807,299741,301787,303975,306184,308406,310636,312894,315164,317420,319678,321324,323565,325803,328051,330326,332612,334904,337213,339409,341462,343398,345200,346869,348547,349603,351296,352994,355115,358073,361891,366584,372181,378690,385327,392068,398930,405923,412310,417675,421293,423132,423166,421382,419598,417822,416054,414297,412546,411003,409672,408563,407655,406959,406871,406173,405470,404775,404609,405341,407527,411088,415779,420386,425341,430622,436651,442545,448757,455315,462614,468943,475905,483119,490585,498283,506194,514327,522652,531157,539799,548532,557246,567002,572281,576494,584059,592643,598627,605908,611319,620090,624204,630083,630221,639551,646439,649551,659650,632294,618156,614333,608848,597548,597297,610145,606715,640088,668480,663786,438576,431202,517669,563501,579632,567972,620860,594404,573841,565409,525244,516503,509167,523020,514469,510556,529959,558951,602817,464641,270472,258601,417709,586296,621261,617417,620455,595387,570340,545082,626606,600528,573283,582247,554809,527617,500952,475021,483403,457875,430784,407115,415276,392454,369628,347734,327665,312970,318798,299652,286188,271856,258371,262603,249024,235753,228237,216757,203221,192308,191845,177004,165516,150508,139034,130997,122244,121435,112144,107792,103644,94698,91694,87491,87145,81440,69795,60954,50462,45970,46063,44055,42786,48510,43883,40779,37327,33188,34314,33151,36026,34262,33195,35702,33233,30357,23401,22734,19382,16410,11733
ton,Tonga,11705,11701,11698,11697,11693,11690,11690,11687,11683,11678,11677,11675,11672,11671,11669,11665,11662,11659,11656,11656,11654,11654,11648,11645,11642,11636,11634,11632,11351,11349,11346,11344,11341,11340,11376,11311,11020,11018,11016,11015,11014,11013,11012,11051,10759,10759,10759,10759,10759,10765,10769,10791,10523,10549,10579,10609,10575,10689,10718,10682,10396,10419,10451,10581,10598,10627,10659,10691,10719,10425,10458,10542,10560,10545,10590,10604,10643,10330,10353,10356,10375,10446,10462,10483,10420,10066,10086,10064,10086,10114,10127,10145,10181,9920,9940,9956,9971,10062,9996,10035,10187,9933,10049,10194,10360,10504,10655,10809,10958,10710,10801,10892,10993,11089,11205,10898,10987,10751,10991,10632,10820,10860,10483,10695,10461,10621,10909,10500,10644,10378,10532,10227,10381,10500,10181,10309,10595,10306,10486,10157,10276,10531,10788,11059,10852,11138,11412,11693,12047,12362,12760,12394,12690,13002,13349,13723,14113,14495,14104,14476,14824,15165,15572,15991,16416,16832,16391,16738,17041,17343,17645,17933,18197,17477,16809,16243,16631,15846,15911,15952,12191,8744,9273,8347,7794,7267,6976,6715,7294,7451,7586,6929,6670,6191,5811,5496,5479,5520,5475,5282,5208,4954,4681,4558,4443,4499,4635,4366,4303,4312,4742,5004,5374,5671,5314,5232,3230,2220,1514,1163,961,664,610,566,523,450,494,531,478,412,594,532,474,373,328,325,267,180,148,119,114,80,65,89,72,83,205,242,247,270,319,323,326,350,323,285,251,184,152,148,139,148,121,103,98,90,60,53,56,58,49,80,58,59,53,58,52,47,41,79,87,120,132,118,121,111,100,89,90,82,69,69,69,60,50,52,38,31,31,33,28
tto,Trinidad and Tobago,14977,15817,16717,17667,18672,19721,20842,22015,23266,24582,26056,27098,28637,30252,31964,33772,35684,37699,39829,41666,43188,43648,44459,44883,45325,44986,45419,45857,46301,45918,46362,46812,47267,46835,47291,47743,47268,47730,48185,48653,48132,48593,49062,49537,48956,49232,49558,50044,49376,49968,50675,50318,51311,52436,53757,53259,54426,55625,57042,56773,58050,59364,60721,60424,61456,62981,62517,64619,66038,67706,67459,69815,71693,74377,74402,76753,79687,81565,80747,83537,86139,86294,88530,90631,94203,92873,95453,97882,100256,98563,100810,103586,101954,104158,106560,108585,107070,110370,113248,117015,115036,118679,119693,122571,120669,122265,124826,123634,127762,130049,134121,131165,132633,135094,133119,130471,126971,126851,128633,124817,120213,115328,108681,103913,98669,92357,89196,88926,84545,80754,78303,76230,72864,71385,68967,66805,67376,63815,60597,57345,55720,57550,56173,58450,60629,62957,61492,63533,65396,64091,67195,62139,63778,66015,72151,58124,43596,37489,35116,32848,24288,22239,20067,20489,18325,18877,16724,14760,13355,11676,10020,10059,8665,8714,7273,7293,4911,3046,1336,984,491,388,274,1338,2806,4498,6903,10464,14638,27884,40140,48158,43865,46482,41956,36981,27419,18189,11871,6911,4079,2479,1293,171,,,,,,,,,,,,,,,,,,,,,,,140,179,191,219,220,236,258,352,274,316,299,289,316,301,265,289,488,469,513,701,645,804,738,759,702,636,652,587,603,538,538,476,412,484,423,430,372,378,287,290,247,250,212,262,271,228,281,233,235,193,194,194,162,140,146,148,150,156,157,140,140,131,104,104,104,83,83,110,110,85,85,151,115,115,115
tun,Tunisia,757866,761268,764684,768118,771563,775032,778515,782008,785520,789049,792619,796172,799744,803335,806949,810570,814211,817860,821536,825816,830712,833379,839492,846247,853055,856813,863693,870639,877643,881311,888408,895550,899089,906320,913605,920956,924377,931818,939307,942555,950144,957783,965488,968584,976373,984221,987112,995051,1003051,1011534,1015052,1024924,1035318,1046224,1051273,1062346,1073539,1078390,1089750,1101231,1112834,1117493,1129254,1141151,1145525,1157592,1169784,1182107,1186208,1198694,1211320,1224086,1227994,1241068,1254288,1257812,1271211,1284756,1298438,1301594,1315466,1329479,1332163,1346370,1360728,1375234,1377440,1392128,1406985,1408527,1423360,1438248,1453195,1453737,1468758,1483926,1499251,1499136,1514636,1532305,1535494,1557476,1581793,1608504,1617239,1644567,1672345,1680562,1708976,1733900,1755251,1751111,1764910,1774922,1784994,1772000,1782076,1792207,1801640,1788865,1802658,1818725,1837116,1857877,1852366,1873309,1894502,1915925,1908965,1933160,1960249,1990325,1992140,2027885,2064267,2101306,2139001,2142133,2180589,2218533,2255932,2292765,2289591,2324619,2360181,2396288,2432943,2470164,2507955,2503381,2545729,2644650,2502530,2552912,2608560,2777163,2777451,2923676,2726657,2874166,2726509,2635211,2730830,2508593,2545137,2516716,2567638,2700474,2547623,2613530,2299764,2206521,1882149,2005995,1903599,1798961,1693283,1738684,1703901,1592349,1555444,1555145,1649566,1627508,1576748,1575683,1634500,1569270,1541049,1494999,1349901,1409073,1431697,1484732,1528767,1570950,1457374,1340696,1254708,1145305,1044065,946637,907582,844682,720274,676680,632408,598052,594235,590732,374306,333133,266695,214809,158840,115386,86574,82869,78381,76638,102914,90139,85055,87207,85943,83808,74322,74787,67598,59841,68514,61007,54808,51773,46891,49403,53989,54185,51954,52060,51744,51675,52882,53326,49628,43814,35590,33745,30892,29484,27834,27758,24503,24854,21016,19590,18185,14714,15613,15014,13823,11776,13576,12437,11922,10873,11280,10256,9015,8333,12459,12413,10914,14960,15793,14328,14468,13203,11875,11981,10729,9569,9644,8386,8331,8286,7271,7316,6385,5786,5074,5096,4377,3804,4525,3896,3907,3892,3903,3299,3290
tur,Turkey,9030878,9044566,9058274,9071993,9085746,9099518,9113310,9127123,9140960,9154804,9169075,9183697,9199071,9215188,9232088,9249731,9268150,9287334,9307292,9328020,9349533,9319414,9334147,9363607,9393154,9422803,9452534,9482370,9512295,9493988,9523951,9554007,9584160,9614410,9644749,9675190,9653820,9684285,9714849,9745505,9776261,9807118,9838069,9869118,9844371,9875442,9906604,9937863,9969227,10000696,10032257,10062055,10031809,10061602,10091480,10121448,10151509,10181661,10211907,10242230,10208055,10238363,10268772,10299269,10329851,10360527,10391301,10353019,10383759,10420604,10463600,10512801,10572351,10638261,10630400,10696895,10763813,10831135,10898888,10888138,10956489,11025263,11094463,11164098,11150194,11220412,11291088,11362198,11433755,11416381,11488538,11561149,11634209,11707737,11686556,11760672,11835253,11910308,11985840,11960496,12036611,12113210,12190296,12267860,12237988,12316130,12394786,12473935,12553567,12484046,12494852,12471484,12413981,12322339,12645821,12888749,13063165,13182938,13260376,13159145,13096225,13024269,13034176,13080762,13006088,12826415,12481702,12945327,12678202,12355239,12379363,12283601,12893836,12568051,12801573,13039416,12200385,12222965,12014374,11741990,12695052,13794991,13617838,14700678,15344035,16452524,15079999,15123299,14393219,15215918,15029694,13950304,13375419,12367604,13851308,13133480,13560222,12807319,12827255,12793976,13182901,13566077,13483782,12434609,12277746,12617632,10961381,10741078,10023633,9787501,9087810,8380823,7713098,7912426,7215817,6517458,5448668,5195766,5314179,5830631,6384189,6309087,6256974,6165183,5761858,5631131,5397569,4722297,4947455,5463094,5393829,5638949,5367733,5139974,5943559,5459520,5278267,4765063,4886437,5569587,5116301,6078838,5647708,6912192,4940788,4782941,3833585,3152636,2582916,2333604,2197436,1843373,1558680,1316847,1082687,1210562,903657,795916,729197,1255875,1202937,951771,511360,375870,343614,321070,284278,263118,243672,232202,233047,215022,222620,209806,211089,194571,195679,180222,181157,166115,166860,152608,153199,139734,140176,126984,127279,115148,118579,118778,107380,107462,96897,96867,94276,84999,84812,76128,75885,75722,70704,70468,70400,62956,62665,65671,58295,58023,57737,51179,50919,50543,50331,44690,42783,42430,39925,39640,39311,39002,34467,36611,36317,35988,32736,32460,32214,31083,30792,26992,26709,26424,26148,25868,22617,22363,22093,23697,23454,23203,20095
tuv,Tuvalu,1832,1832,1832,1832,1832,1832,1832,1832,1832,1832,1832,1832,1832,1832,1832,1832,1832,1832,1832,1832,1838,1846,1852,1861,1869,1879,1887,1869,1876,1884,1889,1903,1916,1927,1934,1941,1919,1927,1941,1952,1959,1969,1977,1986,1968,1977,1985,1992,2000,2008,2027,2035,2006,2011,2025,2043,2052,2060,2069,2080,2054,2059,2066,2073,2092,2113,2125,2129,2096,2102,2122,2133,2145,2154,2171,2188,2206,2179,2193,2208,2223,2238,2253,2268,2291,2260,2271,2283,2300,2313,2328,2340,2357,2329,2345,2358,2377,2395,2414,2431,2451,2418,2433,2450,2471,2485,2508,2530,2545,2509,2527,2547,2562,2579,2603,2572,2593,2613,2573,2591,2607,2567,2596,2619,2581,2603,2559,2583,2605,2553,2567,2590,2552,2579,2604,2556,2583,2600,2547,2574,2524,2541,2567,2510,2541,2568,2515,2542,2553,2502,2525,2621,2613,2693,2752,2694,2731,2767,2705,2743,2669,2702,2730,2650,2650,2646,2528,2522,2507,2412,2421,2434,2439,1417,1153,1211,1271,1253,1223,1182,1479,1862,2608,2285,2146,2394,2021,1452,1088,1299,1186,988,1110,974,929,889,1080,1041,666,785,743,726,722,688,755,967,960,887,806,975,1035,812,887,839,832,763,617,612,547,360,379,318,301,228,174,145,140,115,93,61,94,77,78,62,49,37,27,20,20,11,7,5,3,1,,,,,7,10,10,14,16,16,18,21,19,13,7,7,3,4,3,4,2,1,,,,,,,,,,,,,,,,1,4,6,5,4,4,3,3,2,1,1,1,,,,,,,,
tza,Tanzania,2895966,2896917,2897871,2898814,2899771,2900726,2901678,2902621,2903585,2904529,2905484,2906451,2907397,2908356,2909307,2910262,2911220,2912172,2913137,2925551,2949664,2985703,3033921,3094556,3156395,3219484,3276596,3342081,3408873,3477006,3546496,3617377,3689667,3763409,3838627,3915347,3984244,4063863,4145088,4227928,4312422,4398614,4486523,4576192,4667646,4760933,4843972,4940782,5039522,5118248,5176563,5213360,5228965,5222987,5217026,5211066,5191299,5185362,5179438,5173518,5167609,5161707,5155813,5149918,5144036,5138161,5132299,5111935,5106104,5100263,5094435,5088623,5082637,5076649,5070674,5064709,5058742,5037218,5031228,5028259,5028298,5031363,5037464,5046582,5055720,5064871,5074029,5065780,5074878,5073794,5062612,5041392,5010199,4969103,4928340,4887908,4847806,4808050,4750235,4714923,4683626,4656293,4632875,4613319,4593844,4574453,4555143,4535919,4497233,4481727,4469852,4461591,4456942,4455866,4454785,4453706,4452636,4451554,4451123,4442212,4468442,4508352,4562152,4630020,4673625,4743039,4813479,4884969,4928357,5000392,5072466,5144568,5216684,5254694,5327162,5400631,5475110,5511731,5587549,5669016,5756260,5805125,5903485,6008079,6114530,6172016,6281121,6392154,6505151,6575308,6718033,6682445,6846797,7160527,7195076,7379396,7571921,7773700,8068907,8203461,8431152,8763682,8825035,8980042,9024547,9299423,9198781,9344123,9498348,9975782,10159751,10344457,10532896,10913046,11307824,11510988,11706514,12362887,12799732,13230237,13647633,14448898,15191527,15851165,16300892,16975390,17393565,17915754,18298644,18495934,18803850,19398920,19816751,21151129,22827832,24043120,24719101,25664972,26826662,28047578,29350460,29618995,29027755,28375254,27571679,26553499,25757280,25077441,25025708,24996999,24730896,23859970,24139692,24652250,25246167,26320876,27272331,28144584,28892136,29273918,30641972,31107980,31337913,31780076,31722224,31904554,30983238,30497571,28553861,26483510,27235116,26543549,27363287,26515065,25706638,24864880,23936295,24671885,23813997,22868304,21911633,20985659,21418330,20344163,19363169,18318313,17237199,17775195,16796122,15757983,14710443,13915490,13298486,13422214,12761047,12036187,11173249,10391194,9614234,8666673,8633677,7632057,7088983,6723800,6248556,5999788,5711327,5257211,5335232,4837598,4512101,4462656,3966222,4030687,3751956,4033245,3987525,3696153,3137347,2754962,2360627,2128878,1808652,1499604,1255170,1220060,1079413,859057,700416,855429,847010,873643,1577178,1783236,1767195,1918316,1996874,2125326,2116998,2209062,2024077
uga,Uganda,2155906,2137260,2118773,2100461,2082293,2064289,2046436,2028744,2011201,1993808,1976713,1959623,1942677,1925882,1909229,1892721,1876357,1860131,1844038,1835400,1834204,1840494,1854274,1875583,1897130,1902414,1924268,1946374,1968736,1991361,1995999,2018933,2042125,2065587,2089325,2113327,2117269,2141598,2166200,2191086,2216261,2241722,2244810,2270609,2296697,2323079,2349773,2351817,2378834,2402522,2422824,2443618,2460945,2447495,2461217,2475029,2488902,2502839,2516859,2501676,2515665,2529741,2543877,2558091,2572380,2555339,2569602,2583924,2598336,2613334,2595457,2611471,2628605,2646361,2664228,2682213,2664413,2682422,2700556,2718800,2737162,2755636,2735798,2754306,2772913,2791652,2810505,2829489,2807477,2823058,2835314,2844233,2849765,2808957,2811093,2813217,2815342,2817452,2819561,2773583,2767940,2758440,2745099,2727916,2710844,2649970,2633418,2742831,2802235,2750349,2739501,2731999,2764823,2763903,2726068,2687038,2646798,2563477,2516081,2477120,2446295,2423277,2402965,2390162,2382441,2367018,2294003,2509851,2606878,2710515,2920975,2966253,3010482,2942355,3204635,3027546,2942297,2919286,2832428,2807560,2785820,2765486,2954171,3223979,3497534,3561801,3551521,3544067,3455632,3450049,3447366,3712138,3646345,3752276,4041459,4070091,4091702,4113316,4343232,4472677,4497857,4856115,4886128,4680537,4696535,4842089,4866513,4890331,5047281,4922895,5222442,5374906,5512649,5805341,6115723,6615698,6963722,7152529,7879879,9101373,9616543,9901635,9931614,10180344,10651151,11141720,11508867,11744296,11940015,12180270,12955100,13793832,14717499,15294256,15767799,15939435,16460283,17005443,17654513,18405053,19110240,19584253,19975659,20207206,20234477,20256672,19939329,19901221,19899569,20199611,19904540,19126910,19396983,19951507,20371586,21549629,22927021,23927317,24355622,25293191,26403396,27164022,27169964,27687457,27803690,27929968,26337841,26156520,24945312,23676539,25214585,24821574,24380222,23857945,24383735,23897775,23313570,22684288,23085930,22390916,21654839,20895342,21215824,20397981,19609366,18903017,18150825,18366504,17607571,16918138,16235261,15452753,15702002,15016664,14203404,13449274,12695535,11821523,11818706,10900302,10243475,9671441,9068565,8432092,8083460,8120951,7532696,6984953,6420286,6078353,5678260,5357389,5406570,5063895,4880073,4499558,4077461,3599296,3266979,2952485,2906201,2455687,2185324,1987247,1821228,1607110,1397022,1365782,1342385,1269292,1513947,1526168,1439120,1439101,1409728,1458432,1394247,1381319,1248118,1097370,965154
ukr,Ukraine,11056461,11056461,11056461,11056461,11056461,11046821,11046821,11046821,11046821,11046821,11046821,11046821,11046821,11046821,11036553,11036553,11036553,11036553,11036553,11056817,11097505,11158837,11240980,11332887,11436897,11541842,11647763,11754646,11862518,11971370,12081234,12192100,12290984,12403782,12517604,12632482,12748396,12865386,12983441,13102593,13222830,13329160,13451484,13574922,13699490,13825201,13952068,14080108,14209318,14339706,14453964,14588990,14725289,14862846,15001693,15141844,15283295,15426075,15570182,15695602,15842220,15990216,16139596,16290370,16442552,16596148,16751176,16907662,17042472,17201669,17362365,17524552,17691694,17860438,18030795,18202773,18350879,18526112,18703009,18881602,19061894,19243903,19427652,19613159,19800432,19961963,20092245,20345429,20331911,20606323,20873500,21073515,21390438,21479307,21535607,21488727,21860647,21907524,22178768,22334461,22346743,22637428,22783969,22842175,23229729,23198669,23759472,24126927,24422432,24459173,24619926,24591949,25101534,25171456,25215156,25665009,25816583,26427236,27002947,27766815,28100350,28360924,28651214,28867912,29051505,29137167,29066199,29063920,29164636,29344038,29516753,29681935,29838651,30255103,30415352,30248696,29525405,29034261,28708903,28983597,28558041,29540898,29823546,30438126,30729908,31024473,31641279,31944998,30377919,28090896,26528783,24099003,24398403,23175251,22665496,21336295,19130237,16922651,17148147,15001854,15962989,13869428,12552859,12003908,13514960,10927449,9779406,8742833,8217559,7236749,7234254,5920584,5955335,5971925,4874159,4565248,4265169,4261451,3960311,3961772,3680106,3541358,3394308,3149094,3039506,3093272,3113806,2964320,2855133,2665766,3071028,3678805,4519669,2982150,5876842,7408206,8411725,7937657,7513942,12324156,5300089,4247720,3287585,1928942,1537704,662832,397703,278830,85046,157199,61112,44368,71313,23838,27112,131702,127122,55661,118457,66325,22942,20261,48422,23262,21990,22784,104134,102845,74528,56940,63852,50591,41992,37108,41454,37393,31100,35546,33576,35004,40838,67357,78260,82094,90413,100467,94809,99924,94585,86826,76737,57026,53406,41880,39887,37318,38618,34769,26680,24610,22580,15700,15951,17624,16125,20220,15085,14931,15040,13614,13026,11187,10420,18572,18903,23911,21450,25727,23087,20848,18506,18505,16333,14322,12201,11988,11922,10245,8745,8724,6608,5554,5496,5648,4788,4774,4778,3911,3887,3227,3515
ury,Uruguay,37885,37885,37885,37152,37152,37152,37152,37152,37152,37152,37152,36401,36401,36401,36401,36401,36401,36401,35634,35848,36126,36775,37548,37783,38904,40042,41233,41441,42665,43932,45135,45301,46644,48024,48307,49745,51215,52740,52805,54372,56082,57387,57321,59626,61324,63144,63069,65277,66979,69659,70173,73057,73756,75992,78248,82927,83797,85665,90390,92996,97702,97274,100627,103735,105472,110023,111785,112603,112074,119443,121290,125654,87081,81392,125118,159488,146577,159046,155499,188125,175153,200813,194602,158426,172939,134337,134289,217109,134526,184822,241997,250494,258293,238925,206267,228236,230344,256226,324624,317883,352518,332733,287293,292278,297348,386025,327945,298466,260085,265351,260045,266075,201919,229429,401900,438008,468958,414891,424818,305390,494086,504463,461411,424069,409771,422640,364725,304310,306178,316146,235559,360742,433097,519925,404776,386970,393356,379530,352719,358192,401167,365530,430595,463266,384408,370931,310784,338573,321421,246767,225199,182977,200250,165135,156831,158324,161714,164456,191477,209588,198359,201472,220486,223644,226540,229494,215618,252351,254676,222164,208537,210651,227510,213482,199626,173170,162018,163143,139795,119216,101031,106137,148022,204094,209848,203914,161086,131670,127218,124373,126552,116112,93044,94607,69297,73661,62957,53719,41146,44647,55068,57217,75830,74312,62502,54935,41868,32244,20367,20327,14688,12211,13378,12643,9252,9474,6931,5479,4989,6099,11124,6869,9964,9786,6700,6272,5630,5681,5228,4756,5737,5274,4776,5089,4555,4257,4270,3945,3677,3654,3412,3147,3654,3527,3224,3768,3791,3834,3554,3285,3328,3068,3095,2846,2856,2622,2636,2382,2372,2317,2319,2103,2109,1911,1803,1645,1645,1489,1497,1467,1471,1332,1328,1453,1298,1293,1157,1156,1154,1042,981,1069,956,949,853,932,925,868,864,828,746,736,726,716,641,630,687,611,606,597,757
usa,USA,2448175,2555781,2465814,2653633,2703961,2608773,2569913,2635273,2792552,2812365,2785480,2786950,2947639,2977054,3045030,3144360,3362411,3478455,3585371,3699317,3792536,3953891,3926112,4056025,3959828,4199980,4182079,4301964,4425287,4560222,4458244,4047811,3636916,3415223,4057704,3790847,3647403,4141606,4291867,3909919,4802482,5074610,5511764,5224637,4673733,4660126,4488475,4448786,4497027,4978902,4827859,4570371,4164654,3915952,4035963,4025220,4287132,4561920,4417305,4396626,4315622,4638477,4459517,3594418,3099682,4319987,4551149,3912279,3734047,3065753,3912388,3255233,3149714,2986831,3312557,3158321,3226822,3249072,3191412,3149670,2441114,2432596,2409897,2468133,2459428,2840809,2871966,2863550,2858866,2863692,2889272,2984991,2768029,3088215,3179535,3183987,3074307,3037561,3078427,2020025,2038578,1195715,1237004,1226878,1357202,1194939,989392,1020736,1430807,1184834,1092265,1241844,1178060,1142181,1562413,1563187,1296372,1448192,1464492,1493695,1358079,1463571,1502541,1878162,1911254,1938372,1959678,2106762,2078940,2003199,1986460,1880391,2948023,3696854,2691107,2130573,2227145,2106620,2277967,2234549,2107861,1530323,1275260,1083313,975687,1077386,1365306,1452549,1412999,1578099,1421042,1284849,1241560,1267851,1294405,1245810,1274822,1304497,1410267,1322987,1306687,1339547,1318846,1321634,1255126,1240317,1187191,1171912,1176447,1158923,1209420,1206375,1162644,1145789,1158961,1203609,1156031,1140865,1100058,1114169,1128857,1157331,1540166,1425565,1264192,1309997,1344749,1194464,1012226,1005844,1079977,1215282,1353435,1426091,1587538,1539450,1596540,1091013,1352990,1047733,1172223,1656020,1517581,1940397,1382655,1911904,1352774,1320279,1544630,1944016,1664736,1545762,1573670,1577471,2292090,2020114,1860881,2268191,1725071,2210931,1028073,953946,2506425,2156565,2152187,2141400,2019864,2019244,1984061,1949317,1947813,1946070,1944107,1942034,1906730,1904034,1901180,1900432,1897176,1893604,1857560,1853416,1849053,1844431,1839431,1834113,1828481,1791695,1785607,1779321,1772893,1766305,1759555,1752654,1745597,1708939,1701741,1694650,1687708,1680771,1673767,1666783,1659905,1653030,1617890,1611092,1604379,1597769,1591134,1584459,1577698,1570853,1563897,1556843,1549545,1542278,1508791,1501353,1492152,1484411,1476486,1468617,1460726,1452625,1444442,1436091,1427685,1419337,1411035,1402727,1394298,1385838,1353774,1345396,1336977,1328489,1319847,1311098,1302224,1293233,1284122
uzb,Uzbekistan,1908589,1908589,1908589,1908589,1908589,1908589,1908589,1908589,1908589,1908589,1908589,1908589,1908589,1908589,1908589,1908589,1908589,1908589,1908589,1912091,1919120,1929737,1943933,1961781,1979779,1997947,2016282,2034791,2053459,2072303,2091327,2110514,2129888,2149425,2169157,2189058,2209148,2228756,2249203,2269850,2290679,2311699,2332906,2354310,2375161,2396957,2418962,2441155,2463560,2486167,2508986,2530336,2552748,2575347,2598142,2621154,2643400,2666814,2690424,2714244,2738272,2762511,2785895,2810558,2835446,2860544,2885877,2910232,2935997,2961984,2988207,3014657,3040185,3067265,3094587,3122147,3148525,3176579,3204872,3233425,3260687,3289738,3319049,3348612,3376784,3406878,3438928,3459862,3492939,3529958,3561406,3597980,3625159,3646793,3667774,3706726,3730166,3763493,3793427,3819163,3857566,3887788,3908030,3957644,3972854,4028763,4073317,4113623,4137833,4170102,4191284,4245055,4266730,4298850,4343533,4376264,4415499,4483058,4545427,4604817,4651702,4696617,4735935,4772362,4807326,4840435,4871361,4905677,4932290,4971067,5001886,5048458,5095458,5134419,5153716,5141774,5144613,5138835,5187572,5216242,5286439,5356135,5425393,5494245,5546103,5615168,5668074,5647532,5579618,5565111,5516858,5648130,5694188,5788625,5887600,5873830,5842797,6017593,5968148,6249411,6197714,6335164,6588871,6961017,6749716,6877090,6993957,7103365,7044194,7286579,7195208,7416156,7636802,7506808,7916788,8350025,8797908,9264215,9739279,10009203,10499433,10896835,11136846,11400088,12094932,12447394,13038729,13639594,13637499,13977792,14361716,14917323,16239362,16918828,17724530,18259759,18623224,18730745,18864347,20968966,23078009,23282887,23494756,23864568,23972666,24069749,24157554,24185610,24223359,24261421,24287530,24305811,24344205,2682565,2469014,2232825,2081919,2014541,1898341,1749800,1789088,1635229,1630121,1543137,1050056,1004069,925651,893108,814388,788900,798317,771706,752988,742911,725861,738794,726766,704445,683761,668356,644375,611303,613705,573005,550585,518901,498955,478639,457918,462703,434715,415440,396507,370213,375804,360311,342785,335459,312290,316548,300075,283927,269810,253500,255563,258626,248120,231430,250729,245093,229131,230764,215824,200775,186357,187476,173515,159377,160196,151827,139273,139919,127963,113983,114396,104172,94693,98951,89600,93883,84315,75547,75704,67862,66016,61693,61706,57690,57685,52246,51240
vct,St. Vincent and the Grenadines,23780,23780,23780,23780,23780,23780,23780,23780,23780,23780,23780,23780,23780,23780,23780,23780,23780,23780,23780,23803,23849,23923,24017,24041,24165,24286,24413,24423,24499,24625,24747,24767,24884,25013,25135,25141,25270,25467,25597,25591,25727,25854,25982,26115,26109,26238,26375,26510,26499,26644,26792,26916,26893,27038,27181,27324,27229,27369,27523,27700,27724,27958,28225,28527,28641,28876,29177,29491,29597,29910,30194,30450,30477,30814,31047,31383,31445,31791,32139,32470,32649,32429,32378,32306,32224,31682,31612,31545,31434,31109,31234,31460,31744,31783,32169,32560,33004,32965,33332,33589,33654,32854,32545,31859,31372,30398,29762,29309,28861,28032,27642,27520,27493,27060,27142,27206,26759,26679,26602,26185,26343,26433,26061,26182,26197,26324,25848,25883,26124,25755,26217,26737,27346,27380,28102,28852,28866,29627,30420,31103,30865,31344,31692,31083,31325,31566,30945,31179,30550,31091,31775,31762,30927,30901,30992,31035,31120,30119,30198,30267,29994,29392,28799,32569,31864,32270,32666,37809,36983,36125,32789,31879,24015,28093,32759,36811,33284,32302,29085,28115,27125,26717,25801,24800,23962,22339,20948,19686,19550,17763,17596,17478,16096,16107,16111,15232,15028,14701,14363,14057,13866,13755,12399,12565,12186,11885,11228,10915,10516,10452,10636,10418,10047,9740,9358,8954,8271,7849,7546,7328,8190,8190,6938,6540,6139,5758,5080,4763,4465,4187,4367,4096,3842,3799,3568,3350,3176,3150,2957,2776,2607,2455,2437,2287,2144,2131,2020,1890,1777,1759,1645,1539,1529,1427,1340,1316,1231,1149,1136,1062,985,973,909,850,833,775,765,713,663,652,606,601,558,551,510,503,469,461,425,420,390,385,357,348,325,318,292,288,269,259,254,237,233,216,212,207,191,189,173,169,167
ven,Venezuela,948247,927552,907319,887510,868140,849193,833102,814925,797137,779736,768232,758448,748412,740179,732036,723972,717868,709970,702158,698879,700172,702107,705982,715856,721970,730277,733530,739696,739102,743986,749843,770905,759582,774167,799179,824991,883156,931081,994904,1044642,1074974,1063125,1040346,1076988,1085922,1094930,1094544,1122299,1131617,1166998,1113372,1146108,1139369,1129536,1130589,1130888,1248813,1212075,1239065,1254486,1231699,1217991,1289371,1340259,1368044,1361999,1390876,1441200,1459117,1432610,1466269,1489491,1514173,1500893,1478820,1569429,1565911,1593617,1586495,1613410,1600069,1624957,1669754,1650643,1627787,1719957,1698488,1698291,1722463,1695160,1664285,1744623,1874447,1901568,1929089,1877104,2034996,2039594,2094033,2253648,2264177,2329885,2393671,2381814,2387224,2412859,2438768,2485695,2532501,2557876,2601450,2643015,2624804,2622983,2525080,2543621,2613035,2607074,2569937,2640940,2686186,2732791,2679449,2648277,2643670,2606012,2564208,2589211,2390165,2375590,2403545,2474979,2627556,2500971,2493042,2242560,2116090,2150007,2015743,1947398,1877346,1986697,2330726,2167112,2112680,1720588,1509666,1617065,1371090,1376588,1333659,1263193,1280224,1300516,1270961,1288160,1207840,1170241,1279373,1288933,1406215,1414826,1413629,1410724,1286384,1277147,1389525,1443174,1430807,1415734,1330348,1378620,1427905,1404538,1378766,1350882,1246194,1213746,1333624,1379073,1598690,1791115,1804498,2376292,2341070,2475004,2284930,2246869,1505706,1129070,1193814,1191733,1286326,1949844,2667841,3245063,3365308,3107337,3245440,3810749,3747446,3482693,5151368,6232256,5135729,4114981,2186322,1946473,1816198,2023019,2189464,2106046,1955866,1982172,2242192,1351996,1430186,1439938,1358267,1307708,1313018,1346917,1283459,1298658,1261645,1231006,1409564,1380560,1347311,1320120,1359150,1324982,1283097,1249554,1205654,1170555,1127445,1145107,1097923,1047385,1003211,962918,922495,882606,890293,850879,796159,741989,687384,638425,600412,597535,551733,518445,468347,430661,403627,394006,366548,341009,316708,293787,295160,271804,248445,231473,212238,213111,198252,183245,170443,169536,157159,146314,134669,136429,126139,119971,119836,110457,100897,93196,92965,85730,79004,78744,73257,66963,67040,61563,61138,55997,51331,50645,46400,42426,79725,73785,73698,68169,69203
vnm,Vietnam,3619569,3709972,3802618,3897575,3994916,4094682,4196942,4301753,4409182,4519292,4634968,4750728,4869364,4990969,5115609,5243363,5374305,5508518,5646077,5754006,5831656,5878350,5893429,5876198,5891701,5874467,5857284,5840171,5823083,5806052,5789081,5772150,5755264,5738435,5721649,5704928,5688240,5671601,5655013,5638484,5622001,5605555,5589159,5572816,5556522,5540270,5524067,5507914,5491807,5510077,5563592,5652729,5778933,5943145,6112019,6285684,6464295,6683078,6872980,7068274,7269118,7475672,7688097,7906545,8131209,8362260,8599873,8844229,9095536,9304830,9470794,9592030,9613885,9638782,9663748,9633961,9658648,9683393,9649367,9673808,9698307,9722871,9683951,9708176,9732470,9688768,9712694,9736672,9687938,9711532,9735181,9758886,9704423,9727716,9751055,9691112,9714026,9736981,9671393,9791909,10015820,10248847,10691961,11255001,11847692,12352004,13001835,13685862,14248547,14815579,15231468,15309942,15400903,15320967,15241448,15162318,15083600,15005289,14928810,14852709,14776994,14879404,14804086,14729149,14654575,14580378,14506552,14433090,14359996,14319592,14311906,14507642,14566679,14658871,14751648,14845006,14938947,15033484,15128597,15293139,15529455,16021015,16413543,16886376,17372827,17873276,18388135,18917820,19462762,20226051,20751134,20909314,21088474,21298525,21529590,21788537,22032547,22648652,23318447,23637045,24325132,24556608,23856604,24512457,25162026,26294513,26915472,30315441,31800015,31607859,32292012,33038637,32811006,33538643,35308034,36629346,35969235,35111599,36661455,36815690,38907270,39491003,39822566,39625942,39449429,40268770,40567655,40960759,41198366,40634038,40781608,40673130,40751052,38603884,37647031,34859325,32456260,29629755,28886483,30262917,31370840,32520551,33488187,29498153,24258349,21689198,19646768,17421568,15359252,9342179,5002538,4180182,3489422,3426767,3390593,2883205,2561963,2445604,2369732,1754947,1519108,1823013,1874159,1752837,1532756,1402362,1120561,952020,807900,684549,630258,630585,579665,532728,517481,476831,438825,440173,405540,373464,342137,342483,313896,286312,280465,255346,257661,234074,212133,214071,193417,174024,156232,157360,140853,125675,127047,113137,100306,88799,89125,78558,78860,69108,60183,61871,53888,47116,47362,40797,40956,35424,30365,30547,26234,26400,22467,22617,19325,15632,13325,11363,8676,7451,7502,6476,6927,6982,6058,6109,5331,5378,4767,4812,4302,4528,4564,4062,3438,3050,3071
vut,Vanuatu,23240,23240,23240,23240,23240,23240,23240,23240,23240,23240,23240,23240,23240,23240,23240,23240,23240,23240,23240,23284,23381,23518,23705,23961,24194,24435,24429,24673,24913,25161,25408,25657,25944,26195,26181,26437,26702,26961,27224,27500,27763,28132,28107,28384,28676,28964,29237,29533,29820,30114,30069,30363,30655,30947,31239,31539,31870,32176,32112,32411,32721,33034,33433,33754,34114,34445,34767,34685,35021,35349,35685,36029,36412,36804,37202,37220,37622,38027,38504,38916,39339,39756,40181,40124,40559,41034,41466,41914,42366,42819,43278,43207,43679,44147,44626,45103,45587,46078,46572,46490,46992,47603,48113,48626,49152,49679,50221,50133,50673,51000,51120,51103,50856,50341,49249,48862,47737,47251,46850,45860,45607,44966,44917,44438,44611,44005,44195,43717,43730,43119,42987,42495,41245,40494,39091,38402,37086,36435,35102,34626,33675,33527,32862,33012,32460,31867,32081,31473,31569,31056,31395,31030,30632,31189,30958,31703,31383,32217,32079,31720,32529,32192,33098,32807,33780,33488,33196,34242,33871,34904,34484,35524,35070,34602,23084,26459,28688,31068,24693,25386,33710,33637,34768,34939,34460,35453,37560,40573,44550,45441,42511,43171,43740,45798,44010,46369,47414,46130,48788,50505,47231,53847,61781,60968,60536,59730,59191,60209,57641,59306,61552,60630,61330,64347,63053,60777,59788,59507,58657,57410,64850,67370,68442,72385,72525,78497,78676,80451,82253,84060,90716,87727,84697,81559,83211,79909,76590,73256,74658,71244,67729,69054,65596,62011,58792,55686,56670,53473,50293,47440,48703,45869,43593,36603,34245,31797,32218,29913,27781,25645,23666,23938,22161,20311,18724,17103,15685,14282,14218,12852,11558,10442,9404,8437,7540,7578,6755,5999,5304,4674,4121,3617,3385,3157,2761,2409,2101,1838,1589,2737,4322,4030,3734,3457,3219,3040,2828,2631,2663,3282,3072
wsm,Samoa,27141,27137,27129,27126,27124,27120,27114,27110,27101,27097,27094,27091,27086,27081,27078,27074,27066,27061,27057,27054,27052,27050,26299,26292,26281,26278,26272,26269,26263,26259,25501,25494,25492,25487,25481,25475,25521,25516,24757,24752,24751,24744,24740,24733,24594,24593,23817,23793,23788,23748,23683,23606,23492,23358,22451,22318,22033,21901,21772,21641,21515,21385,20511,20389,20269,20146,19955,19833,19714,19601,19480,18648,18381,18265,18000,17891,17668,17558,17306,16508,16408,16175,16080,15981,15709,15621,15527,14674,14590,14505,14428,14235,14150,14076,13951,13243,13172,13098,13031,13013,13049,13151,13242,12821,13027,13231,13445,13652,13877,14042,14141,13514,13518,13385,13324,12622,12533,11811,11761,11833,11358,11662,11406,11921,11771,12274,12854,12669,13213,12947,13376,13683,13253,13545,13011,13305,12802,12951,13262,12745,12995,12490,12776,13038,12493,12780,13025,12493,12788,13120,12646,13023,13399,12884,13233,12678,13024,13426,12950,13370,13792,13302,13693,14093,13535,13908,14271,13606,13872,14136,13391,13628,13864,13084,19056,22369,18822,19190,16911,12681,16117,20789,20877,21595,19500,17981,17441,18954,17491,19033,19920,20431,20559,20645,20184,18355,17499,16806,17239,16552,15042,13196,11459,10220,9818,8691,8066,7235,6817,7215,6807,7472,8484,9075,8654,7124,6519,7223,7704,7742,8434,11193,10796,8855,7225,6263,5915,5288,5302,5331,6036,5409,5426,4847,4306,3801,3352,2962,2608,2633,2317,2012,1756,1523,1313,1131,1143,980,838,711,605,515,440,375,382,584,533,762,719,674,634,604,626,591,557,692,656,626,591,606,570,542,509,477,449,462,427,399,372,370,403,376,325,325,324,359,359,358,329,361,307,306,305,308,264,277,253,260,204,185,199
yem,Yemen,2154134,2154134,2154134,2154134,2154134,2154134,2131523,2131523,2131523,2131523,2131523,2131523,2131523,2131523,2131523,2131523,2108034,2108034,2108034,2108808,2110344,2112650,2115734,2119586,2123444,2127315,2106534,2110375,2114217,2118071,2121925,2125795,2129666,2133544,2137429,2141325,2119183,2123045,2126913,2130786,2134977,2138682,2142578,2144838,2148814,2129539,2125082,2133455,2140111,2149006,2149177,2148788,2151415,2154032,2156657,2130416,2133003,2108471,2068515,2090524,2111996,2178789,2180384,2227313,2097581,2060129,1961003,1603860,1718703,1804188,1939176,1957603,1953949,2026121,2037219,2018025,2005391,2008981,2023707,2036129,2023880,2142658,2224927,2242359,2210378,2211587,2209738,2210700,2213302,2214249,2215193,2216144,2217075,2218019,2184820,2185613,2185008,2185815,2187682,2190631,2201145,2197779,2180840,2072360,2044312,2062152,2079412,2095503,2104929,2124184,2142908,2167586,2187206,2214677,2186797,2206558,2226497,2246621,2268338,2290272,2312415,2334775,2357347,2380137,2348959,2371632,2394521,2417641,2440965,2464527,2488309,2512328,2536581,2561060,2517457,2541894,2566579,2591497,2616660,2642076,2667729,2693641,2719788,2677459,2703426,2729641,2754669,2781440,2808465,2842294,2883153,2926098,2973235,3023589,3076923,3133220,3192610,3255215,3319980,3390057,3464065,3542210,3622352,3703732,3790121,3883263,3981628,4085710,4195563,4199370,3710494,3180655,3007652,2699204,2645566,2591085,2154950,1864688,1700743,1756347,1932971,1938701,2086462,2024510,2111840,2342619,2462011,2536720,2587726,2673168,2948259,2945082,2872887,2993412,2976297,2977199,2952038,3000741,2991525,3310716,3416938,3778383,4040151,4454269,4703283,4829525,5087214,5317494,5692795,6148865,6093750,8378439,8767706,9048281,10294034,15657915,17801335,19582884,20356925,21332340,23742559,24664152,25589056,27279674,28421314,30084871,30514963,31316718,31437909,32245859,33031623,33100787,33130429,33845631,33770494,33636042,34330221,34115933,34788504,34500707,34159160,34807392,34398687,33998242,34648606,34197832,33643523,34253659,33601349,32912474,32162335,32668579,31865053,30997913,31474595,30571165,29595179,28585349,28922444,27889605,26843942,25792934,26092484,24968805,23961107,22789073,23044548,21985334,20941784,19943152,20124593,19014689,17980233,17015694,15998975,16042686,15072749,14112784,13174114,12376966,11463336,11738844,10907660,10157358,9344508,8597646,7929417,7976933,7370582,6979627,6393058,5908922,5596950,5077023,5126207,4711256,4402918,4048240,3726455,3461732,3176913
zaf,South Africa,1236555,1241082,1256630,1261225,1265844,1290526,1295243,1268580,1324084,1337970,1304212,1388075,1386832,1321906,1328398,1391656,1390875,1380654,1368860,1425376,1443330,1402666,1439529,1471695,1504575,1527217,1561332,1596220,1631889,1668353,1717879,1779620,1819377,1871387,1913194,1955935,1999632,2056124,2102063,2149020,2197045,2258420,2320840,2384352,2448964,2525263,2591619,2659450,2708717,2751711,2787645,2729785,2748033,2718621,2768802,2757403,2921520,2837914,2967781,2981602,2994474,3064901,3253602,3266040,3104688,3324449,3333469,3268736,3303999,3339641,3333692,3369653,2975777,3194513,3294125,3194750,3070781,3188944,3264377,3132542,2916306,3055863,3194962,3631948,3764398,3957829,3846094,3758779,3606148,3688690,3687641,3685017,3770962,3813320,3899288,3710121,3643220,3846651,3497654,3832750,4453709,4411071,4223402,3666026,3735264,3669249,3530808,3673903,4284801,4297646,4906292,4989695,5073583,5157963,5243724,5330914,5419558,5509652,5597580,5637291,5740399,5792742,5911832,5976985,6041230,6029461,6088552,6146734,6122918,6341558,6641716,6939844,7166232,7077957,6890089,6663872,6517574,6457727,6713056,6650824,6697182,6738296,6802756,6972124,7020452,7202850,7257072,7411826,7341580,7521308,7459013,7514622,7579075,7783344,7705908,7782798,7866160,7955102,8196027,8291245,8565268,8698595,8814717,8773433,8721332,8838605,8962116,8884820,9199020,9314846,9213193,9520898,9835352,9926375,10014136,10333670,10658246,10991116,11337988,11414363,11523022,11818306,12496645,13362451,13727381,14573415,15297228,15908548,16197449,16706001,17137532,17775483,18415671,18801055,19288577,19496401,19871281,20296084,21041157,21633212,21938100,22371141,22274172,22894347,21577512,20612358,16659277,16699798,15755311,15811588,15371541,15308506,15655286,16356565,17087117,17591935,17947185,17897680,17791866,18267158,19780004,19569425,19529571,19750988,20250881,20557390,19740633,19859099,19324159,19432666,19530124,18971245,18398690,18477027,17906606,17327973,16767598,16191551,15620563,15661020,15082782,14515072,13954256,13399897,13423759,12875000,12334237,11812297,11306940,11316514,10809382,10314399,9858524,9395751,9403912,8959351,8533434,8118612,8111908,7713764,7331469,7313458,6944641,6581286,6231812,6214547,5880097,5564308,5545900,5240753,4940681,4920881,4647955,4378157,4364491,4106641,4095979,3849919,3616797,3602660,3385257,3358095,3148305,2946349,2933282,2735989,2722740,2544917,2532747,2365085,2353163,2195160,2183641,2033312,2022595,1882119,1871056,1737816,1728017,1603661,1594438
zmb,Zambia,717771,728725,739850,751145,762618,774254,786073,798076,810254,820580,833294,846009,858926,872040,885352,898872,912589,926522,940664,955023,969608,981798,996775,1011998,1027448,1043132,1059054,1075220,1091632,1108303,1125218,1142394,1156553,1174208,1192131,1210333,1228811,1247568,1266609,1285948,1305576,1325501,1345736,1362172,1382965,1404073,1425510,1447275,1469360,1487468,1501517,1510468,1515233,1515719,1516225,1511870,1512378,1512871,1513367,1513779,1514117,1514372,1514541,1514633,1514718,1514801,1509741,1509825,1509911,1510127,1510461,1510913,1510665,1510541,1510422,1510297,1510167,1510049,1504272,1504713,1505740,1507362,1509572,1512384,1515189,1518002,1520821,1523648,1526469,1528053,1521966,1521021,1518824,1515394,1511972,1508558,1505147,1501744,1498346,1493466,1487102,1472435,1463202,1452551,1441973,1431471,1421048,1410691,1400417,1390770,1381736,1373318,1365496,1351323,1336900,1329777,1315157,1308120,1294169,1292943,1288467,1297106,1301992,1320534,1329912,1348819,1357874,1377148,1385843,1405201,1412940,1432072,1438818,1457701,1463695,1469157,1488381,1493327,1512843,1518485,1540786,1548390,1556646,1565558,1592186,1600689,1608652,1616074,1622966,1654637,1666781,1676449,1671787,1689243,1687408,1757813,1724439,1748794,1864508,1738070,1779306,1849000,1942197,2014619,1979599,1871460,1930348,1885427,1945298,2081368,2102040,2198634,2137738,2281795,2303690,2415781,2487559,2657008,2785531,2970034,3057331,3067142,3257820,3441433,3600704,3728430,3872889,3987986,4047462,4213527,4391395,4541540,5119014,5513982,5540645,5319497,4999722,5060402,5287493,5668272,6026726,6487471,6956466,7350249,7584440,8014067,8466423,8896879,9231523,9530789,9793774,10015214,10148400,10403944,10705292,10979345,11401625,11844879,12274483,12811585,13509715,13871339,14250896,14498875,14851095,15131585,15174966,15347361,15503999,15644605,16041173,16447001,16630722,16742707,16836320,16913281,17296225,17343733,17372578,17380076,17367326,17341754,17683581,17622475,17542217,17438245,17317887,17174325,17461050,17289089,17133134,16925063,16720202,16499827,16293054,16522841,16240782,15960607,15642427,15299781,14998742,14673357,14307744,14494678,14208407,13859256,13485037,13105307,12755172,12447595,12151501,12297314,11903029,11463142,11014109,10563278,10179001,9745584,9768947,9355550,8924362,8527454,8126594,7731845,7365484,7369278,7021954,6667379,6300553,5943695,5597656,5624109,5353361,5043364,4767333,4464503,4174765,4173325,3886532,3628514,3370040
zwe,Zimbabwe,816051,816051,816051,816051,816051,816051,816051,816051,816051,816051,816051,816051,816051,816051,816051,816051,816051,802717,802717,800116,794965,787307,777161,764593,752228,740057,728078,716309,704717,693320,682106,671076,660214,649536,639032,628693,618523,608518,598676,588987,569510,560293,551228,542317,533545,524909,516419,508064,499845,494304,491412,491224,493669,498714,503809,508957,514163,519419,524728,530093,535507,540977,546514,552106,547673,553271,558926,564642,570412,576243,582137,588081,594235,600449,606725,613062,619475,625945,632488,639104,645781,652528,659353,666241,673211,680242,674636,681710,688861,696083,703370,710753,718199,725730,733336,741025,748794,757654,761246,750412,727555,736264,752994,777951,815036,843346,867863,884261,905542,918552,917474,931589,945061,959912,976417,1025485,1073078,1105067,1152114,1197788,1271418,1295959,1281884,1279252,1336948,1365061,1344759,1318389,1305778,1354159,1404076,1411409,1476179,1484871,1492609,1499349,1505043,1509652,1511280,1539434,1570296,1630570,1691555,1753001,1815548,1822334,1823870,1796099,1665374,1650324,1623647,1689343,1744545,1709566,1718012,1694675,1526625,1532316,1583499,1580561,1643802,1657859,1712796,1887587,1823382,1816285,1941905,1935337,2142028,1839511,1474978,1380853,1287034,1328393,1372236,1491292,1615668,1992695,2022190,2144264,1990109,1880861,2014103,2132328,2362584,2358180,2484434,2617037,2577743,2570425,2485721,2493331,2997146,3045394,2706749,2768031,2562485,2579676,2587652,2734581,2887982,2872695,3299182,4131521,4488792,4820014,5111853,5403498,6396325,5978609,5239949,4760607,4528308,4952257,5302348,5738621,6232221,6548027,6728694,7684275,8218645,7988618,8068954,7857320,7913495,7919521,7709244,7814229,7714264,7620670,7755888,7897037,7767178,7636792,7772594,7610605,7429252,7255082,7358180,7152487,6933396,6744655,6835464,6600948,6358272,6131450,6234729,5994850,5732963,5509668,5587435,5336078,5096383,4833132,4566316,4577607,4285838,4068027,3828247,3632845,3634957,3484737,3275818,3062811,2854167,2649972,2664606,2493359,2337671,2192953,2037576,1914179,1771009,1783689,1585114,1437214,1283244,1168939,1014587,889450,879311,802764,710963,616529,550233,520479,463266,451806,532954,526493,501789,494919,474798,452947,444499,399758,384084,334108,266031,235273,197640
